#SampleID,Group,I7_Index_ID,index,I5_Index_ID,index2,Description,Type,Site,replicate,replicate2,Unit,d13C,HIX,BIX,POC,DOC,TDN,TDP,Temp,DO,EC,qpcr
B1,Miss,N/A,N/A,N/A,N/A,N/A,N/A,N/A,N/A,N/A,,N/A,N/A,N/A,N/A,N/A,N/A,N/A,N/A,N/A,N/A,N/A
B10,Miss,N/A,N/A,N/A,N/A,N/A,N/A,N/A,N/A,N/A,,N/A,N/A,N/A,N/A,N/A,N/A,N/A,N/A,N/A,N/A,N/A
B11,Miss,N714,TCATGAGC,S504,AGAGTAGA,N/A,N/A,N/A,N/A,N/A,,N/A,N/A,N/A,N/A,N/A,N/A,N/A,N/A,N/A,N/A,N/A
B12,Miss,N715,CCTGAGAT,S505,GTAAGGAG,N/A,N/A,N/A,N/A,N/A,,N/A,N/A,N/A,N/A,N/A,N/A,N/A,N/A,N/A,N/A,N/A
B13,Miss,N701,TAAGGCGA,S511,TCTCTCCG,N/A,N/A,N/A,N/A,N/A,,N/A,N/A,N/A,N/A,N/A,N/A,N/A,N/A,N/A,N/A,N/A
B16,Miss,N712,TCCTCTAC,S503,TATCCTCT,N/A,N/A,N/A,N/A,N/A,,N/A,N/A,N/A,N/A,N/A,N/A,N/A,N/A,N/A,N/A,N/A
B17,Miss,N703,AGGCAGAA,S513,TCGACTAG,N/A,N/A,N/A,N/A,N/A,,N/A,N/A,N/A,N/A,N/A,N/A,N/A,N/A,N/A,N/A,N/A
B20,Miss,N714,TCATGAGC,S511,TCTCTCCG,N/A,N/A,N/A,N/A,N/A,,N/A,N/A,N/A,N/A,N/A,N/A,N/A,N/A,N/A,N/A,N/A
B3,Miss,N715,CCTGAGAT,S517,GCGTAAGA,N/A,N/A,N/A,N/A,N/A,,N/A,N/A,N/A,N/A,N/A,N/A,N/A,N/A,N/A,N/A,N/A
B4,Miss,N715,CCTGAGAT,S515,TTCTAGCT,N/A,N/A,N/A,N/A,N/A,,N/A,N/A,N/A,N/A,N/A,N/A,N/A,N/A,N/A,N/A,N/A
B5,Miss,N/A,N/A,N/A,N/A,N/A,N/A,N/A,N/A,N/A,,N/A,N/A,N/A,N/A,N/A,N/A,N/A,N/A,N/A,N/A,N/A
B6,Miss,N/A,N/A,N/A,N/A,N/A,N/A,N/A,N/A,N/A,,N/A,N/A,N/A,N/A,N/A,N/A,N/A,N/A,N/A,N/A,N/A
B7,Miss,N/A,N/A,N/A,N/A,N/A,N/A,N/A,N/A,N/A,,N/A,N/A,N/A,N/A,N/A,N/A,N/A,N/A,N/A,N/A,N/A
B8,Miss,N/A,N/A,N/A,N/A,N/A,N/A,N/A,N/A,N/A,,N/A,N/A,N/A,N/A,N/A,N/A,N/A,N/A,N/A,N/A,N/A
B9,Miss,N711,TGCCTCTT,S502,CTCTCTAT,N/A,N/A,N/A,N/A,N/A,,N/A,N/A,N/A,N/A,N/A,N/A,N/A,N/A,N/A,N/A,N/A
T001,Sample,N701,TAAGGCGA,S503,TATCCTCT,leaf_1,leaf,1,1,1,A,-25.295,3.172,0.763,34.75043784,78.21346884,7.95,0.11615,7.8,10.79,2.33,119534.5981
T002,Sample,N701,TAAGGCGA,S504,AGAGTAGA,leaf_1,leaf,1,1,2,A,-25.295,3.172,0.763,34.75043784,78.21346884,7.95,0.11615,7.8,10.79,2.33,77510.14986
T003,Sample,N701,TAAGGCGA,S505,GTAAGGAG,leaf_1,leaf,1,1,3,A,-25.295,3.172,0.763,34.75043784,78.21346884,7.95,0.11615,7.8,10.79,2.33,129953.2339
T004,Sample,N701,TAAGGCGA,S506,ACTGCATA,leaf_1,leaf,1,2,1,A,-25.295,3.172,0.763,34.75043784,78.21346884,7.95,0.11615,7.8,10.79,2.33,47956.18462
T005,Sample,N701,TAAGGCGA,S507,AAGGAGTA,leaf_1,leaf,1,2,2,A,-25.295,3.172,0.763,34.75043784,78.21346884,7.95,0.11615,7.8,10.79,2.33,26249.5594
T006,Sample,N701,TAAGGCGA,S508,CTAAGCCT,leaf_1,leaf,1,2,3,A,-25.295,3.172,0.763,34.75043784,78.21346884,7.95,0.11615,7.8,10.79,2.33,154208.213
T007,Sample,N701,TAAGGCGA,S510,CGTCTAAT,leaf_2,leaf,2,1,1,A,-26.025,4.41,0.671,92.19381952,281.826078,11.3465,0.20615,10.5,11.1,5.43,166363.3938
T008,Sample,N702,CGTACTAG,S502,CTCTCTAT,leaf_2,leaf,2,1,2,A,-26.025,4.41,0.671,92.19381952,281.826078,11.3465,0.20615,10.5,11.1,5.43,138380.9169
T011,Sample,N702,CGTACTAG,S506,ACTGCATA,leaf_2,leaf,2,2,2,A,-26.025,4.41,0.671,92.19381952,281.826078,11.3465,0.20615,10.5,11.1,5.43,182455.3249
T012,Sample,N702,CGTACTAG,S507,AAGGAGTA,leaf_2,leaf,2,2,3,A,-26.025,4.41,0.671,92.19381952,281.826078,11.3465,0.20615,10.5,11.1,5.43,68714.61808
T013,Sample,N702,CGTACTAG,S508,CTAAGCCT,leaf_3,leaf,3,1,1,A,NA,2.893,0.727,52.61356266,155.1982943,10.8815,0.12125,14.1,10.05,6.65,24995.28282
T014,Sample,N702,CGTACTAG,S510,CGTCTAAT,leaf_3,leaf,3,1,2,A,NA,2.893,0.727,52.61356266,155.1982943,10.8815,0.12125,14.1,10.05,6.65,59538.99201
T015,Sample,N703,AGGCAGAA,S502,CTCTCTAT,leaf_3,leaf,3,1,3,A,NA,2.893,0.727,52.61356266,155.1982943,10.8815,0.12125,14.1,10.05,6.65,30234.9371
T016,Sample,N703,AGGCAGAA,S503,TATCCTCT,leaf_3,leaf,3,2,1,A,NA,2.893,0.727,52.61356266,155.1982943,10.8815,0.12125,14.1,10.05,6.65,52458.46804
T017,Sample,N703,AGGCAGAA,S505,GTAAGGAG,leaf_3,leaf,3,2,2,A,NA,2.893,0.727,52.61356266,155.1982943,10.8815,0.12125,14.1,10.05,6.65,32324.78731
T018,Sample,N703,AGGCAGAA,S506,ACTGCATA,leaf_3,leaf,3,2,3,A,NA,2.893,0.727,52.61356266,155.1982943,10.8815,0.12125,14.1,10.05,6.65,96149.12327
T019,Sample,N703,AGGCAGAA,S507,AAGGAGTA,leaf_4,leaf,4,1,1,A,-24.785,2.829,0.8,54.63525529,152.162908,25.4175,0.13755,12.8,9.91,13.73,11847.94612
T020,Sample,N703,AGGCAGAA,S508,CTAAGCCT,leaf_4,leaf,4,1,2,A,-24.785,2.829,0.8,54.63525529,152.162908,25.4175,0.13755,12.8,9.91,13.73,17557.69386
T021,Sample,N703,AGGCAGAA,S510,CGTCTAAT,leaf_4,leaf,4,1,3,A,-24.785,2.829,0.8,54.63525529,152.162908,25.4175,0.13755,12.8,9.91,13.73,15167.10797
T023,Sample,N704,TCCTGAGC,S503,TATCCTCT,leaf_4,leaf,4,2,2,A,-24.785,2.829,0.8,54.63525529,152.162908,25.4175,0.13755,12.8,9.91,13.73,55165.27787
T024,Sample,N704,TCCTGAGC,S504,AGAGTAGA,leaf_4,leaf,4,2,3,A,-24.785,2.829,0.8,54.63525529,152.162908,25.4175,0.13755,12.8,9.91,13.73,23840.28933
T025,Sample,N704,TCCTGAGC,S506,ACTGCATA,tile_l_1,tile_l,1,1,1,A,-25.295,3.172,0.763,34.75043784,78.21346884,7.95,0.11615,7.8,10.79,2.33,1092.775268
T027,Sample,N704,TCCTGAGC,S508,CTAAGCCT,tile_l_1,tile_l,1,1,3,A,-25.295,3.172,0.763,34.75043784,78.21346884,7.95,0.11615,7.8,10.79,2.33,42.27421969
T028,Sample,N704,TCCTGAGC,S510,CGTCTAAT,tile_l_1,tile_l,1,2,1,A,-25.295,3.172,0.763,34.75043784,78.21346884,7.95,0.11615,7.8,10.79,2.33,16.32570157
T029,Sample,N705,GGACTCCT,S502,CTCTCTAT,tile_l_1,tile_l,1,2,2,A,-25.295,3.172,0.763,34.75043784,78.21346884,7.95,0.11615,7.8,10.79,2.33,54.03661566
T030,Sample,N705,GGACTCCT,S503,TATCCTCT,tile_l_1,tile_l,1,2,3,A,-25.295,3.172,0.763,34.75043784,78.21346884,7.95,0.11615,7.8,10.79,2.33,105.8025035
T031,Sample,N705,GGACTCCT,S504,AGAGTAGA,tile_l_2,tile_l,2,1,1,A,-26.025,4.41,0.671,92.19381952,281.826078,11.3465,0.20615,10.5,11.1,5.43,17.52839206
T032,Sample,N705,GGACTCCT,S505,GTAAGGAG,tile_l_2,tile_l,2,1,2,A,-26.025,4.41,0.671,92.19381952,281.826078,11.3465,0.20615,10.5,11.1,5.43,29.53803593
T033,Sample,N705,GGACTCCT,S507,AAGGAGTA,tile_l_2,tile_l,2,1,3,A,-26.025,4.41,0.671,92.19381952,281.826078,11.3465,0.20615,10.5,11.1,5.43,22.4664122
T034,Sample,N705,GGACTCCT,S508,CTAAGCCT,tile_l_2,tile_l,2,2,1,A,-26.025,4.41,0.671,92.19381952,281.826078,11.3465,0.20615,10.5,11.1,5.43,47.38519112
T035,Sample,N705,GGACTCCT,S510,CGTCTAAT,tile_l_2,tile_l,2,2,2,A,-26.025,4.41,0.671,92.19381952,281.826078,11.3465,0.20615,10.5,11.1,5.43,10.83417836
T036,Sample,N706,TAGGCATG,S502,CTCTCTAT,tile_l_2,tile_l,2,2,3,A,-26.025,4.41,0.671,92.19381952,281.826078,11.3465,0.20615,10.5,11.1,5.43,20.71682996
T037,Sample,N706,TAGGCATG,S503,TATCCTCT,tile_l_3,tile_l,3,1,1,A,NA,2.893,0.727,52.61356266,155.1982943,10.8815,0.12125,14.1,10.05,6.65,575.765121
T038,Sample,N706,TAGGCATG,S504,AGAGTAGA,tile_l_3,tile_l,3,1,2,A,NA,2.893,0.727,52.61356266,155.1982943,10.8815,0.12125,14.1,10.05,6.65,234.2805892
T039,Sample,N706,TAGGCATG,S505,GTAAGGAG,tile_l_3,tile_l,3,1,3,A,NA,2.893,0.727,52.61356266,155.1982943,10.8815,0.12125,14.1,10.05,6.65,37.34046986
T040,Sample,N706,TAGGCATG,S506,ACTGCATA,tile_l_3,tile_l,3,2,1,A,NA,2.893,0.727,52.61356266,155.1982943,10.8815,0.12125,14.1,10.05,6.65,885.1667907
T041,Sample,N706,TAGGCATG,S508,CTAAGCCT,tile_l_3,tile_l,3,2,2,A,NA,2.893,0.727,52.61356266,155.1982943,10.8815,0.12125,14.1,10.05,6.65,1961.607437
T042,Sample,N706,TAGGCATG,S510,CGTCTAAT,tile_l_3,tile_l,3,2,3,A,NA,2.893,0.727,52.61356266,155.1982943,10.8815,0.12125,14.1,10.05,6.65,2404.646589
T043,Sample,N707,GTAGAGAG,S502,CTCTCTAT,tile_l_4,tile_l,4,1,1,A,-24.785,2.829,0.8,54.63525529,152.162908,25.4175,0.13755,12.8,9.91,13.73,2.081710816
T044,Sample,N707,GTAGAGAG,S503,TATCCTCT,tile_l_4,tile_l,4,1,2,A,-24.785,2.829,0.8,54.63525529,152.162908,25.4175,0.13755,12.8,9.91,13.73,205.9966632
T045,Sample,N707,GTAGAGAG,S504,AGAGTAGA,tile_l_4,tile_l,4,1,3,A,-24.785,2.829,0.8,54.63525529,152.162908,25.4175,0.13755,12.8,9.91,13.73,675.5072467
T046,Sample,N707,GTAGAGAG,S505,GTAAGGAG,tile_l_4,tile_l,4,2,1,A,-24.785,2.829,0.8,54.63525529,152.162908,25.4175,0.13755,12.8,9.91,13.73,2.289798993
T047,Sample,N707,GTAGAGAG,S506,ACTGCATA,tile_l_4,tile_l,4,2,2,A,-24.785,2.829,0.8,54.63525529,152.162908,25.4175,0.13755,12.8,9.91,13.73,848.011251
T048,Sample,N707,GTAGAGAG,S507,AAGGAGTA,tile_l_4,tile_l,4,2,3,A,-24.785,2.829,0.8,54.63525529,152.162908,25.4175,0.13755,12.8,9.91,13.73,2299.45895
T049,Sample,N707,GTAGAGAG,S510,CGTCTAAT,tile_d_1,tile_d,1,1,1,A,-25.295,3.172,0.763,34.75043784,78.21346884,7.95,0.11615,7.8,10.79,2.33,16.13593294
T050,Sample,N710,CAGCCTCG,S502,CTCTCTAT,tile_d_1,tile_d,1,1,2,A,-25.295,3.172,0.763,34.75043784,78.21346884,7.95,0.11615,7.8,10.79,2.33,7.191186673
T051,Sample,N710,CAGCCTCG,S503,TATCCTCT,tile_d_1,tile_d,1,1,3,A,-25.295,3.172,0.763,34.75043784,78.21346884,7.95,0.11615,7.8,10.79,2.33,1.752879486
T052,Sample,N710,CAGCCTCG,S504,AGAGTAGA,tile_d_1,tile_d,1,2,1,A,-25.295,3.172,0.763,34.75043784,78.21346884,7.95,0.11615,7.8,10.79,2.33,3.615086013
T053,Sample,N710,CAGCCTCG,S505,GTAAGGAG,tile_d_1,tile_d,1,2,2,A,-25.295,3.172,0.763,34.75043784,78.21346884,7.95,0.11615,7.8,10.79,2.33,6.883809951
T054,Sample,N710,CAGCCTCG,S506,ACTGCATA,tile_d_1,tile_d,1,2,3,A,-25.295,3.172,0.763,34.75043784,78.21346884,7.95,0.11615,7.8,10.79,2.33,306.7690026
T055,Sample,N710,CAGCCTCG,S507,AAGGAGTA,tile_d_2,tile_d,2,1,1,A,-26.025,4.41,0.671,92.19381952,281.826078,11.3465,0.20615,10.5,11.1,5.43,14.53662834
T056,Sample,N710,CAGCCTCG,S508,CTAAGCCT,tile_d_2,tile_d,2,1,2,A,-26.025,4.41,0.671,92.19381952,281.826078,11.3465,0.20615,10.5,11.1,5.43,9.002378951
T057,Sample,N711,TGCCTCTT,S503,TATCCTCT,tile_d_2,tile_d,2,1,3,A,-26.025,4.41,0.671,92.19381952,281.826078,11.3465,0.20615,10.5,11.1,5.43,142.9131327
T058,Sample,N711,TGCCTCTT,S504,AGAGTAGA,tile_d_2,tile_d,2,2,1,A,-26.025,4.41,0.671,92.19381952,281.826078,11.3465,0.20615,10.5,11.1,5.43,45.8695952
T059,Sample,N711,TGCCTCTT,S505,GTAAGGAG,tile_d_2,tile_d,2,2,2,A,-26.025,4.41,0.671,92.19381952,281.826078,11.3465,0.20615,10.5,11.1,5.43,17.21733906
T060,Sample,N711,TGCCTCTT,S506,ACTGCATA,tile_d_2,tile_d,2,2,3,A,-26.025,4.41,0.671,92.19381952,281.826078,11.3465,0.20615,10.5,11.1,5.43,16.29690267
T061,Sample,N711,TGCCTCTT,S507,AAGGAGTA,tile_d_3,tile_d,3,1,1,A,NA,2.893,0.727,52.61356266,155.1982943,10.8815,0.12125,14.1,10.05,6.65,36.93438806
T062,Sample,N711,TGCCTCTT,S508,CTAAGCCT,tile_d_3,tile_d,3,1,2,A,NA,2.893,0.727,52.61356266,155.1982943,10.8815,0.12125,14.1,10.05,6.65,94.89320327
T063,Sample,N711,TGCCTCTT,S510,CGTCTAAT,tile_d_3,tile_d,3,1,3,A,NA,2.893,0.727,52.61356266,155.1982943,10.8815,0.12125,14.1,10.05,6.65,23.77073039
T064,Sample,N712,TCCTCTAC,S502,CTCTCTAT,tile_d_3,tile_d,3,2,1,A,NA,2.893,0.727,52.61356266,155.1982943,10.8815,0.12125,14.1,10.05,6.65,73.6279412
T065,Sample,N712,TCCTCTAC,S504,AGAGTAGA,tile_d_3,tile_d,3,2,2,A,NA,2.893,0.727,52.61356266,155.1982943,10.8815,0.12125,14.1,10.05,6.65,119.8119305
T066,Sample,N712,TCCTCTAC,S505,GTAAGGAG,tile_d_3,tile_d,3,2,3,A,NA,2.893,0.727,52.61356266,155.1982943,10.8815,0.12125,14.1,10.05,6.65,199.2800764
T067,Sample,N712,TCCTCTAC,S506,ACTGCATA,tile_d_4,tile_d,4,1,1,A,-24.785,2.829,0.8,54.63525529,152.162908,25.4175,0.13755,12.8,9.91,13.73,4.013965717
T068,Sample,N712,TCCTCTAC,S507,AAGGAGTA,tile_d_4,tile_d,4,1,2,A,-24.785,2.829,0.8,54.63525529,152.162908,25.4175,0.13755,12.8,9.91,13.73,246.9847991
T069,Sample,N712,TCCTCTAC,S508,CTAAGCCT,tile_d_4,tile_d,4,1,3,A,-24.785,2.829,0.8,54.63525529,152.162908,25.4175,0.13755,12.8,9.91,13.73,549.4618924
T070,Sample,N712,TCCTCTAC,S510,CGTCTAAT,tile_d_4,tile_d,4,2,1,A,-24.785,2.829,0.8,54.63525529,152.162908,25.4175,0.13755,12.8,9.91,13.73,5.936404363
T071,Sample,N714,TCATGAGC,S502,CTCTCTAT,tile_d_4,tile_d,4,2,2,A,-24.785,2.829,0.8,54.63525529,152.162908,25.4175,0.13755,12.8,9.91,13.73,20.87833858
T072,Sample,N714,TCATGAGC,S503,TATCCTCT,tile_d_4,tile_d,4,2,3,A,-24.785,2.829,0.8,54.63525529,152.162908,25.4175,0.13755,12.8,9.91,13.73,568.2743289
T073,Sample,N714,TCATGAGC,S505,GTAAGGAG,sediment_5_1,sediment_5,1,1,1,B,NA,NA,NA,NA,NA,NA,NA,7.8,10.79,2.33,0.027734774
T074,Sample,N714,TCATGAGC,S506,ACTGCATA,sediment_5_1,sediment_5,1,1,2,B,NA,NA,NA,NA,NA,NA,NA,7.8,10.79,2.33,0.189325495
T075,Sample,N714,TCATGAGC,S507,AAGGAGTA,sediment_5_1,sediment_5,1,1,3,B,NA,NA,NA,NA,NA,NA,NA,7.8,10.79,2.33,0.309607362
T076,Sample,N714,TCATGAGC,S508,CTAAGCCT,sediment_5_1,sediment_5,1,2,1,B,NA,NA,NA,NA,NA,NA,NA,7.8,10.79,2.33,2.266525219
T077,Sample,N714,TCATGAGC,S510,CGTCTAAT,sediment_5_1,sediment_5,1,2,2,B,NA,NA,NA,NA,NA,NA,NA,7.8,10.79,2.33,5.403269901
T078,Sample,N715,CCTGAGAT,S502,CTCTCTAT,sediment_5_3,sediment_5,3,1,1,B,-25.1,2.8,0.76,67.4389509,192.6538257,14.7225,0.13875,14.1,10.05,6.65,7.013154385
T079,Sample,N715,CCTGAGAT,S503,TATCCTCT,sediment_5_3,sediment_5,3,1,2,B,-25.1,2.8,0.76,67.4389509,192.6538257,14.7225,0.13875,14.1,10.05,6.65,0.032052862
T080,Sample,N715,CCTGAGAT,S504,AGAGTAGA,sediment_5_3,sediment_5,3,1,3,B,-25.1,2.8,0.76,67.4389509,192.6538257,14.7225,0.13875,14.1,10.05,6.65,0.387194903
T081,Sample,N715,CCTGAGAT,S506,ACTGCATA,sediment_5_3,sediment_5,3,2,1,B,-25.1,2.8,0.76,67.4389509,192.6538257,14.7225,0.13875,14.1,10.05,6.65,13.99308464
T082,Sample,N715,CCTGAGAT,S507,AAGGAGTA,sediment_5_3,sediment_5,3,2,2,B,-25.1,2.8,0.76,67.4389509,192.6538257,14.7225,0.13875,14.1,10.05,6.65,7.562602497
T083,Sample,N715,CCTGAGAT,S508,CTAAGCCT,sediment_5_3,sediment_5,3,2,3,B,-25.1,2.8,0.76,67.4389509,192.6538257,14.7225,0.13875,14.1,10.05,6.65,0.047236859
T084,Sample,N715,CCTGAGAT,S510,CGTCTAAT,sediment_5_4,sediment_5,4,1,1,B,-25.515,2.525,0.77,80.75967229,1007.906077,35.0125,0.23125,12.8,9.91,13.73,0.238318857
T085,Sample,N701,TAAGGCGA,S517,GCGTAAGA,sediment_5_4,sediment_5,4,1,2,B,-25.515,2.525,0.77,80.75967229,1007.906077,35.0125,0.23125,12.8,9.91,13.73,0.104106894
T086,Sample,N701,TAAGGCGA,S513,TCGACTAG,sediment_5_4,sediment_5,4,1,3,B,-25.515,2.525,0.77,80.75967229,1007.906077,35.0125,0.23125,12.8,9.91,13.73,4.178095713
T087,Sample,N701,TAAGGCGA,S515,TTCTAGCT,sediment_5_4,sediment_5,4,2,1,B,-25.515,2.525,0.77,80.75967229,1007.906077,35.0125,0.23125,12.8,9.91,13.73,2.225897013
T088,Sample,N707,GTAGAGAG,S511,TCTCTCCG,sediment_5_4,sediment_5,4,2,2,B,-25.515,2.525,0.77,80.75967229,1007.906077,35.0125,0.23125,12.8,9.91,13.73,0.06594646
T089,Sample,N707,GTAGAGAG,S517,GCGTAAGA,sediment_5_4,sediment_5,4,2,3,B,-25.515,2.525,0.77,80.75967229,1007.906077,35.0125,0.23125,12.8,9.91,13.73,0.002976556
T090,Sample,N707,GTAGAGAG,S513,TCGACTAG,sediment_20_1,sediment_20,1,1,1,C,-24.9,3.215,0.78,48.07160836,146.2835414,13.6025,0.1225,7.8,10.79,2.33,0.043936806
T091,Sample,N707,GTAGAGAG,S515,TTCTAGCT,sediment_20_1,sediment_20,1,1,2,C,-24.9,3.215,0.78,48.07160836,146.2835414,13.6025,0.1225,7.8,10.79,2.33,0.016860449
T092,Sample,N702,CGTACTAG,S511,TCTCTCCG,sediment_20_1,sediment_20,1,1,3,C,-24.9,3.215,0.78,48.07160836,146.2835414,13.6025,0.1225,7.8,10.79,2.33,0
T093,Sample,N702,CGTACTAG,S513,TCGACTAG,sediment_20_1,sediment_20,1,2,1,C,-24.9,3.215,0.78,48.07160836,146.2835414,13.6025,0.1225,7.8,10.79,2.33,0
T094,Sample,N702,CGTACTAG,S515,TTCTAGCT,sediment_20_1,sediment_20,1,2,2,C,-24.9,3.215,0.78,48.07160836,146.2835414,13.6025,0.1225,7.8,10.79,2.33,0
T095,Sample,N710,CAGCCTCG,S511,TCTCTCCG,sediment_20_1,sediment_20,1,2,3,C,-24.9,3.215,0.78,48.07160836,146.2835414,13.6025,0.1225,7.8,10.79,2.33,0.088560452
T096,Sample,N710,CAGCCTCG,S517,GCGTAAGA,sediment_20_3,sediment_20,3,1,1,C,-26.405,2.71,0.82,61.03862187,209.265503,12.7425,0.12375,14.1,10.05,6.65,0.051521892
T097,Sample,N710,CAGCCTCG,S513,TCGACTAG,sediment_20_3,sediment_20,3,1,2,C,-26.405,2.71,0.82,61.03862187,209.265503,12.7425,0.12375,14.1,10.05,6.65,0
T098,Sample,N710,CAGCCTCG,S515,TTCTAGCT,sediment_20_3,sediment_20,3,1,3,C,-26.405,2.71,0.82,61.03862187,209.265503,12.7425,0.12375,14.1,10.05,6.65,0.094690093
T099,Sample,N703,AGGCAGAA,S511,TCTCTCCG,sediment_20_3,sediment_20,3,2,1,C,-26.405,2.71,0.82,61.03862187,209.265503,12.7425,0.12375,14.1,10.05,6.65,0
T100,Sample,N703,AGGCAGAA,S517,GCGTAAGA,sediment_20_3,sediment_20,3,2,2,C,-26.405,2.71,0.82,61.03862187,209.265503,12.7425,0.12375,14.1,10.05,6.65,0.025339205
T101,Sample,N703,AGGCAGAA,S515,TTCTAGCT,sediment_20_3,sediment_20,3,2,3,C,-26.405,2.71,0.82,61.03862187,209.265503,12.7425,0.12375,14.1,10.05,6.65,0
T102,Sample,N711,TGCCTCTT,S511,TCTCTCCG,sediment_20_4,sediment_20,4,1,1,C,-25.415,2.55,0.795,79.32942345,3840.019223,33.3925,0.19175,12.8,9.91,13.73,0.114494704
T103,Sample,N711,TGCCTCTT,S517,GCGTAAGA,sediment_20_4,sediment_20,4,1,2,C,-25.415,2.55,0.795,79.32942345,3840.019223,33.3925,0.19175,12.8,9.91,13.73,0.258784401
T104,Sample,N711,TGCCTCTT,S513,TCGACTAG,sediment_20_4,sediment_20,4,1,3,C,-25.415,2.55,0.795,79.32942345,3840.019223,33.3925,0.19175,12.8,9.91,13.73,0.070442592
T105,Sample,N711,TGCCTCTT,S515,TTCTAGCT,sediment_20_4,sediment_20,4,2,1,C,-25.415,2.55,0.795,79.32942345,3840.019223,33.3925,0.19175,12.8,9.91,13.73,1.156322573
T106,Sample,N704,TCCTGAGC,S511,TCTCTCCG,sediment_20_4,sediment_20,4,2,2,C,-25.415,2.55,0.795,79.32942345,3840.019223,33.3925,0.19175,12.8,9.91,13.73,0.009358715
T107,Sample,N704,TCCTGAGC,S517,GCGTAAGA,sediment_20_4,sediment_20,4,2,3,C,-25.415,2.55,0.795,79.32942345,3840.019223,33.3925,0.19175,12.8,9.91,13.73,0.040549764
T108,Sample,N704,TCCTGAGC,S513,TCGACTAG,water_s_1,water_s,1,N/A,N/A,,N/A,N/A,N/A,N/A,N/A,N/A,N/A,N/A,N/A,N/A,N/A
T109,Sample,N712,TCCTCTAC,S511,TCTCTCCG,water_20_1,water_20,1,N/A,N/A,,N/A,N/A,N/A,N/A,N/A,N/A,N/A,N/A,N/A,N/A,N/A
T110,Sample,N712,TCCTCTAC,S517,GCGTAAGA,water_s_2,water_s,2,N/A,N/A,,N/A,N/A,N/A,N/A,N/A,N/A,N/A,N/A,N/A,N/A,N/A
T111,Sample,N712,TCCTCTAC,S513,TCGACTAG,water_s_3,water_s,3,N/A,N/A,,N/A,N/A,N/A,N/A,N/A,N/A,N/A,N/A,N/A,N/A,N/A
T112,Sample,N712,TCCTCTAC,S515,TTCTAGCT,Water_5_3,Water_5,3,N/A,N/A,,N/A,N/A,N/A,N/A,N/A,N/A,N/A,N/A,N/A,N/A,N/A
T113,Sample,N705,GGACTCCT,S511,TCTCTCCG,water_20_3,water_20,3,N/A,N/A,,N/A,N/A,N/A,N/A,N/A,N/A,N/A,N/A,N/A,N/A,N/A
T114,Sample,N705,GGACTCCT,S517,GCGTAAGA,water_s_4,water_s,4,N/A,N/A,,N/A,N/A,N/A,N/A,N/A,N/A,N/A,N/A,N/A,N/A,N/A
T115,Sample,N705,GGACTCCT,S513,TCGACTAG,Water_5_4,Water_5,4,N/A,N/A,,N/A,N/A,N/A,N/A,N/A,N/A,N/A,N/A,N/A,N/A,N/A
T116,Sample,N705,GGACTCCT,S515,TTCTAGCT,water_20_4,water_20,4,N/A,N/A,,N/A,N/A,N/A,N/A,N/A,N/A,N/A,N/A,N/A,N/A,N/A
T117,Sample,N714,TCATGAGC,S517,GCGTAAGA,cobble_1,cobble,1,N/A,N/A,,N/A,N/A,N/A,N/A,N/A,N/A,N/A,N/A,N/A,N/A,N/A
T118,Sample,N714,TCATGAGC,S513,TCGACTAG,cobble_2,cobble,2,N/A,N/A,,N/A,N/A,N/A,N/A,N/A,N/A,N/A,N/A,N/A,N/A,N/A
T119,Sample,N714,TCATGAGC,S515,TTCTAGCT,cobble_3,cobble,3,N/A,N/A,,N/A,N/A,N/A,N/A,N/A,N/A,N/A,N/A,N/A,N/A,N/A
T120,Sample,N706,TAGGCATG,S511,TCTCTCCG,cobble_4,cobble,4,N/A,N/A,,N/A,N/A,N/A,N/A,N/A,N/A,N/A,N/A,N/A,N/A,N/A
T121,Sample,N706,TAGGCATG,S517,GCGTAAGA,sediment_1,sediment,1,N/A,N/A,,N/A,N/A,N/A,N/A,N/A,N/A,N/A,N/A,N/A,N/A,N/A
T122,Sample,N706,TAGGCATG,S513,TCGACTAG,sediment_2,sediment,2,N/A,N/A,,N/A,N/A,N/A,N/A,N/A,N/A,N/A,N/A,N/A,N/A,N/A
T123,Sample,N706,TAGGCATG,S515,TTCTAGCT,sediment_3,sediment,3,N/A,N/A,,N/A,N/A,N/A,N/A,N/A,N/A,N/A,N/A,N/A,N/A,N/A
T125,Miss,N/A,N/A,N/A,N/A,N/A,N/A,N/A,N/A,N/A,,N/A,N/A,N/A,N/A,N/A,N/A,N/A,N/A,N/A,N/A,N/A