RowID	SampleID	SampleName	Group	I7_Index_ID	index	I5_Index_ID	index2	Description	Type	Site	replicate	replicate2	Unit	d13C	HIX	BIX	POC	DOC	TDN	TDP	Temp	DO	EC	qpcr
T055	Bac_012	T055	Sample	N710	CAGCCTCG	S507	AAGGAGTA	tile_d_2	tile_d	2	1	1	A	-26.025	4.41	0.671	92.19381952	281.826078	11.3465	0.20615	10.5	11.1	5.43	7363.697292
T054	Bac_013	T054	Sample	N710	CAGCCTCG	S506	ACTGCATA	tile_d_1	tile_d	1	2	3	A	-25.295	3.172	0.763	34.75043784	78.21346884	7.95	0.11615	7.8	10.79	2.33	16193.11698
T056	Bac_015	T056	Sample	N710	CAGCCTCG	S508	CTAAGCCT	tile_d_2	tile_d	2	1	2	A	-26.025	4.41	0.671	92.19381952	281.826078	11.3465	0.20615	10.5	11.1	5.43	4314.438002
T050	Bac_016	T050	Sample	N710	CAGCCTCG	S502	CTCTCTAT	tile_d_1	tile_d	1	1	2	A	-25.295	3.172	0.763	34.75043784	78.21346884	7.95	0.11615	7.8	10.79	2.33	8080.399915
T096	Bac_017	T096	Sample	N710	CAGCCTCG	S517	GCGTAAGA	sediment_20_3	sediment_20	3	1	1	C	-26.405	2.71	0.82	61.03862187	209.265503	12.7425	0.12375	14.1	10.05	6.65	5078.510347
T053	Bac_018	T053	Sample	N710	CAGCCTCG	S505	GTAAGGAG	tile_d_1	tile_d	1	2	2	A	-25.295	3.172	0.763	34.75043784	78.21346884	7.95	0.11615	7.8	10.79	2.33	7496.614951
T051	Bac_019	T051	Sample	N710	CAGCCTCG	S503	TATCCTCT	tile_d_1	tile_d	1	1	3	A	-25.295	3.172	0.763	34.75043784	78.21346884	7.95	0.11615	7.8	10.79	2.33	1983.415122
T082	Bac_023	T082	Sample	N715	CCTGAGAT	S507	AAGGAGTA	sediment_5_3	sediment_5	3	2	2	B	-25.1	2.8	0.76	67.4389509	192.6538257	14.7225	0.13875	14.1	10.05	6.65	596647.2792
T081	Bac_024	T081	Sample	N715	CCTGAGAT	S506	ACTGCATA	sediment_5_3	sediment_5	3	2	1	B	-25.1	2.8	0.76	67.4389509	192.6538257	14.7225	0.13875	14.1	10.05	6.65	21057.88051
T084	Bac_026	T084	Sample	N715	CCTGAGAT	S510	CGTCTAAT	sediment_5_4	sediment_5	4	1	1	B	-25.515	2.525	0.77	80.75967229	1007.906077	35.0125	0.23125	12.8	9.91	13.73	55520.59164
T078	Bac_028	T078	Sample	N715	CCTGAGAT	S502	CTCTCTAT	sediment_5_3	sediment_5	3	1	1	B	-25.1	2.8	0.76	67.4389509	192.6538257	14.7225	0.13875	14.1	10.05	6.65	881401.6862
T033	Bac_044	T033	Sample	N705	GGACTCCT	S507	AAGGAGTA	tile_l_2	tile_l	2	1	3	A	-26.025	4.41	0.671	92.19381952	281.826078	11.3465	0.20615	10.5	11.1	5.43	50263.15749
T031	Bac_045	T031	Sample	N705	GGACTCCT	S504	AGAGTAGA	tile_l_2	tile_l	2	1	1	A	-26.025	4.41	0.671	92.19381952	281.826078	11.3465	0.20615	10.5	11.1	5.43	17367.10225
T035	Bac_046	T035	Sample	N705	GGACTCCT	S510	CGTCTAAT	tile_l_2	tile_l	2	2	2	A	-26.025	4.41	0.671	92.19381952	281.826078	11.3465	0.20615	10.5	11.1	5.43	48299.85667
T034	Bac_047	T034	Sample	N705	GGACTCCT	S508	CTAAGCCT	tile_l_2	tile_l	2	2	1	A	-26.025	4.41	0.671	92.19381952	281.826078	11.3465	0.20615	10.5	11.1	5.43	41653.46573
T029	Bac_048	T029	Sample	N705	GGACTCCT	S502	CTCTCTAT	tile_l_1	tile_l	1	2	2	A	-25.295	3.172	0.763	34.75043784	78.21346884	7.95	0.11615	7.8	10.79	2.33	29087.47764
T032	Bac_050	T032	Sample	N705	GGACTCCT	S505	GTAAGGAG	tile_l_2	tile_l	2	1	2	A	-26.025	4.41	0.671	92.19381952	281.826078	11.3465	0.20615	10.5	11.1	5.43	27792.4921
T030	Bac_051	T030	Sample	N705	GGACTCCT	S503	TATCCTCT	tile_l_1	tile_l	1	2	3	A	-25.295	3.172	0.763	34.75043784	78.21346884	7.95	0.11615	7.8	10.79	2.33	453833.5132
T048	Bac_055	T048	Sample	N707	GTAGAGAG	S507	AAGGAGTA	tile_l_4	tile_l	4	2	3	A	-24.785	2.829	0.8	54.63525529	152.162908	25.4175	0.13755	12.8	9.91	13.73	8443192.886
T047	Bac_056	T047	Sample	N707	GTAGAGAG	S506	ACTGCATA	tile_l_4	tile_l	4	2	2	A	-24.785	2.829	0.8	54.63525529	152.162908	25.4175	0.13755	12.8	9.91	13.73	3012365.761
T049	Bac_058	T049	Sample	N707	GTAGAGAG	S510	CGTCTAAT	tile_d_1	tile_d	1	1	1	A	-25.295	3.172	0.763	34.75043784	78.21346884	7.95	0.11615	7.8	10.79	2.33	30132.42114
T043	Bac_059	T043	Sample	N707	GTAGAGAG	S502	CTCTCTAT	tile_l_4	tile_l	4	1	1	A	-24.785	2.829	0.8	54.63525529	152.162908	25.4175	0.13755	12.8	9.91	13.73	11518.64898
T089	Bac_060	T089	Sample	N707	GTAGAGAG	S517	GCGTAAGA	sediment_5_4	sediment_5	4	2	3	B	-25.515	2.525	0.77	80.75967229	1007.906077	35.0125	0.23125	12.8	9.91	13.73	5093.787769
T046	Bac_061	T046	Sample	N707	GTAGAGAG	S505	GTAAGGAG	tile_l_4	tile_l	4	2	1	A	-24.785	2.829	0.8	54.63525529	152.162908	25.4175	0.13755	12.8	9.91	13.73	3341.447616
T044	Bac_062	T044	Sample	N707	GTAGAGAG	S503	TATCCTCT	tile_l_4	tile_l	4	1	2	A	-24.785	2.829	0.8	54.63525529	152.162908	25.4175	0.13755	12.8	9.91	13.73	1065348.752
T090	Bac_063	T090	Sample	N707	GTAGAGAG	S513	TCGACTAG	sediment_20_1	sediment_20	1	1	1	C	-24.9	3.215	0.78	48.07160836	146.2835414	13.6025	0.1225	7.8	10.79	2.33	5033.622094
T102	Bac_072	T102	Sample	N711	TGCCTCTT	S511	TCTCTCCG	sediment_20_4	sediment_20	4	1	1	C	-25.415	2.55	0.795	79.32942345	3840.019223	33.3925	0.19175	12.8	9.91	13.73	31567.26642
T005	Bac_076	T005	Sample	N701	TAAGGCGA	S507	AAGGAGTA	leaf_1	leaf	1	2	2	A	-25.295	3.172	0.763	34.75043784	78.21346884	7.95	0.11615	7.8	10.79	2.33	241397.0574
T004	Bac_077	T004	Sample	N701	TAAGGCGA	S506	ACTGCATA	leaf_1	leaf	1	2	1	A	-25.295	3.172	0.763	34.75043784	78.21346884	7.95	0.11615	7.8	10.79	2.33	3478233.213
T002	Bac_078	T002	Sample	N701	TAAGGCGA	S504	AGAGTAGA	leaf_1	leaf	1	1	2	A	-25.295	3.172	0.763	34.75043784	78.21346884	7.95	0.11615	7.8	10.79	2.33	N/A
T007	Bac_079	T007	Sample	N701	TAAGGCGA	S510	CGTCTAAT	leaf_2	leaf	2	1	1	A	-26.025	4.41	0.671	92.19381952	281.826078	11.3465	0.20615	10.5	11.1	5.43	1946869.086
T006	Bac_080	T006	Sample	N701	TAAGGCGA	S508	CTAAGCCT	leaf_1	leaf	1	2	3	A	-25.295	3.172	0.763	34.75043784	78.21346884	7.95	0.11615	7.8	10.79	2.33	2834046.025
T085	Bac_081	T085	Sample	N701	TAAGGCGA	S517	GCGTAAGA	sediment_5_4	sediment_5	4	1	2	B	-25.515	2.525	0.77	80.75967229	1007.906077	35.0125	0.23125	12.8	9.91	13.73	25135.53526
T001	Bac_083	T001	Sample	N701	TAAGGCGA	S503	TATCCTCT	leaf_1	leaf	1	1	1	A	-25.295	3.172	0.763	34.75043784	78.21346884	7.95	0.11615	7.8	10.79	2.33	1560524.121
T086	Bac_084	T086	Sample	N701	TAAGGCGA	S513	TCGACTAG	sediment_5_4	sediment_5	4	1	3	B	-25.515	2.525	0.77	80.75967229	1007.906077	35.0125	0.23125	12.8	9.91	13.73	315325.3094
T087	Bac_086	T087	Sample	N701	TAAGGCGA	S515	TTCTAGCT	sediment_5_4	sediment_5	4	2	1	B	-25.515	2.525	0.77	80.75967229	1007.906077	35.0125	0.23125	12.8	9.91	13.73	127356.0901
T040	Bac_087	T040	Sample	N706	TAGGCATG	S506	ACTGCATA	tile_l_3	tile_l	3	2	1	A	NA	2.893	0.727	52.61356266	155.1982943	10.8815	0.12125	14.1	10.05	6.65	3270676.438
T038	Bac_088	T038	Sample	N706	TAGGCATG	S504	AGAGTAGA	tile_l_3	tile_l	3	1	2	A	NA	2.893	0.727	52.61356266	155.1982943	10.8815	0.12125	14.1	10.05	6.65	469864.1692
T042	Bac_089	T042	Sample	N706	TAGGCATG	S510	CGTCTAAT	tile_l_3	tile_l	3	2	3	A	NA	2.893	0.727	52.61356266	155.1982943	10.8815	0.12125	14.1	10.05	6.65	2883221.269
T041	Bac_090	T041	Sample	N706	TAGGCATG	S508	CTAAGCCT	tile_l_3	tile_l	3	2	2	A	NA	2.893	0.727	52.61356266	155.1982943	10.8815	0.12125	14.1	10.05	6.65	6371751.719
T039	Bac_093	T039	Sample	N706	TAGGCATG	S505	GTAAGGAG	tile_l_3	tile_l	3	1	3	A	NA	2.893	0.727	52.61356266	155.1982943	10.8815	0.12125	14.1	10.05	6.65	87469.48607
T037	Bac_094	T037	Sample	N706	TAGGCATG	S503	TATCCTCT	tile_l_3	tile_l	3	1	1	A	NA	2.893	0.727	52.61356266	155.1982943	10.8815	0.12125	14.1	10.05	6.65	1435807.797
T075	Bac_098	T075	Sample	N714	TCATGAGC	S507	AAGGAGTA	sediment_5_1	sediment_5	1	1	3	B	NA	NA	NA	NA	NA	NA	NA	7.8	10.79	2.33	33978.10843
T074	Bac_099	T074	Sample	N714	TCATGAGC	S506	ACTGCATA	sediment_5_1	sediment_5	1	1	2	B	NA	NA	NA	NA	NA	NA	NA	7.8	10.79	2.33	11642.27211
T077	Bac_101	T077	Sample	N714	TCATGAGC	S510	CGTCTAAT	sediment_5_1	sediment_5	1	2	2	B	NA	NA	NA	NA	NA	NA	NA	7.8	10.79	2.33	312708.4017
T076	Bac_102	T076	Sample	N714	TCATGAGC	S508	CTAAGCCT	sediment_5_1	sediment_5	1	2	1	B	NA	NA	NA	NA	NA	NA	NA	7.8	10.79	2.33	1545331.517
T071	Bac_103	T071	Sample	N714	TCATGAGC	S502	CTCTCTAT	tile_d_4	tile_d	4	2	2	A	-24.785	2.829	0.8	54.63525529	152.162908	25.4175	0.13755	12.8	9.91	13.73	7732.771702
T073	Bac_105	T073	Sample	N714	TCATGAGC	S505	GTAAGGAG	sediment_5_1	sediment_5	1	1	1	B	NA	NA	NA	NA	NA	NA	NA	7.8	10.79	2.33	13943.4599
T072	Bac_106	T072	Sample	N714	TCATGAGC	S503	TATCCTCT	tile_d_4	tile_d	4	2	3	A	-24.785	2.829	0.8	54.63525529	152.162908	25.4175	0.13755	12.8	9.91	13.73	120373.0314
T067	Bac_110	T067	Sample	N712	TCCTCTAC	S506	ACTGCATA	tile_d_4	tile_d	4	1	1	A	-24.785	2.829	0.8	54.63525529	152.162908	25.4175	0.13755	12.8	9.91	13.73	11716.83394
T070	Bac_112	T070	Sample	N712	TCCTCTAC	S510	CGTCTAAT	tile_d_4	tile_d	4	2	1	A	-24.785	2.829	0.8	54.63525529	152.162908	25.4175	0.13755	12.8	9.91	13.73	6154.741556
T069	Bac_113	T069	Sample	N712	TCCTCTAC	S508	CTAAGCCT	tile_d_4	tile_d	4	1	3	A	-24.785	2.829	0.8	54.63525529	152.162908	25.4175	0.13755	12.8	9.91	13.73	115347.9624
T064	Bac_114	T064	Sample	N712	TCCTCTAC	S502	CTCTCTAT	tile_d_3	tile_d	3	2	1	A	NA	2.893	0.727	52.61356266	155.1982943	10.8815	0.12125	14.1	10.05	6.65	21284.33646
T025	Bac_121	T025	Sample	N704	TCCTGAGC	S506	ACTGCATA	tile_l_1	tile_l	1	1	1	A	-25.295	3.172	0.763	34.75043784	78.21346884	7.95	0.11615	7.8	10.79	2.33	154657.1742
T024	Bac_122	T024	Sample	N704	TCCTGAGC	S504	AGAGTAGA	leaf_4	leaf	4	2	3	A	-24.785	2.829	0.8	54.63525529	152.162908	25.4175	0.13755	12.8	9.91	13.73	1845572.493
T028	Bac_123	T028	Sample	N704	TCCTGAGC	S510	CGTCTAAT	tile_l_1	tile_l	1	2	1	A	-25.295	3.172	0.763	34.75043784	78.21346884	7.95	0.11615	7.8	10.79	2.33	11745.83187
T027	Bac_124	T027	Sample	N704	TCCTGAGC	S508	CTAAGCCT	tile_l_1	tile_l	1	1	3	A	-25.295	3.172	0.763	34.75043784	78.21346884	7.95	0.11615	7.8	10.79	2.33	25693.90988
T023	Bac_127	T023	Sample	N704	TCCTGAGC	S503	TATCCTCT	leaf_4	leaf	4	2	2	A	-24.785	2.829	0.8	54.63525529	152.162908	25.4175	0.13755	12.8	9.91	13.73	2379559.613
T061	Bac_131	T061	Sample	N711	TGCCTCTT	S507	AAGGAGTA	tile_d_3	tile_d	3	1	1	A	NA	2.893	0.727	52.61356266	155.1982943	10.8815	0.12125	14.1	10.05	6.65	29018.15288
T060	Bac_132	T060	Sample	N711	TGCCTCTT	S506	ACTGCATA	tile_d_2	tile_d	2	2	3	A	-26.025	4.41	0.671	92.19381952	281.826078	11.3465	0.20615	10.5	11.1	5.43	6104.363534
T058	Bac_133	T058	Sample	N711	TGCCTCTT	S504	AGAGTAGA	tile_d_2	tile_d	2	2	1	A	-26.025	4.41	0.671	92.19381952	281.826078	11.3465	0.20615	10.5	11.1	5.43	39967.52032
T063	Bac_134	T063	Sample	N711	TGCCTCTT	S510	CGTCTAAT	tile_d_3	tile_d	3	1	3	A	NA	2.893	0.727	52.61356266	155.1982943	10.8815	0.12125	14.1	10.05	6.65	14686.14078
T062	Bac_135	T062	Sample	N711	TGCCTCTT	S508	CTAAGCCT	tile_d_3	tile_d	3	1	2	A	NA	2.893	0.727	52.61356266	155.1982943	10.8815	0.12125	14.1	10.05	6.65	42298.27513
T103	Bac_137	T103	Sample	N711	TGCCTCTT	S517	GCGTAAGA	sediment_20_4	sediment_20	4	1	2	C	-25.415	2.55	0.795	79.32942345	3840.019223	33.3925	0.19175	12.8	9.91	13.73	133011.3147
T059	Bac_138	T059	Sample	N711	TGCCTCTT	S505	GTAAGGAG	tile_d_2	tile_d	2	2	2	A	-26.025	4.41	0.671	92.19381952	281.826078	11.3465	0.20615	10.5	11.1	5.43	7849.492775
T057	Bac_139	T057	Sample	N711	TGCCTCTT	S503	TATCCTCT	tile_d_2	tile_d	2	1	3	A	-26.025	4.41	0.671	92.19381952	281.826078	11.3465	0.20615	10.5	11.1	5.43	255675.809
