ASV	Kingdom
bac_fad50f143ebd5dfc60066f534061a2e2	d__Bacteria
bac_c32e6d0ebe37ede482abf807f70f1dc6	d__Bacteria
bac_132398ae30585fc78b3f5712f4c1f5ed	d__Bacteria
bac_d8ec847a1b580b973a6d39850b67cff7	d__Bacteria
bac_bb6cffbd750dd68856a8f953f207e12b	d__Bacteria
bac_7ef1a0dae839d9d8f6a042cdf4a6a992	d__Bacteria
bac_7da83bf0ed37b029b57059c335b5e835	d__Bacteria
bac_2df133d83b53d33a81a3fc48ac2075c6	d__Bacteria
bac_ed894aad9c149829ff0253eb2fe043d9	d__Bacteria
bac_2c1b14313bb8fc6f13f02a14ca5e7c50	d__Bacteria
bac_11e801efba707866d1e97aba33566102	d__Bacteria
bac_ebff2c84f781472a24018db9354b867c	d__Bacteria
bac_cc3bbc2fa5dcf3ca93a25f5da49d7d1d	d__Bacteria
bac_554e6ed34da09de9e9a60029b084f4c6	d__Bacteria
bac_5342d4711395d118f0217964e6068eb3	d__Bacteria
bac_3195352ebd3b497af5329b6d9bb0ad49	d__Bacteria
bac_34b00032b86600c60881db7136a38c3d	d__Bacteria
bac_70285f7e5298ef76c6079d23decbae2d	d__Bacteria
bac_ae101a824af3ec1acd53410b8ebf41e7	d__Bacteria
bac_f094f62eb5efc6e4df1c29c7d70371f5	d__Bacteria
bac_f262a1adf251a3a793d3daa235e35e73	d__Bacteria
bac_7faab38ff5285a7d3092e4a36888d786	d__Bacteria
bac_1f8eb803b5d14b958d448f7cba30666c	d__Bacteria
bac_67f48d5e7b609cccc44fe8d22d3dca0a	d__Bacteria
bac_6f545fbcb122ef26d794750b06c0d6a4	d__Bacteria
bac_b841b4a4279c0953f40dd587fb55d892	d__Bacteria
bac_7334acedf2e60af538eaff59e499c2c9	d__Bacteria
bac_b5d5b4257a5f9a836315f5896d4a47da	d__Bacteria
bac_39516e82e7b507c0659c83bbcb780dc5	d__Bacteria
bac_2da924029cfd4c7fe3765b362a915f4a	d__Bacteria
bac_632fb2f5131661bf841197fddaf81998	d__Bacteria
bac_b6d81317326d18e5c954e6eae8820a6a	d__Bacteria
bac_de451fb33ed58e6d3c4dcb950e90284d	d__Bacteria
bac_4352077acff15c3823b28170a84a93cb	d__Bacteria
bac_7e5dc2827132ced28bb83b4c8fa16998	d__Bacteria
bac_5f8b99d96b9fb65e12c944b3f8bd38b9	d__Bacteria
bac_a0a0f1f2185a9b37c030febe9b9496ac	d__Bacteria
bac_9710e4f2e6419b188e30337e34bb3fae	d__Bacteria
bac_89a9315cf654d6b3654d01ece8b68ebd	d__Bacteria
bac_a51e5e904dedc2c23560ac9992d2c856	d__Bacteria
bac_af35e69a9597d7237c3ccf81ea1985db	d__Bacteria
bac_c812ac66f67d86647c3977e441842eb8	d__Bacteria
bac_a7b4ad116ebb0b0ac9ff5c47c9b3a883	d__Bacteria
bac_c487be9441ef274e208cf4e7199b9bd3	d__Bacteria
bac_1ce75431844bbbfc9fe9e8c651fbebf7	d__Bacteria
bac_980733234dec4591bf88651db885514f	d__Bacteria
bac_1aecd556d15406a593386710717f99dd	d__Bacteria
bac_0949c5c8f7512f748fde872a4a5f3912	d__Bacteria
bac_df3fda2fa3d04dd5e0838ac1b4812be8	d__Bacteria
bac_f6b35c47975af3c3a00cba35c1202f06	d__Bacteria
bac_08012612886d8eaa4c76fb3bb5920839	d__Bacteria
bac_339857a9094e71ebc60a3a75a38778be	d__Bacteria
bac_c872ff58ceb3b79ce316cef70bf269b8	d__Bacteria
bac_c1b713d1a2d1451195effc7b1adf179c	d__Bacteria
bac_9e9275578b14491521478d652696aa69	d__Bacteria
bac_30201fbdcea3691e00d5d4710db0a6f6	d__Bacteria
bac_ef9f03c285132510b106c9addbb7fe53	d__Bacteria
bac_67bdd00cc1a6685d59d5fb4d2da181a0	d__Bacteria
bac_11f4e2547c7b2f9f781a8648c6754127	d__Bacteria
bac_0861aab42571c3051e999c8b88406275	d__Bacteria
bac_25b0beea5b7bbd107f2ab2f41cdc7606	d__Bacteria
bac_53fbb6ad7c7457bfcc90d7a74d5f99d4	d__Bacteria
bac_4d9c9a71444ca80b03585d97809647f9	d__Bacteria
bac_b02a8d33d018119dedb2db15db887bfd	d__Bacteria
bac_0cb8c77aa1f500d869a914df859c8da8	d__Bacteria
bac_93f52e347e69b67e42f5979bb8735255	d__Bacteria
bac_6d9aa14b2d532b8d9a3c1fd342c515c9	d__Bacteria
bac_04e7d788cbd3926b877396ea528e2636	d__Bacteria
bac_7503835dfc68f50c3d82997974556840	d__Bacteria
bac_f37ff1c53a3044e23de94fa2841d200e	d__Bacteria
bac_70e1c02151c287ca1efd03cb9245ae38	d__Bacteria
bac_b7b162821b88054ff8ff4cc3505ce036	d__Bacteria
bac_f82bf7406bbae4fffc8128df55972673	d__Bacteria
bac_e625e758ed6e5753f43da408f6af592a	d__Bacteria
bac_0aadcd42e885bed61f1a29c55399b217	d__Bacteria
bac_2a53aca5bbef51395322afa72fe879f3	d__Bacteria
bac_da5924ba1ff2c30dd489e95369c2fab1	d__Bacteria
bac_c798c16862dc501435104ef3e368ebf6	d__Bacteria
bac_a3a7e0065298785dc78789c69438a91e	d__Bacteria
bac_2eae9eefab6485e2e98923809417e86b	d__Bacteria
bac_092cd384d5842019c5174f945635b4c0	d__Bacteria
bac_8470b46416635495b52cef72b0c6becd	d__Bacteria
bac_26122fc82956c43ca1f15b191f0fa66b	d__Bacteria
bac_7b6fde94ef7dd846d47232e9073c9d79	d__Bacteria
bac_355caa5f1183ac5eed089647f04f0bbe	d__Bacteria
bac_968b1470919e6ed4fabeb7496448ecb2	d__Bacteria
bac_159968401827e6e6ea81fb7ab1185e2d	d__Bacteria
bac_2ae515a98a501771b24b23ccae19d5c6	d__Bacteria
bac_99445e37a2231c1efb6b01be444921f2	d__Bacteria
bac_0a1e0c89456159256a67b43a5d3a951c	d__Bacteria
bac_9db2817f5c42be6a7bcbca662959982d	d__Bacteria
bac_a3b2bf7bdb7dfeaeed3a7dcca7c98174	d__Bacteria
bac_9bd2c9c8faf4bd8aee6a0e1551427071	d__Bacteria
bac_2d189fced66f2afef1db00ceab357299	d__Bacteria
bac_30bf08e0c9b4ab13b34faab3454f3c65	d__Bacteria
bac_ecb6b4301f3485ada8cb7173084e15c4	d__Bacteria
bac_74c800a9e7696cc485c720c946cf3566	d__Bacteria
bac_a30256b75e77270e84f5876c2d62c7da	d__Bacteria
bac_a349afc68ea24812d020e0bae53ab45e	d__Bacteria
bac_1e4a9dca9911524cd032a2778a38a7ee	d__Bacteria
bac_229392b820681a5aeb2d4c3b77921922	d__Bacteria
bac_a9a9fceabb2ded4edce03aafc300b332	d__Bacteria
bac_749ae7e23fa7a131049e5734b2e48b51	d__Bacteria
bac_d69dbeb4886b17e9f37089d97d309997	d__Bacteria
bac_86135298ff3fd0128f0d619d6df65c22	d__Bacteria
bac_5d5482ef84ee06d0d94ac18295917250	d__Bacteria
bac_f5b26aa94c06b7bdfa92ae6b717f51b3	d__Bacteria
bac_b3e43471f9e9e418e78c655dd82e3187	d__Bacteria
bac_0948963d05fd6689e323c84fc1aabf5b	d__Bacteria
bac_272abf16adc123ed3b9e01811cd36e9a	d__Bacteria
bac_dae457dce2089ce83fd9a96ce128ec7a	d__Bacteria
bac_585b3143d80f6c23342a75e4307553ee	d__Bacteria
bac_0cd2b17c6c14eb16a9c3aebe599b9c62	d__Bacteria
bac_b87f5ae148b3c38213fdeca77b10b1de	d__Bacteria
bac_622da15e5f92253a2764ebd980b2d0c9	d__Bacteria
bac_ccf66209185e064597ed3505a250fa15	d__Bacteria
bac_a1670155b607fcc9ee12f1110fac1659	d__Bacteria
bac_0ca014618cae8611b1056d121c5eab80	d__Bacteria
bac_9b4765fa1f6303b57e4753b9bb2fd99e	d__Bacteria
bac_504c8f91ff69642c329c779a77f1bc23	d__Bacteria
bac_b38a20526bd646ff2487a692b67e00df	d__Bacteria
bac_f9f4ecf4ab4a329454db0729f6590c4d	d__Bacteria
bac_2529bb39885d699e19a299a4fc16405a	d__Bacteria
bac_15b86556d51ce10360c4f1575e6003c8	d__Bacteria
bac_5646ce441e39d599fde38566fc2a3718	d__Bacteria
bac_d99a174a95a9d8b41a24ed307a75f351	d__Bacteria
bac_464882d14329426232cde52c51d0b345	d__Bacteria
bac_de9b20469aa6f012e0778f0a30f3beca	d__Bacteria
bac_3582c0207b02834a6a098b8ad976036f	d__Bacteria
bac_043ec4509f46b79a46d13dbc919a7924	d__Bacteria
bac_591f0aad0a5b9899f7d5341a892bd16e	d__Bacteria
bac_a3c01770be7485902942c66b05d732c6	d__Bacteria
bac_9716273aa8b614eaa0ad05c7f1842c2f	d__Bacteria
bac_a5a77b70fe5db7f0da009bed0f534ffc	d__Bacteria
bac_7b110995ba42ff5360e4449295150364	d__Bacteria
bac_e1b2a2065fed56a71252c21280552b6f	d__Bacteria
bac_0b0acfad21aa4d24e32a7bd70eea6888	d__Bacteria
bac_fc160a35e57bed442f0cbfdb844cfae1	d__Bacteria
bac_3af4ab40cbc43e983c22a361f5f3acbd	d__Bacteria
bac_5d5e543cbbaf6b818a35a8121079b140	d__Bacteria
bac_001e299c761b01fe4e92bc79575f7e1f	d__Bacteria
bac_7602c6c4678b4118765db5b36012619a	d__Bacteria
bac_63cf39d71d537a1a9822e9765f7efbf9	d__Bacteria
bac_dd8c8d60bfca3e1df01a4bbff8d3326e	d__Bacteria
bac_fd6b681dfd04576bd2faa39c2cd7ff7f	d__Bacteria
bac_1055fe0a6b59638d742ec7075dc33cfd	d__Bacteria
bac_f18b0846941f368a329f8a95954ce004	d__Bacteria
bac_46f909143dcd72273012d4e16e8e9b96	d__Bacteria
bac_f1cc37ff19bc586384407bc5f20d30c5	d__Bacteria
bac_7719b0c07387d2f45e9d53bdad373b2a	d__Bacteria
bac_427676cf33136c2bc889a08b2941d433	d__Bacteria
bac_c6bbbf4397e9e45d7c6ea4a2b431881c	d__Bacteria
bac_703c27d5de4f840df6b5048b620304b4	d__Bacteria
bac_978324fe7e81e27609a58e46552282ab	d__Bacteria
bac_d1fe785a5dc8ddb4ca07575f1da854a6	d__Bacteria
bac_9e8a3cdd5a1cec2fa45422b291b1d1a5	d__Bacteria
bac_fd486d0309ed1d6734f7eba1243e88f8	d__Bacteria
bac_38447d4fdbd1146303f1baa54fead405	d__Bacteria
bac_2f3de2bca7077a59f018a27115e59e27	d__Bacteria
bac_2656fe62a6ca3d61b87c97c24a5679e1	d__Bacteria
bac_6cbd6c441c8699e0ea83ec4a923e77ab	d__Bacteria
bac_5476323c7792ed7c0c4c3e27c0f5b3c7	d__Bacteria
bac_fa5a6917885ac69adcbce7ec6a3f3577	d__Bacteria
bac_e6abed741cddf509b07cc1b4459cc685	d__Bacteria
bac_b806e0462569e4b3467b396640400484	d__Bacteria
bac_20b6227ebfc10c05469062ce91fa053e	d__Bacteria
bac_4f4dbbbc8cefdfaeaba5041bcd40eda8	d__Bacteria
bac_35800cf1a01d2fb458a18105b259edb9	d__Bacteria
bac_c7fa597481ad292d9910ad3bb3714460	d__Bacteria
bac_cb41fd40c905473f164c773e54eae7af	d__Bacteria
bac_b81e6cc5c2412f460e7c4b4301a52fae	d__Bacteria
bac_67fe68b10effbc7af1e15eb1d66f58af	d__Bacteria
bac_716256f8168e325a3927d14b743a8fcb	d__Bacteria
bac_f80125baf07e60239d3e8e462f7edaf8	d__Bacteria
bac_05caf4a22a9ec9a9e2992ce7f6ddfd82	d__Bacteria
bac_2c8a7427c65affce1cc42b4e460f6499	d__Bacteria
bac_0a7a72cf0cbf9f815d62c85dfa0b269a	d__Bacteria
bac_8ca25cff5041670fa16425fb32d6e613	d__Bacteria
bac_fe3bfe0fb89d6212113533ceda64977a	d__Bacteria
bac_2d406d26bdccc1c9f3531742f0fa00c9	d__Bacteria
bac_0d0e934aa58307b968617138046a38e7	d__Bacteria
bac_afaafb1610d653ad3c42c8b910939c71	d__Bacteria
bac_7d90c009cc71c5cff899572efc93198e	d__Bacteria
bac_f359d6b12d6df77fce3684238719e6c2	d__Bacteria
bac_3e6499f1f492d2218c1c22ae6c0af0e5	d__Bacteria
bac_d9167401bdb1cbc3adbe3b11517663eb	d__Bacteria
bac_7b9d573ab1c7718297c5c34b394b7fc5	d__Bacteria
bac_53003acda169efc1436f1cd5df87ab20	d__Bacteria
bac_535104b102af17dc77ba30a4563966c4	d__Bacteria
bac_300233c380fe5ed8b618948c02502494	d__Bacteria
bac_077241b823a43a225d95704db6bd6c84	d__Bacteria
bac_3cbfdc05bf16ec82426d345f8249bd53	d__Bacteria
bac_6587ce807d3264e47f711c65c6079c6a	d__Bacteria
bac_ecc5aaa726aa004e8fffcf14efc9623d	d__Bacteria
bac_31494407a5f81d45e76aec9be4e2f3e3	d__Bacteria
bac_2cc6caf989a9e905b63644a32cbd34f8	d__Bacteria
bac_5320f74a0ac18a7e8d21f58e0e385026	d__Bacteria
bac_2d30211ca83dbaba57bb7d08b25f6cee	d__Bacteria
bac_5ff71fc57cfb2b7d9fd9890616328b6b	d__Bacteria
bac_0ba8f372de4de2dc80ce87f523233c9f	d__Bacteria
bac_35db1ed3cd663fe9b91c4dc0d881cde0	d__Bacteria
bac_bcf0a94c719792e52c9e21ffc7b41f81	d__Bacteria
bac_ac2d7285ae1dae8d053a97ef343d8959	d__Bacteria
bac_a7aa7af1ff0230b0ba542a3aac1defbc	d__Bacteria
bac_d643cea99036e0d176323da90ff0a74e	d__Bacteria
bac_46f04a932e04853b6df0069d0fb3cc42	d__Bacteria
bac_8c6fc72823fb05802cbac1d4c143bf25	d__Bacteria
bac_b5295172e6c0b86fb736995b90829e37	d__Bacteria
bac_29e36e047a2868826c19187ce1136652	d__Bacteria
bac_a84f42c3cbe7d0f1da8107579d1c1045	d__Bacteria
bac_dc90b66bdc495bcd0029ccded7fcadb7	d__Bacteria
bac_f7b56dac2b908e79a4f3dbb070b45f29	d__Bacteria
bac_d32cd30795fbd82a026c5f3856c01d63	d__Bacteria
bac_5a87eaf83cfc98b7c1604bf380a5c720	d__Bacteria
bac_9731ee3f8e546a43b629ef0c319336f0	d__Bacteria
bac_cf058a8ea42c8bc2bb4fb7aca9a39f98	d__Bacteria
bac_a8aa3dc30871bdf25d0cd12cf2a4e662	d__Bacteria
bac_088bf73cbe014bbfbeb48239b80fe1b7	d__Bacteria
bac_ff891c66131b8d6acb62e0aeb502d6be	d__Bacteria
bac_7dfb88e682beaefde7eb8553d81b3cd6	d__Bacteria
bac_5732992f8a6309f06e9194070981e0f7	d__Bacteria
bac_88f266d288958adf97f3c43b1c0fada2	d__Bacteria
bac_b7ba5446cf7fcc0f5b325dcffe1cb8d3	d__Bacteria
bac_d1316b26e5350da36e6456499ecdfe18	d__Bacteria
bac_ba250e2d70ba8e9c0caf1e10e4acbef6	d__Bacteria
bac_fca5239a7a5efad48d2562f8706abdd3	d__Bacteria
bac_b3e7a07d8d16ff83da36a4ab4bbff1e6	d__Bacteria
bac_827032e56bba478580c37ef85db93528	d__Bacteria
bac_15a5c4df76ec68b9e4ea4c1f67d02411	d__Bacteria
bac_f480c453c7cf107e706e3f573d220186	d__Bacteria
bac_076df5bf23e82971211d273c0350b9fa	d__Bacteria
bac_526451066d0804676eaa702b980cf439	d__Bacteria
bac_018639f36967a8dc5235d01f0a2b72c7	d__Bacteria
bac_f8a44c643c11001c3520cb41b16ed66c	d__Bacteria
bac_15144e020be87b8119d01a83c1ad4c9f	d__Bacteria
bac_271ac95f3af8af5008166affb2a6bfed	d__Bacteria
bac_a2658e60622cfd35696b78e771dba152	d__Bacteria
bac_de3519a6bc05eb99db03a7ce84092a53	d__Bacteria
bac_c453a246abad8aaac3c9b9e4c6b239e4	d__Bacteria
bac_1a6207cb01a4f6c2f9994f13fa6f7d52	d__Bacteria
bac_52c28be101ba03463ed9a8e9aa5ed552	d__Bacteria
bac_dc606036a2850e41e4b7ead869d72081	d__Bacteria
bac_ef970b15e27ea5ae211ec5d5082f6035	d__Bacteria
bac_0a18941714058e5b39192aad26ae2650	d__Bacteria
bac_d67434c16b17de96d7164d582def981d	d__Bacteria
bac_d0c0bce2418d2bcd2c50b05a0180ca16	d__Bacteria
bac_020a532ccb0471ac0aaee63f30c7f373	d__Bacteria
bac_47c853dd0cbc2140c684e366ce001043	d__Bacteria
bac_693925a57276f8a3cac1a9c3e15087fc	d__Bacteria
bac_fc672ff88dc475b143532167712d4329	d__Bacteria
bac_42080baba6f05a972a4ceb625c496db0	d__Bacteria
bac_7525bfb70182ca978f5208bba1ae3396	d__Bacteria
bac_0de31c8a0a4fd7950cf7e2ead916f094	d__Bacteria
bac_4523b21dd6cbf01ee1ff11f5f9a8136b	d__Bacteria
bac_c825e8ea1b502b63b4d81c9d017f68f0	d__Bacteria
bac_1da3590990d82bc400d43e993ab090da	d__Bacteria
bac_1987f36bec5daf13a337e4e4cacf3074	d__Bacteria
bac_801eb541fd614a9a1e21a9ec9a15176e	d__Bacteria
bac_ebaf1d0da7a59cf5097d6931df3f9f95	d__Bacteria
bac_f5a1e95c331afd30ce3e20af4cf3973f	d__Bacteria
bac_72f54ba21704c606de94d4a050cda4f9	d__Bacteria
bac_2beb082b2d5e2492e737a39ca222bf7b	d__Bacteria
bac_6462a248c005a3333efd98e2a7733784	d__Bacteria
bac_6bb10da87ff975d728e853a2724c66b6	d__Bacteria
bac_cc9d571659d69eede9baf3f62bd6e022	d__Bacteria
bac_5c95a52f91ad839c41a1d658a87d59f5	d__Bacteria
bac_d73d615d9614fa9e840490c2c96efa55	d__Bacteria
bac_f3427760cf54dab539bb77c55869dc36	d__Bacteria
bac_58bf796559ffa49708669d55ca13c40d	d__Bacteria
bac_5f7a011f40b37e1bb338bf11d26d1c5a	d__Bacteria
bac_d20c3ad6689ea0b00f85a6155088343c	d__Bacteria
bac_c225452f1d8c31746626633f3b81553f	d__Bacteria
bac_20b14741ebab12eff84c72bf8a5684d9	d__Bacteria
bac_062a6a281337608b3d5a398a86f3791d	d__Bacteria
bac_f68d23fd4e733eab2b73607f31b6ba7b	d__Bacteria
bac_17612e92900c5c617b3cc92eb580c94d	d__Bacteria
bac_e1f04d3e8ca530126e01a72b01ff480d	d__Bacteria
bac_3200808fcf387a5098ab9215d6dfbfe4	d__Bacteria
bac_990e86dabe6aa3bbab93f5e100a1589f	d__Bacteria
bac_815b38163ce5a7cf45681b568f5a5a70	d__Bacteria
bac_e9a6d93653c4b25ae60dbbbb5ac60048	d__Bacteria
bac_7989f1c1a7526f8d21e29f334921c467	d__Bacteria
bac_df16a8421dea8bc9eff8d7cb5851a324	d__Bacteria
bac_9cf6c5ebab91567ad49e49c94292fea8	d__Bacteria
bac_a65adaba10277d5b07333ef94fc510a4	d__Bacteria
bac_82cbbe7948fd3fb2294667f54a6bf704	d__Bacteria
bac_f33de0f262530e1ddb20864955a61ac9	d__Bacteria
bac_b4f2bcc9e114a0c86f604bba1a467f69	d__Bacteria
bac_19c3eb7f2d7ffcdf82b0cd28433665b5	d__Bacteria
bac_0b836220dd480a937000e44bdcaeecb9	d__Bacteria
bac_0edc05b786be3adcb6b41fbab1e45225	d__Bacteria
bac_b8d105ad406e02236f4abc375b8726de	d__Bacteria
bac_c12352f26379572e5a4874b204d859bb	d__Bacteria
bac_f2834baca9640ad8c7e5240eb729f0fe	d__Bacteria
bac_dbc309f9d85c4032ae69be327dde0cf5	d__Bacteria
bac_1a83bf29475abe8d343803bb3099251e	d__Bacteria
bac_72b7d3ec913c89fc84037fb8f5336c57	d__Bacteria
bac_6fd1f5b988985e0e73faf414dff13fb5	d__Bacteria
bac_d66de631726b8583550a7cc96ced533e	d__Bacteria
bac_1ffe69088312af39f4b301a6ed9983f1	d__Bacteria
bac_9fd15d3d645cabcf0ad4aeab2225ce3d	d__Bacteria
bac_e2ffcb0513196564c567edeb9a92ef79	d__Bacteria
bac_7d9086ba6fe2277d47b854f41ebdf8b9	d__Bacteria
bac_a98dec59b5fe7d13fa54b825d7363d31	d__Bacteria
bac_bb99302be6d09f6eb71b9f4da9c656c5	d__Bacteria
bac_0ee468d83e463122fba58876980c7a41	d__Bacteria
bac_5421aaf234cfb47f14080dbd343ca4c1	d__Bacteria
bac_a5c7281402b51c653de350903fa4bb04	d__Bacteria
bac_4715d00a2315b24a3fcc1b66ae839a94	d__Bacteria
bac_9e321e51f6505c6746a761f6dc55e7f7	d__Bacteria
bac_a9fcc331b4725affdbf11d219a193ece	d__Bacteria
bac_48577e901e3c3c456e51cbc42d9e1787	d__Bacteria
bac_13aa4b30a45dad70c3ed431c8c184c6c	d__Bacteria
bac_eb36645d7872c6e957cb1a751885e92e	d__Bacteria
bac_68ffca37ae5925e5728873bc560f3f68	d__Bacteria
bac_581fb68a5a79dbbb31bfaa8ed3d789f4	d__Bacteria
bac_a51aabc18b8d13346756da5cba58b9f7	d__Bacteria
bac_5076e54a5b161b6fbbbe8f6c43eff9fa	d__Bacteria
bac_a5a83795c19d4850bbdfb7ee179e1a58	d__Bacteria
bac_ac027d8720c821776376a5ea332f8ff5	d__Bacteria
bac_e440872f4b92093030e88bafefb016f9	d__Bacteria
bac_ceef01c0f52effc28e4791ff939aa4df	d__Bacteria
bac_b25c21270199cc7e624f8fa2beaa1052	d__Bacteria
bac_ecdf1e0b7206cb6e5965471c7a7dda9d	d__Bacteria
bac_09a03a3d29755a61943d26440831bd38	d__Bacteria
bac_90a634fef584638a5861ac4f26074d88	d__Bacteria
bac_e92cb07172d567b05a3f668c34ca16a3	d__Bacteria
bac_6d8f31f63c5e69c3e877edf2757ab015	d__Bacteria
bac_db5e75aa69dc12d2c0b20c2e918d5bff	d__Bacteria
bac_b454a93768124af9d6a93073e7eb1e4d	d__Bacteria
bac_8f0130c75c621be2fa74ea558b46ff5e	d__Bacteria
bac_618f7008be6bd049df1ea7581d394ab9	d__Bacteria
bac_2422db020a19edf8d6a19babefd48aef	d__Bacteria
bac_30481a5d312e05b559fe9156b8f0abee	d__Bacteria
bac_84068407639bc84d47f40015221ea4e4	d__Bacteria
bac_340a48970e248a368a25e7a4f0943b38	d__Bacteria
bac_840bde91c031948aaa5f8312a3d4d62d	d__Bacteria
bac_4396b241079dfac056c09bd88cdd9963	d__Bacteria
bac_3045f8d0eb7332c151789dc0670aeac3	d__Bacteria
bac_642d2a43a0d5f6a1be11918cbcc13fca	d__Bacteria
bac_3b55620dcd43cf9c3b1362028ffe2da3	d__Bacteria
fun_0159fbde605b8b7ea2b1304bfd276b82	Fungi
fun_0167ba52b37db72a6e74b1ffdf1e8c7c	Fungi
fun_01eac8bbcb29488982fcff6a1bc04847	Fungi
fun_02366a28671be3d5b7de54f132fdabe0	Fungi
fun_0524318733f878058e4606b2306dc1a5	Fungi
fun_06cfcbf25674fdf39cf677004d947765	Fungi
fun_06e6ea6ae4b943568ace88db8128520b	Fungi
fun_06f8d41be81eaee8ce118fd6a6917570	Fungi
fun_0729e9fcffd1962b7a39b3d93902e0f3	Fungi
fun_09f70a3943cbdf8905cd01a456c50098	Fungi
fun_0a78cfc5f61db7e320fd3b2466e8d884	Fungi
fun_0aa84d7f105e25afc127f6dd778d8ca6	Fungi
fun_0c71d1a914a5652a162cb96453c9c31d	Fungi
fun_0caff3ea96200df0218aa344b0f3dc1e	Fungi
fun_0cbb44bb9bc91c77e8f74ad2ace1d58c	Fungi
fun_0cefc2f0bcb2fe7c323cb28ac235e7d7	Fungi
fun_0d31e3334880aee4eb26713a0e4104a5	Fungi
fun_0e4a4b1cd4283317ad2fe0dc25a07b9d	Fungi
fun_0e9e31f5b9fc1235aaa1f8238c384a26	Fungi
fun_0f2391ae814368a77e456e4357192e31	Fungi
fun_0f32da71e26972640eb84b6a3fcc774e	Fungi
fun_10b7a3ca6b1444c66f3b28fed3f26c99	Fungi
fun_118c0ccd7f3578d17e0db218e80ec7ba	Fungi
fun_125198c1c805330221b886a492c2c4c6	Fungi
fun_1291d36523a6c20f273c7e5c4496df94	Fungi
fun_12b1abb4808bf2b265863e72f762a584	Fungi
fun_1455565e7c2198d1f5f87a6915b8e5a2	Fungi
fun_1949eec497be87ab032fa3316b754479	Fungi
fun_1a4c8a00ffd3e3463eba4bb201d91747	Fungi
fun_1b9d7859cdab8b86d6b8b62f84b1334d	Fungi
fun_1c402e380e09d35cfb2c8852e229f8a9	Fungi
fun_1c44ba6433bec9b7aff23fb35d73b03b	Fungi
fun_1c676f4ebdcb691f888fa38f57182cef	Fungi
fun_2065255edb28245468bc8518f66b4742	Fungi
fun_210459b7b6a2a456b09f184f6d939bc8	Fungi
fun_21374689d42d16d788e3396df574d047	Fungi
fun_214a4f3065fc3759698e72be652c9a34	Fungi
fun_2158fe2489e1b9614d067a49c9384d32	Fungi
fun_2180096d9fae52c2811c7cd308dbd207	Fungi
fun_22d760b5ec59a5f4627ad7dd81871970	Fungi
fun_2371d49a803099d8e644da25bb974f68	Fungi
fun_23740c3775b854c52cdd2e3ec2b940e2	Fungi
fun_23d38fc6ca5b5310dd498f79ef490349	Fungi
fun_24748da7031194752cdf0424cc549d7d	Fungi
fun_250faf103554228cad8216e1e460fbb5	Fungi
fun_272443635e47bb81359b7a9340b5a7ae	Fungi
fun_277ab749a662c377adefa6a032102c63	Fungi
fun_286a6e26cac82848def0b0d2c83577c8	Fungi
fun_29086701d1f5919659e2739cc0a37d82	Fungi
fun_2a36166a3e8c57be47ff72951a9274f3	Fungi
fun_2bab4593bcd7c556ff6027b87b2f296b	Fungi
fun_2c0f51e54f8a497135bb1bcbb8650032	Fungi
fun_2d22ab2c6ddb63e71fce2897076dd31e	Fungi
fun_2f193ba4d56d6ca5c5067ca0dc12388e	Fungi
fun_2f60b972271a751f58655719fc6e6cff	Fungi
fun_2fd4823aefdc5d0cff20c9b343f59dfa	Fungi
fun_312d2c41e878eee9e2aa0950d232cb8e	Fungi
fun_324f1d12782a2ba758714f2368f7bf92	Fungi
fun_3386ce75410a8cb8e2231bf46ce924f5	Fungi
fun_33937cc1c82a2529593b9b0f935a8e90	Fungi
fun_347c44753e7c2ad2ae6a717b38a8afd7	Fungi
fun_3487e7a66b1216ab236c1206ef2508a3	Fungi
fun_355aca9bcdfb0c7d8402753c5a694b05	Fungi
fun_35c8eddcaf7b0073ec6884d8565d05e1	Fungi
fun_38040dfe5f383720bf6bea322fc619aa	Fungi
fun_3875ccee852875404be496b5604364c4	Fungi
fun_3a4e315f23c99e5c84668dfabba21f89	Fungi
fun_3c915d279379b12fc2ed878e1cacf341	Fungi
fun_3cb3c6cd8442b957da3c4552abe5155d	Fungi
fun_4193543e36d7cbfcdcb829680e8252cc	Fungi
fun_41f4e5b0f33bad087229b6f6815f964c	Fungi
fun_4221a9af1d4a745332f707c0406fc7bc	Fungi
fun_4234e9e9b70e7d95205dfd5784dc5843	Fungi
fun_42842fcfe5fb451b64c00a371bcdd108	Fungi
fun_45260e08bac348031173be2f3f20040e	Fungi
fun_45631d9c65545ed312005b3293a0946b	Fungi
fun_45f557eea46f548fbcdabafae321dacd	Fungi
fun_46bb506cd300f76f0f75d8a7f9a681b4	Fungi
fun_47353298fec24beb6ed1f5bad1c76001	Fungi
fun_47e902ad3c281748949aba844185f99c	Fungi
fun_47f2d9bfe6e31100ef4427446a831781	Fungi
fun_4934890b83229e4f3cb22c3b915e25d4	Fungi
fun_4998b3c120cb4912ddcc77878ac45df2	Fungi
fun_49fe0c39a70290e6d28a25b3ceb1498b	Fungi
fun_4bcb8c7f816497c699847b2ea5e2314a	Fungi
fun_4c6ff3598dcaf6a9a7e11a65442a751c	Fungi
fun_4f0ab95b8153df635b9641d712c2920f	Fungi
fun_4f2e20c8dc695a9a789127c38e1278e1	Fungi
fun_4f319a726690a5fd7721d15536198d81	Fungi
fun_5333855fb32945a487d3331c6c793040	Fungi
fun_536498ad86c36727ebca33f47cfada00	Fungi
fun_53e2f66ea5c9838b53638808c5eee304	Fungi
fun_54264f5a5422c3cc71ccc6d49629d74a	Fungi
fun_54335873164e6a3e028c2e5eeaa76392	Fungi
fun_55b50249d94b6971e097c54f10ce9f1e	Fungi
fun_567718e73bc1b502fc38a82bb73e6879	Fungi
fun_57c1928602d19022a67038d35c851d21	Fungi
fun_5848680771618eee66bc844e2db4ebd4	Fungi
fun_58c1e23d5186fc6f1a15b0453213b3b1	Fungi
fun_5a5ae0e4fa677fdd087c0f6764761214	Fungi
fun_5ce49492d8d11e0bd521e99d998bc824	Fungi
fun_5f0b44624870e672b82fc6716b8aad01	Fungi
fun_6111450ab5adf32b633de5d3dfd4b46e	Fungi
fun_62d78f5707b8cd9911c1593d8015a879	Fungi
fun_65751f8875fa9a4cc49e87f0f9edc80d	Fungi
fun_6599bfe42d8c3709907478178bacae76	Fungi
fun_66743b133436023aad67942e15edd8f9	Fungi
fun_6726e9d29c0fca426c4f440cf6cb046f	Fungi
fun_683724960932ba975963b2447692db7e	Fungi
fun_693613c84c44f7140cc3d15e45e0bfd7	Fungi
fun_69f67412f6d0f6ed8537b40d0f34e8bc	Fungi
fun_6b4ac75d52740dfbcbe2d6a3a1664755	Fungi
fun_6b7b3153f86ee62a0aacee90a0d0118c	Fungi
fun_6c2e7b127282a35015d4e99765091247	Fungi
fun_6d6e4661cedc4e067006f6428d3ccbd9	Fungi
fun_6e4dcfce19b437c5fa5b0d8d738578af	Fungi
fun_6e5acbe22fbc6a684db46a120e9f74ea	Fungi
fun_70dc98390207e1854c846db18b1ecf63	Fungi
fun_714f6a34e95c5e894dc374f0c399001f	Fungi
fun_720b2e766a3be1cfe3d9f9451e50a1cb	Fungi
fun_729dbff0ad56f74f16f888c72f9dd00f	Fungi
fun_74f42ee4275efc25354737b3abee424f	Fungi
fun_7562647057cc54e8f62f2bad26b87179	Fungi
fun_79df431e4af83054cf3aea0465a2b5ea	Fungi
fun_79f1fc8642d1a265f3f8ef5188e671ed	Fungi
fun_7a1c2fe35bf31b3e2090c15ed19bdeae	Fungi
fun_7a8e93e9b7bf5e8cdc7cad953c244980	Fungi
fun_7c935208489995e87e119cb9abc79654	Fungi
fun_7cfd3dce3e2f93d64db98db66391538b	Fungi
fun_7e6a90c3cfbacd00bd0b0d450c46c517	Fungi
fun_7e910b6456109c70bda898a1744096d4	Fungi
fun_7fe76ee825b3c77e28a7d1e70aabd4c5	Fungi
fun_81ea074dda3d567a71d9003ad53a1e52	Fungi
fun_85982f92d15dd424dd886ed97cdb9953	Fungi
fun_85b555e22d19d03795638e9d49023b94	Fungi
fun_86dd6cf93b827a3558b2d1db2b624e72	Fungi
fun_89a9d43450c83d1766c918b03ef5a1dd	Fungi
fun_8b8e1c2535a9671eabc277830c4fe8b5	Fungi
fun_8b9004935e8dcd6f085d5c15bbc0f31e	Fungi
fun_8c97ac471880e482d370a14e3f3ae4a6	Fungi
fun_8ccb4b24614a0cff2d35bc9f15b91856	Fungi
fun_8d2bad89e7f124724887d4e3036be646	Fungi
fun_8fc4fac85ee8640e9500bb5831afe6b0	Fungi
fun_90c24eb9a39afa6a01bc2d0f213e805a	Fungi
fun_9169f78999dd31b424dbd92a56a8c647	Fungi
fun_91fb579e83cb7ff05a1d8869e5e7a783	Fungi
fun_922fba29d22372624435605d293f3a28	Fungi
fun_927027479da55fe3e3a292bfe1c77169	Fungi
fun_94d917a9acb7c9f18e9f7fa62225cdf6	Fungi
fun_95b8f9cc2c8671f62fe85fb53f4289f3	Fungi
fun_967d3a3c39f2f5a5891827e7cab6e5fe	Fungi
fun_96976bd08a056451c9329025f1f9596a	Fungi
fun_96bd7367a2b284e906e524c0d3ea12bc	Fungi
fun_9855be302a9726bcdb688cf8fbb97533	Fungi
fun_9896f7b3cf9bd0b0839caa8fffa94a43	Fungi
fun_9a35064261c9384a6740bbf3bd32e5d9	Fungi
fun_9f43298cab5ca5ee9c3b780bb5045e11	Fungi
fun_9fd168d363baaa01b1e4d633e18a9eeb	Fungi
fun_9fdb180e75a8ad5624a0328db1fa0ba9	Fungi
fun_a19d8244a29617590ac41ece10a1da1e	Fungi
fun_a1d92bd186f42a95349519ddf9aa91fb	Fungi
fun_a28ee535e8e8fa5859930f429660433e	Fungi
fun_a3a2dd5aa3151535dd8270ae478a8401	Fungi
fun_a475788ef659929871471c1744ec7f3d	Fungi
fun_a4fe255622c164fec3c18952aadf3cd7	Fungi
fun_a50d58895924c58e58f8b8495530da54	Fungi
fun_a5add3cb41a06fe3777ec66eafa0d201	Fungi
fun_a8daa63b2104c88f19db8eced34b6dfb	Fungi
fun_abd808bd07f1d21933ef5ef5050116db	Fungi
fun_ad9da3724a49f61b50680ba7ee3947f4	Fungi
fun_b163c0b164dead2a98defe2c37ed3cbd	Fungi
fun_b1f9817e510086a5b0fe9a4b0b515f39	Fungi
fun_b3e776671dcc86dc99a4b20300b8a204	Fungi
fun_b52a3ea4fd6069420679caf4241c801b	Fungi
fun_b6155a78d66e06baed759508b47f4ec8	Fungi
fun_b69f758c15c65176a498709815701b3b	Fungi
fun_b6c17784863d8ca0df880e4d5c4c2170	Fungi
fun_b7c051829ba00c5bda26815a626d5010	Fungi
fun_b8f3c964119deead9855eedce61cb5eb	Fungi
fun_b9366da8994c36aa73c3fccf6dd7dd8d	Fungi
fun_b9f011d775ce8542c757dc538bf63a1f	Fungi
fun_bb99bd6ab9f193dc1ed44c3bc8e10652	Fungi
fun_bbd407d31e7038a38ba850fb80da18cf	Fungi
fun_be936537d543df721d2d6e465a097971	Fungi
fun_beefa685a70929e4573b559a14f4167c	Fungi
fun_bef14d5fca5e566de33c2d6935befb01	Fungi
fun_c1a407678371dac108feea65bf6985cf	Fungi
fun_c1a9e87b41cdbdd611acf419998c12ca	Fungi
fun_c37dd1e535482014cbb5bd9aa864c2d3	Fungi
fun_c43e10fa3b25ac02e6a37f070df3263b	Fungi
fun_c50f5ad0d4d11e01c9d20523193b6072	Fungi
fun_c5c27a42a0e914a13a8d53ed4690a8f3	Fungi
fun_c82b27575fa9351a88fd14041f56c01a	Fungi
fun_c91240be916b85f78ecb59fc7058895b	Fungi
fun_c9e8f335f00d3b1f318d2c091ecfae60	Fungi
fun_cc387c913621b6d6192ba9110f13b0a9	Fungi
fun_cde515636353f7be08077d22dc8ff61f	Fungi
fun_cdf4caaa323d4c5489f16391d139813c	Fungi
fun_ce2e769554618c58d9ebf96e0fed8762	Fungi
fun_cf618880c7f0ace7a7bdb6820ad1afa5	Fungi
fun_cfa651347c94e676f6c5fa749f7f1cf8	Fungi
fun_d1d3ea70e6d57e97a362666d1a7a7ec0	Fungi
fun_d23114abc4325b750a4be8c35cf3da99	Fungi
fun_d292815810aa92389848a499c131f1f0	Fungi
fun_d40be4ff5cf29f494c04116d28565485	Fungi
fun_d4872bb4ed88fee9b87f6d9fa33e7ce6	Fungi
fun_d6401113e9c8f82041604baeabc6b187	Fungi
fun_d854488b6221f9df4bdf40fd52992a59	Fungi
fun_daf5ad437741d76e56bec505f7560e38	Fungi
fun_dc5110758b11f79a75227a78213c4d1f	Fungi
fun_dd394169cc6ef13eb9b3fa39a501c038	Fungi
fun_df30f1edf3c23405b2d24d2705cf7707	Fungi
fun_e006c22456bda68d9c4113992dcfd9e7	Fungi
fun_e008eedc46fb56a7e7a0b1a2bdfdf8a4	Fungi
fun_e09e76cd7cbe91138eb577f7abec19b2	Fungi
fun_e104cbfccb60e47d3442725eb62e2831	Fungi
fun_e11ae9481b4e3e572aff32650e706ed1	Fungi
fun_e1e1ab7b143b6aa0345451e1f681c5ea	Fungi
fun_e2df03c4f8c4626f954265a0a08ce968	Fungi
fun_e56fa2fae3901d608b8afcbfa6d34246	Fungi
fun_e5bf6cacfa2148602d1019a699e9204f	Fungi
fun_e5f64e3d3b97684a8bc7e69deeb67de8	Fungi
fun_e6abf7e30e9be514548e9c2289410cb9	Fungi
fun_e6f3fb7d31bdd7686398707942491537	Fungi
fun_e8104086057ebd5e7750091566260a02	Fungi
fun_e852926963eba0d5fdad3a9f4fe568b6	Fungi
fun_ea444593948c664d061b7bf45776df49	Fungi
fun_ecc0925f4392de6c08c6a061329fd378	Fungi
fun_ecda94593e7d6c88cc53f98bf695da16	Fungi
fun_ef75ceb1455f5561224cd50f122108e9	Fungi
fun_f051e70aa867848fd8e5fd826f7256cc	Fungi
fun_f1a7fec31a86379af6c0e886ce615217	Fungi
fun_f1b21f756b44e75b41c8a37408af48f5	Fungi
fun_f25341d99350562755613772d36a40a0	Fungi
fun_f2fd13c8184b9fd3e3b9720be9cca2e6	Fungi
fun_f39f4c420e993636ee325e7a01eec5c4	Fungi
fun_f3fe88aa407ee2dc2c7e826f575fdfb4	Fungi
fun_f43ee544958c6f04ee300ed42bd8ab7f	Fungi
fun_f706a24cd4738a2b24c2671115b26148	Fungi
fun_fa0a4fa10b65a1a6f7cb82185fb8d973	Fungi
fun_fa78b6a254cff46e42889f9436d013dc	Fungi
fun_faa089d82d13274e9860ea4eca1b7d44	Fungi
fun_fb2832a28e377bb3e5702f77807dd28e	Fungi
fun_fb75326ddc4fb977b3b9d5b576072c4d	Fungi
fun_fc103118419fa58af686fe80d693fb9e	Fungi
fun_fd3684453f856dcc4dd937a3544c61fc	Fungi
fun_fd49afeea05ea589b5d01bc1387bc139	Fungi
fun_fd9887a5036ac9da632d6843d5b3fb70	Fungi
fun_fe2ac47fcfb209c2b977b6ba54f1f5fd	Fungi
euk_aecc5918fd8dc2b6ec5115c02e519e22	Eukaryota
euk_e1b1ede819104b16f8ed41b4bb7f43f7	Eukaryota
euk_fd3a8425d9bb2c32943dbcb47d8a23bb	Eukaryota
euk_b459a7138b2fa346b463fa4b166ba6a4	Eukaryota
euk_ead4d033d0bc5a4712f5ac01c894991b	Eukaryota
