SampleID	SampleName	Group	I7_Index_ID	index	I5_Index_ID	index2	Description	Type	Site	replicate	replicate2	Unit	d13C	HIX	BIX	POC	DOC	TDN	TDP	Temp	DO	EC	qpcr
Bac_013	T054	Sample	N710	CAGCCTCG	S506	ACTGCATA	tile_d_1	tile_d	1	2	3	A	-25.295	3.172	0.763	34.75043784	78.21346884	7.95	0.11615	7.8	10.79	2.33	16193.11698
Bac_016	T050	Sample	N710	CAGCCTCG	S502	CTCTCTAT	tile_d_1	tile_d	1	1	2	A	-25.295	3.172	0.763	34.75043784	78.21346884	7.95	0.11615	7.8	10.79	2.33	8080.399915
Bac_018	T053	Sample	N710	CAGCCTCG	S505	GTAAGGAG	tile_d_1	tile_d	1	2	2	A	-25.295	3.172	0.763	34.75043784	78.21346884	7.95	0.11615	7.8	10.79	2.33	7496.614951
Bac_019	T051	Sample	N710	CAGCCTCG	S503	TATCCTCT	tile_d_1	tile_d	1	1	3	A	-25.295	3.172	0.763	34.75043784	78.21346884	7.95	0.11615	7.8	10.79	2.33	1983.415122
Bac_048	T029	Sample	N705	GGACTCCT	S502	CTCTCTAT	tile_l_1	tile_l	1	2	2	A	-25.295	3.172	0.763	34.75043784	78.21346884	7.95	0.11615	7.8	10.79	2.33	29087.47764
Bac_051	T030	Sample	N705	GGACTCCT	S503	TATCCTCT	tile_l_1	tile_l	1	2	3	A	-25.295	3.172	0.763	34.75043784	78.21346884	7.95	0.11615	7.8	10.79	2.33	453833.5132
Bac_058	T049	Sample	N707	GTAGAGAG	S510	CGTCTAAT	tile_d_1	tile_d	1	1	1	A	-25.295	3.172	0.763	34.75043784	78.21346884	7.95	0.11615	7.8	10.79	2.33	30132.42114
Bac_063	T090	Sample	N707	GTAGAGAG	S513	TCGACTAG	sediment_20_1	sediment_20	1	1	1	C	-24.9	3.215	0.78	48.07160836	146.2835414	13.6025	0.1225	7.8	10.79	2.33	5033.622094
Bac_076	T005	Sample	N701	TAAGGCGA	S507	AAGGAGTA	leaf_1	leaf	1	2	2	A	-25.295	3.172	0.763	34.75043784	78.21346884	7.95	0.11615	7.8	10.79	2.33	241397.0574
Bac_077	T004	Sample	N701	TAAGGCGA	S506	ACTGCATA	leaf_1	leaf	1	2	1	A	-25.295	3.172	0.763	34.75043784	78.21346884	7.95	0.11615	7.8	10.79	2.33	3478233.213
Bac_078	T002	Sample	N701	TAAGGCGA	S504	AGAGTAGA	leaf_1	leaf	1	1	2	A	-25.295	3.172	0.763	34.75043784	78.21346884	7.95	0.11615	7.8	10.79	2.33	N/A
Bac_080	T006	Sample	N701	TAAGGCGA	S508	CTAAGCCT	leaf_1	leaf	1	2	3	A	-25.295	3.172	0.763	34.75043784	78.21346884	7.95	0.11615	7.8	10.79	2.33	2834046.025
Bac_083	T001	Sample	N701	TAAGGCGA	S503	TATCCTCT	leaf_1	leaf	1	1	1	A	-25.295	3.172	0.763	34.75043784	78.21346884	7.95	0.11615	7.8	10.79	2.33	1560524.121
Bac_098	T075	Sample	N714	TCATGAGC	S507	AAGGAGTA	sediment_5_1	sediment_5	1	1	3	B	NA	NA	NA	NA	NA	NA	NA	7.8	10.79	2.33	33978.10843
Bac_099	T074	Sample	N714	TCATGAGC	S506	ACTGCATA	sediment_5_1	sediment_5	1	1	2	B	NA	NA	NA	NA	NA	NA	NA	7.8	10.79	2.33	11642.27211
Bac_101	T077	Sample	N714	TCATGAGC	S510	CGTCTAAT	sediment_5_1	sediment_5	1	2	2	B	NA	NA	NA	NA	NA	NA	NA	7.8	10.79	2.33	312708.4017
Bac_102	T076	Sample	N714	TCATGAGC	S508	CTAAGCCT	sediment_5_1	sediment_5	1	2	1	B	NA	NA	NA	NA	NA	NA	NA	7.8	10.79	2.33	1545331.517
Bac_105	T073	Sample	N714	TCATGAGC	S505	GTAAGGAG	sediment_5_1	sediment_5	1	1	1	B	NA	NA	NA	NA	NA	NA	NA	7.8	10.79	2.33	13943.4599
Bac_121	T025	Sample	N704	TCCTGAGC	S506	ACTGCATA	tile_l_1	tile_l	1	1	1	A	-25.295	3.172	0.763	34.75043784	78.21346884	7.95	0.11615	7.8	10.79	2.33	154657.1742
Bac_123	T028	Sample	N704	TCCTGAGC	S510	CGTCTAAT	tile_l_1	tile_l	1	2	1	A	-25.295	3.172	0.763	34.75043784	78.21346884	7.95	0.11615	7.8	10.79	2.33	11745.83187
Bac_124	T027	Sample	N704	TCCTGAGC	S508	CTAAGCCT	tile_l_1	tile_l	1	1	3	A	-25.295	3.172	0.763	34.75043784	78.21346884	7.95	0.11615	7.8	10.79	2.33	25693.90988
