"SampleID","Site","Type","Order.q","qD","qD.LCL","qD.UCL","SC_star"
"Euk_010","3","sediment_20",0,19.7164307449905,19.3917790310026,20.0410824589785,0.999
"Euk_010","3","sediment_20",1,14.0419794831827,13.6847410479624,14.3992179184031,0.999
"Euk_010","3","sediment_20",2,11.2744594667487,10.7752204086247,11.7736985248728,0.999
"Euk_017","3","sediment_20",0,37.2650481729085,36.6641175790499,37.865978766767,0.999
"Euk_017","3","sediment_20",1,28.3497680433099,28.0064048978959,28.693131188724,0.999
"Euk_017","3","sediment_20",2,23.7681833682125,23.2560138515157,24.2803528849093,0.999
"Euk_020","3","sediment_20",0,89.3720665827217,88.221539060609,90.5225941048344,0.999
"Euk_020","3","sediment_20",1,63.7837751588223,63.1782524595858,64.3892978580587,0.999
"Euk_020","3","sediment_20",2,51.4176914604427,50.521361710959,52.3140212099265,0.999
"Euk_022","3","sediment_20",0,37.8158788400652,37.3385110456194,38.2932466345111,0.999
"Euk_022","3","sediment_20",1,29.2214386723488,28.9066085023628,29.5362688423348,0.999
"Euk_022","3","sediment_20",2,25.0814161566871,24.6496195565538,25.5132127568204,0.999
"Euk_023","3","sediment_5",0,52.0561931547,49.7477384782352,54.3646478311648,0.999
"Euk_023","3","sediment_5",1,25.75784941155,25.3591911442512,26.1565076788489,0.999
"Euk_023","3","sediment_5",2,21.0554364966176,20.5972212251632,21.513651768072,0.999
"Euk_024","3","sediment_5",0,46.1846230280365,45.2726834094645,47.0965626466084,0.999
"Euk_024","3","sediment_5",1,31.4674965942996,31.059284181536,31.8757090070632,0.999
"Euk_024","3","sediment_5",2,25.5483723349892,24.9978622419091,26.0988824280693,0.999
"Euk_025","3","sediment_5",0,57.2074985222548,55.1115116492423,59.3034853952674,0.999
"Euk_025","3","sediment_5",1,29.8591372753209,29.4152534968347,30.303021053807,0.999
"Euk_025","3","sediment_5",2,24.7210055460945,24.2236595341644,25.2183515580245,0.999
"Euk_027","3","sediment_5",0,57.1405968468864,56.3838888360463,57.8973048577264,0.999
"Euk_027","3","sediment_5",1,35.046437600432,34.4847122706044,35.6081629302595,0.999
"Euk_027","3","sediment_5",2,25.9245923288505,25.2079910160328,26.6411936416682,0.999
"Euk_028","3","sediment_5",0,51.9635260988714,49.1126782268683,54.8143739708746,0.999
"Euk_028","3","sediment_5",1,23.1597275057672,22.7136642991692,23.6057907123652,0.999
"Euk_028","3","sediment_5",2,17.7977434164341,17.3233173009949,18.2721695318733,0.999
"Euk_030","3","sediment_5",0,40.3840466832184,39.0033872201097,41.764706146327,0.999
"Euk_030","3","sediment_5",1,22.7182415951215,22.3773190663518,23.0591641238913,0.999
"Euk_030","3","sediment_5",2,18.6536273390581,18.2742922668614,19.0329624112548,0.999
"Euk_090","3","tile_l",0,45.5440097076791,44.5043876419891,46.5836317733691,0.999
"Euk_090","3","tile_l",1,24.9640215165514,24.4756700372164,25.4523729958863,0.999
"Euk_090","3","tile_l",2,17.8171059109149,17.2420519433265,18.3921598785032,0.999
"Euk_091","3","tile_l",0,24.3496159316351,23.7432600388181,24.9559718244521,0.999
"Euk_091","3","tile_l",1,14.0039386373321,13.7342319154426,14.2736453592216,0.999
"Euk_091","3","tile_l",2,11.3535792339199,11.0727353045147,11.6344231633252,0.999
"Euk_092","3","tile_l",0,79.8232067546425,77.8689244136089,81.777489095676,0.999
"Euk_092","3","tile_l",1,41.3515329933132,40.7914298479628,41.9116361386636,0.999
"Euk_092","3","tile_l",2,32.721027589251,32.1439720097687,33.2980831687333,0.999
"Euk_093","3","tile_l",0,63.5894955666826,62.090541585527,65.0884495478383,0.999
"Euk_093","3","tile_l",1,38.3349736156023,37.7609929681642,38.9089542630404,0.999
"Euk_093","3","tile_l",2,31.1542071976895,30.5262219221549,31.7821924732241,0.999
"Euk_096","3","tile_l",0,67.7045798665204,65.3138229435084,70.0953367895324,0.999
"Euk_096","3","tile_l",1,31.0646899583063,30.6182449176289,31.5111349989838,0.999
"Euk_096","3","tile_l",2,24.3813758169737,23.8864301641905,24.8763214697569,0.999
"Euk_097","3","tile_l",0,95.3835931183114,92.785865083231,97.9813211533917,0.999
"Euk_097","3","tile_l",1,46.1256509766527,45.468910032705,46.7823919206003,0.999
"Euk_097","3","tile_l",2,33.9783770269755,33.3029636962369,34.6537903577141,0.999
"Euk_114","3","tile_d",0,34.7229847162627,33.4364981394463,36.0094712930791,0.999
"Euk_114","3","tile_d",1,16.7124608583467,16.397253542852,17.0276681738413,0.999
"Euk_114","3","tile_d",2,13.0855914102645,12.7477298833578,13.4234529371712,0.999
"Euk_117","3","tile_d",0,78.3015982924031,75.462163601372,81.1410329834341,0.999
"Euk_117","3","tile_d",1,40.2315536597351,39.6460398096128,40.8170675098574,0.999
"Euk_117","3","tile_d",2,32.7586656254091,32.1831591933797,33.3341720574385,0.999
"Euk_119","3","tile_d",0,12.5787588497881,10.0567187079091,15.1007989916671,0.999
"Euk_119","3","tile_d",1,7.31988287653041,7.11012776189716,7.52963799116366,0.999
"Euk_119","3","tile_d",2,6.40479843645184,6.18266747696947,6.6269293959342,0.999
"Euk_134","3","tile_d",0,42.5761213491473,40.6943369752256,44.4579057230689,0.999
"Euk_134","3","tile_d",1,17.085092475543,16.757057965464,17.413126985622,0.999
"Euk_134","3","tile_d",2,12.8697366894318,12.5559391600028,13.1835342188608,0.999
"Euk_137","3","tile_d",0,50.1511478886829,48.3672462616103,51.9350495157555,0.999
"Euk_137","3","tile_d",1,27.2728830439284,26.891600348959,27.6541657388979,0.999
"Euk_137","3","tile_d",2,23.1398703703506,22.7167756890578,23.5629650516434,0.999
"Euk_138","3","tile_d",0,36.3874477661972,34.3674493649911,38.4074461674034,0.999
"Euk_138","3","tile_d",1,19.0858311743759,18.7715749552925,19.4000873934592,0.999
"Euk_138","3","tile_d",2,16.3287455029681,15.9622816398068,16.6952093661294,0.999
"Euk_012","2","tile_d",0,53.4568802676093,51.2272856640421,55.6864748711766,0.999
"Euk_012","2","tile_d",1,21.9339493841392,21.5057261632165,22.3621726050619,0.999
"Euk_012","2","tile_d",2,15.4587635861831,14.9146155521001,16.0029116202662,0.999
"Euk_015","2","tile_d",0,60.9757736017606,57.4152443247854,64.5363028787358,0.999
"Euk_015","2","tile_d",1,25.9781817642285,25.470155931861,26.4862075965961,0.999
"Euk_015","2","tile_d",2,20.5635426668737,20.1092560379047,21.0178292958427,0.999
"Euk_045","2","tile_l",0,131.41009833721,127.231601535417,135.588595139004,0.999
"Euk_045","2","tile_l",1,40.1811687123979,39.5969038340863,40.7654335907095,0.999
"Euk_045","2","tile_l",2,28.2316826750831,27.6120633930113,28.8513019571549,0.999
"Euk_046","2","tile_l",0,14.8706136203297,13.0948006580046,16.6464265826549,0.999
"Euk_046","2","tile_l",1,5.78094311817538,5.51915230815498,6.04273392819577,0.999
"Euk_046","2","tile_l",2,4.62467535791849,4.41492020998024,4.83443050585674,0.999
"Euk_047","2","tile_l",0,48.7354510094551,46.8333366989098,50.6375653200005,0.999
"Euk_047","2","tile_l",1,20.6251318141407,20.1356299384006,21.1146336898808,0.999
"Euk_047","2","tile_l",2,14.998669749222,14.5678055081621,15.4295339902818,0.999
"Euk_048","2","tile_l",0,109.285504965588,106.077333870254,112.493676060922,0.999
"Euk_048","2","tile_l",1,45.8285006334218,45.2409333915192,46.4160678753244,0.999
"Euk_048","2","tile_l",2,32.6634245385558,32.091611971737,33.2352371053746,0.999
"Euk_051","2","tile_l",0,31.7976776720805,27.3629544455904,36.2324008985706,0.999
"Euk_051","2","tile_l",1,12.1288587669169,11.6621865188306,12.5955310150032,0.999
"Euk_051","2","tile_l",2,8.89755526772753,8.49055773159299,9.30455280386207,0.999
"Euk_082","2","leaf",0,22.3098732098049,21.6137351880246,23.0060112315851,0.999
"Euk_082","2","leaf",1,11.2592318096736,11.0252459847988,11.4932176345484,0.999
"Euk_082","2","leaf",2,9.25236930537766,8.99787355858696,9.50686505216836,0.999
"Euk_094","2","tile_l",0,45.4664744235895,43.3789251736914,47.5540236734876,0.999
"Euk_094","2","tile_l",1,19.4866883080819,19.0608677536524,19.9125088625114,0.999
"Euk_094","2","tile_l",2,13.7028728794187,13.2771073975637,14.1286383612737,0.999
"Euk_135","2","tile_d",0,154.719466268571,150.666807745001,158.77212479214,0.999
"Euk_135","2","tile_d",1,53.7024021176348,53.0123627859174,54.3924414493522,0.999
"Euk_135","2","tile_d",2,37.6560371312681,36.9224707332088,38.3896035293273,0.999
"Euk_136","2","tile_d",0,106.651428504051,102.930298165557,110.372558842545,0.999
"Euk_136","2","tile_d",1,36.6419194107756,36.069544334487,37.2142944870641,0.999
"Euk_136","2","tile_d",2,25.5038866682253,24.8477658375854,26.1600074988653,0.999
"Euk_141","2","tile_d",0,69.9317487507818,67.8717551213887,71.9917423801748,0.999
"Euk_141","2","tile_d",1,39.0857602865073,38.4966274929347,39.6748930800799,0.999
"Euk_141","2","tile_d",2,31.2610433135427,30.6476771920221,31.8744094350633,0.999
"Euk_142","2","tile_d",0,288.889222471107,282.147324458937,295.631120483278,0.999
"Euk_142","2","tile_d",1,79.724199000939,78.7936817241537,80.6547162777242,0.999
"Euk_142","2","tile_d",2,53.7185534720113,52.866428224455,54.5706787195677,0.999
"Euk_013","1","tile_d",0,82.0889715802593,79.9021412698515,84.2758018906672,0.999
"Euk_013","1","tile_d",1,31.1196711678325,30.6105209072347,31.6288214284302,0.999
"Euk_013","1","tile_d",2,23.5468511725285,23.1216300629814,23.9720722820756,0.999
"Euk_014","1","tile_d",0,24.270458230003,22.4720885825343,26.0688278774716,0.999
"Euk_014","1","tile_d",1,12.7298451081256,12.4586482113483,13.0010420049028,0.999
"Euk_014","1","tile_d",2,11.0544300215624,10.7826191606737,11.3262408824512,0.999
"Euk_016","1","tile_d",0,48.8514973854484,46.0295176414079,51.6734771294888,0.999
"Euk_016","1","tile_d",1,19.6133715717324,19.167407308343,20.0593358351219,0.999
"Euk_016","1","tile_d",2,13.0406869485581,12.592008098245,13.4893657988713,0.999
"Euk_018","1","tile_d",0,70.2228092396891,67.4842347453907,72.9613837339876,0.999
"Euk_018","1","tile_d",1,26.6642952901438,26.2038805274625,27.124710052825,0.999
"Euk_018","1","tile_d",2,18.4946360184527,17.983113380028,19.0061586568773,0.999
"Euk_019","1","tile_d",0,54.2772193130638,51.9815550334404,56.5728835926872,0.999
"Euk_019","1","tile_d",1,20.5079784020196,20.0145237385247,21.0014330655145,0.999
"Euk_019","1","tile_d",2,15.2716886600213,14.832399777279,15.7109775427637,0.999
"Euk_049","1","tile_l",0,52.1853079197835,50.006861450524,54.363754389043,0.999
"Euk_049","1","tile_l",1,24.2746193544507,23.9034302917659,24.6458084171355,0.999
"Euk_049","1","tile_l",2,18.1759022505633,17.6989180795817,18.6528864215449,0.999
"Euk_052","1","tile_l",0,35.3214779231461,33.5491933509497,37.0937624953425,0.999
"Euk_052","1","tile_l",1,20.8573825569917,20.5852320058317,21.1295331081517,0.999
"Euk_052","1","tile_l",2,18.2113563463035,17.8416630087778,18.5810496838291,0.999
"Euk_059","1","tile_d",0,46.3726429432133,43.3004649128367,49.4448209735899,0.999
"Euk_059","1","tile_d",1,17.7108264435814,17.2801473140697,18.1415055730931,0.999
"Euk_059","1","tile_d",2,13.3025901728206,12.9247479352525,13.6804324103888,0.999
"Euk_064","1","sediment_20",0,108.241974652296,106.857155834118,109.626793470474,0.999
"Euk_064","1","sediment_20",1,62.128502809622,61.420194340096,62.8368112791479,0.999
"Euk_064","1","sediment_20",2,48.4161100330918,47.6640094389508,49.1682106272328,0.999
"Euk_066","1","sediment_20",0,64.6554294888685,64.1524385541424,65.1584204235946,0.999
"Euk_066","1","sediment_20",1,45.9334551522806,45.4025139206112,46.4643963839501,0.999
"Euk_066","1","sediment_20",2,35.6496278417024,34.8300397785453,36.4692159048595,0.999
"Euk_079","1","leaf",0,15.4660469837511,14.5052758362925,16.4268181312097,0.999
"Euk_079","1","leaf",1,8.76118464153618,8.48864644716832,9.03372283590404,0.999
"Euk_079","1","leaf",2,7.19506880476693,6.92260476853856,7.4675328409953,0.999
"Euk_080","1","leaf",0,17.3390989460724,16.1220288372257,18.556169054919,0.999
"Euk_080","1","leaf",1,8.77095154402428,8.58494444477045,8.95695864327811,0.999
"Euk_080","1","leaf",2,7.71021999886597,7.50626918289393,7.91417081483802,0.999
"Euk_081","1","leaf",0,24.6699898186531,23.7155598770247,25.6244197602814,0.999
"Euk_081","1","leaf",1,15.3163185463542,15.0365650891582,15.5960720035501,0.999
"Euk_081","1","leaf",2,12.2153885441311,11.8501123624094,12.5806647258528,0.999
"Euk_083","1","leaf",0,24.7456708053612,23.671658119094,25.8196834916285,0.999
"Euk_083","1","leaf",1,14.181395048471,13.952525167399,14.410264929543,0.999
"Euk_083","1","leaf",2,12.4257505453537,12.1943389346384,12.6571621560691,0.999
"Euk_086","1","leaf",0,93.7498781123251,90.8109630671794,96.6887931574709,0.999
"Euk_086","1","leaf",1,37.9900816533271,37.4396289612706,38.5405343453837,0.999
"Euk_086","1","leaf",2,28.4482235376593,27.9155895270821,28.9808575482365,0.999
"Euk_101","1","sediment_5",0,196.322666775474,193.29620271723,199.349130833719,0.999
"Euk_101","1","sediment_5",1,73.1577233869168,72.2508995903926,74.064547183441,0.999
"Euk_101","1","sediment_5",2,45.461382267244,44.3359093527267,46.5868551817614,0.999
"Euk_102","1","sediment_5",0,281.282373111252,277.9301400622,284.634606160304,0.999
"Euk_102","1","sediment_5",1,138.779763001137,137.606634581319,139.952891420955,0.999
"Euk_102","1","sediment_5",2,92.4868727599609,90.8237505372,94.1499949827217,0.999
"Euk_104","1","sediment_5",0,553.418963379808,546.557936768176,560.279989991439,0.999
"Euk_104","1","sediment_5",1,136.72150096315,135.371060776642,138.071941149659,0.999
"Euk_104","1","sediment_5",2,91.4269000044215,90.2969223948901,92.556877613953,0.999
"Euk_105","1","sediment_5",0,414.159836491696,409.750938415449,418.568734567944,0.999
"Euk_105","1","sediment_5",1,211.116384518488,209.721949648682,212.510819388293,0.999
"Euk_105","1","sediment_5",2,147.250791422397,145.336499246368,149.165083598427,0.999
"Euk_108","1","sediment_5",0,64.9543095745886,64.3234141014614,65.585205047716,0.999
"Euk_108","1","sediment_5",1,50.5757028847504,50.2063820346397,50.9450237348611,0.999
"Euk_108","1","sediment_5",2,43.216796427187,42.6233005952669,43.810292259107,0.999
"Euk_124","1","tile_l",0,37.6463702434543,35.9690766567073,39.3236638302014,0.999
"Euk_124","1","tile_l",1,21.2700401577411,20.9315490531671,21.608531262315,0.999
"Euk_124","1","tile_l",2,17.7794372188932,17.3478542168626,18.2110202209238,0.999
"Euk_126","1","tile_l",0,26.2921217912603,24.7348209721258,27.8494226103949,0.999
"Euk_126","1","tile_l",1,16.1744479572398,15.8875074951661,16.4613884193135,0.999
"Euk_126","1","tile_l",2,13.5901727185966,13.2642377991774,13.9161076380158,0.999
"Euk_127","1","tile_l",0,46.341811484157,44.387680768375,48.295942199939,0.999
"Euk_127","1","tile_l",1,22.1779996118646,21.8213145456633,22.534684678066,0.999
"Euk_127","1","tile_l",2,17.353080412515,16.9671952274632,17.7389655975667,0.999
"Euk_026","4","sediment_5",0,62.2860308388751,59.4085690147257,65.1634926630245,0.999
"Euk_026","4","sediment_5",1,27.2496607355564,26.795800383359,27.7035210877537,0.999
"Euk_026","4","sediment_5",2,21.1460285914226,20.648770924022,21.6432862588231,0.999
"Euk_056","4","tile_l",0,135.137934637662,132.240366364877,138.035502910448,0.999
"Euk_056","4","tile_l",1,52.8484111396401,52.1699040144573,53.526918264823,0.999
"Euk_056","4","tile_l",2,36.5337761803166,35.8005825044561,37.2669698561772,0.999
"Euk_057","4","tile_l",0,170.001753111154,165.955190440877,174.048315781431,0.999
"Euk_057","4","tile_l",1,66.8652346807218,66.0857027676787,67.6447665937648,0.999
"Euk_057","4","tile_l",2,47.836720743146,46.987953289441,48.6854881968509,0.999
"Euk_058","4","tile_l",0,55.6430177124443,54.0330865940487,57.2529488308398,0.999
"Euk_058","4","tile_l",1,29.8466999336123,29.3853450973864,30.3080547698383,0.999
"Euk_058","4","tile_l",2,23.0485111675605,22.4956078965083,23.6014144386126,0.999
"Euk_060","4","tile_l",0,54.1281771023313,52.1138664292362,56.1424877754264,0.999
"Euk_060","4","tile_l",1,28.5003481992646,28.0326593594044,28.9680370391247,0.999
"Euk_060","4","tile_l",2,23.1096548255517,22.6339291321483,23.585380518955,0.999
"Euk_061","4","sediment_5",0,17.4953451889994,16.6534041643384,18.3372862136603,0.999
"Euk_061","4","sediment_5",1,10.4323714398886,10.1114439153949,10.7532989643824,0.999
"Euk_061","4","sediment_5",2,8.04898279610569,7.69687490680265,8.40109068540873,0.999
"Euk_062","4","tile_l",0,132.39765912906,128.583606228936,136.211712029185,0.999
"Euk_062","4","tile_l",1,54.4153618760004,53.7610323719498,55.0696913800511,0.999
"Euk_062","4","tile_l",2,41.5228599166244,40.8606297062457,42.1850901270031,0.999
"Euk_063","4","tile_l",0,99.5821570407773,97.6327193730786,101.531594708476,0.999
"Euk_063","4","tile_l",1,48.5928231882071,47.9195724856533,49.2660738907608,0.999
"Euk_063","4","tile_l",2,37.3621291182066,36.6346335979202,38.089624638493,0.999
"Euk_075","4","sediment_20",0,18.2761713304243,17.7081381529952,18.8442045078534,0.999
"Euk_075","4","sediment_20",1,12.0266514629602,11.7778889117533,12.2754140141672,0.999
"Euk_075","4","sediment_20",2,10.5364189777083,10.293140442467,10.7796975129496,0.999
"Euk_084","4","sediment_5",0,69.1009031938823,67.0324923108741,71.1693140768906,0.999
"Euk_084","4","sediment_5",1,28.66150208396,28.0481443338719,29.274859834048,0.999
"Euk_084","4","sediment_5",2,20.4627564512888,19.8115359810612,21.1139769215163,0.999
"Euk_087","4","sediment_5",0,55.6681394442677,53.4873654706397,57.8489134178957,0.999
"Euk_087","4","sediment_5",1,28.2605185917369,27.8592060303808,28.661831153093,0.999
"Euk_087","4","sediment_5",2,22.8849498692942,22.4511628401986,23.3187368983899,0.999
"Euk_089","4","sediment_5",0,156.719341456234,151.797767228956,161.640915683512,0.999
"Euk_089","4","sediment_5",1,52.3164216580855,51.6037996904896,53.0290436256814,0.999
"Euk_089","4","sediment_5",2,37.3468178156579,36.5459169797075,38.1477186516083,0.999
"Euk_106","4","tile_d",0,22.2784965955529,20.44921437942,24.1077788116858,0.999
"Euk_106","4","tile_d",1,11.0974588303054,10.814303908784,11.3806137518269,0.999
"Euk_106","4","tile_d",2,8.58509705721988,8.27215535705221,8.89803875738755,0.999
"Euk_109","4","tile_d",0,43.712567728877,41.8293136772726,45.5958217804815,0.999
"Euk_109","4","tile_d",1,24.4938103837771,24.0232999943407,24.9643207732134,0.999
"Euk_109","4","tile_d",2,19.7472238679186,19.2556669330478,20.2387808027894,0.999
"Euk_113","4","tile_d",0,78.3589407261201,73.8903461489436,82.8275353032966,0.999
"Euk_113","4","tile_d",1,27.8295298455033,27.2365491522966,28.42251053871,0.999
"Euk_113","4","tile_d",2,21.8601723115892,21.4001907908408,22.3201538323375,0.999
"Euk_115","4","tile_d",0,96.5347467083944,93.4592111787307,99.6102822380581,0.999
"Euk_115","4","tile_d",1,35.8150304130997,35.1907620779344,36.4392987482649,0.999
"Euk_115","4","tile_d",2,23.880141639626,23.1853274767334,24.5749558025186,0.999
"Euk_116","4","tile_d",0,39.4134052047661,38.0209624767046,40.8058479328275,0.999
"Euk_116","4","tile_d",1,20.1539017039769,19.7744554572349,20.5333479507189,0.999
"Euk_116","4","tile_d",2,15.8478263293273,15.4436545528493,16.2519981058054,0.999
"Euk_125","4","leaf",0,12.8188769467117,11.697922491433,13.9398314019905,0.999
"Euk_125","4","leaf",1,6.59410228457736,6.27995909720624,6.90824547194847,0.999
"Euk_125","4","leaf",2,5.34855675896791,5.05443076601029,5.64268275192554,0.999
"Euk_128","4","leaf",0,54.1283524532115,52.1927429771787,56.0639619292443,0.999
"Euk_128","4","leaf",1,27.4913757509437,26.992317324642,27.9904341772453,0.999
"Euk_128","4","leaf",2,21.5635133822674,21.0478752518128,22.0791515127221,0.999
"Euk_129","4","sediment_20",0,62.5280842019014,61.2800671971712,63.7761012066315,0.999
"Euk_129","4","sediment_20",1,45.1341103297187,44.6240739982015,45.6441466612358,0.999
"Euk_129","4","sediment_20",2,38.301244408479,37.670544944146,38.931943872812,0.999
"Euk_130","4","leaf",0,16.5615639638695,15.5289376451775,17.5941902825616,0.999
"Euk_130","4","leaf",1,7.60904768032401,7.35771859031255,7.86037677033548,0.999
"Euk_130","4","leaf",2,5.94400307311383,5.69873258297342,6.18927356325425,0.999
"Euk_132","4","sediment_20",0,254.407803298986,248.35150072296,260.464105875011,0.999
"Euk_132","4","sediment_20",1,64.4950981105897,63.5695096925588,65.4206865286206,0.999
"Euk_132","4","sediment_20",2,41.3811709827269,40.53903685258,42.2233051128738,0.999
"Euk_140","4","sediment_20",0,552.026592087205,547.796737478088,556.256446696322,0.999
"Euk_140","4","sediment_20",1,283.148938613632,281.563358100691,284.734519126572,0.999
"Euk_140","4","sediment_20",2,191.348356648208,189.214211198605,193.482502097811,0.999
"Euk_143","4","sediment_20",0,963.713706845287,958.620479349605,968.806934340968,0.999
"Euk_143","4","sediment_20",1,554.712949846452,552.785323698106,556.640575994797,0.999
"Euk_143","4","sediment_20",2,418.238827717571,415.616127818947,420.861527616195,0.999
