ASV,Bac_002,Bac_004,Bac_007,Bac_008,Bac_012,Bac_013,Bac_015,Bac_016,Bac_017,Bac_018,Bac_019,Bac_020,Bac_021,Bac_022,Bac_023,Bac_024,Bac_026,Bac_027,Bac_028,Bac_030,Bac_039,Bac_044,Bac_045,Bac_046,Bac_047,Bac_048,Bac_050,Bac_051,Bac_055,Bac_056,Bac_058,Bac_059,Bac_060,Bac_061,Bac_062,Bac_063,Bac_065,Bac_072,Bac_076,Bac_077,Bac_078,Bac_079,Bac_080,Bac_081,Bac_082,Bac_083,Bac_084,Bac_086,Bac_087,Bac_088,Bac_089,Bac_090,Bac_091,Bac_093,Bac_094,Bac_098,Bac_099,Bac_101,Bac_102,Bac_103,Bac_105,Bac_106,Bac_110,Bac_112,Bac_113,Bac_114,Bac_121,Bac_122,Bac_123,Bac_124,Bac_125,Bac_126,Bac_127,Bac_129,Bac_131,Bac_132,Bac_133,Bac_134,Bac_135,Bac_137,Bac_138,Bac_139,Bac_140,Bac_141
fad50f143ebd5dfc60066f534061a2e2,0,0,0,0,0,240,0,100,0,251,97,99,0,111,0,0,0,0,0,0,0,0,0,0,0,237,0,287,0,0,166,0,0,0,0,34,216,0,84,166,84,0,115,0,297,208,0,0,0,0,0,0,0,0,0,0,0,272,69,0,0,0,0,0,0,0,104,0,95,240,0,0,0,81,0,0,0,0,0,0,0,0,0,0
c32e6d0ebe37ede482abf807f70f1dc6,0,0,0,0,0,106,49,76,0,102,90,37,47,0,0,0,0,0,0,6,0,14,0,0,23,99,15,107,0,0,97,0,0,0,0,0,369,0,95,128,66,29,93,0,245,163,0,0,0,0,0,0,0,0,0,65,131,373,373,0,7,0,0,0,0,0,23,0,103,83,0,0,0,0,0,0,0,0,0,0,17,63,0,0
132398ae30585fc78b3f5712f4c1f5ed,0,0,0,0,0,0,0,0,16,0,10,212,75,85,0,37,0,13,0,0,0,0,0,0,0,0,0,0,0,0,0,0,76,0,0,228,70,0,0,0,0,0,0,0,0,0,0,0,0,0,0,0,0,0,0,160,400,0,167,0,22,0,0,0,0,0,0,0,0,0,0,0,0,0,0,0,0,0,0,19,0,0,9,0
d8ec847a1b580b973a6d39850b67cff7,18,37,0,11,0,12,0,0,0,12,0,0,0,0,0,37,0,0,0,0,38,0,0,0,15,0,11,0,0,0,0,0,222,0,0,0,0,0,523,230,152,179,248,0,642,778,0,19,0,0,0,0,0,0,0,0,0,0,0,0,0,0,0,0,0,0,0,27,0,0,65,0,53,0,0,18,0,0,0,0,0,30,0,0
bb6cffbd750dd68856a8f953f207e12b,0,0,0,0,0,56,0,64,0,150,61,0,13,0,0,0,0,0,0,0,0,0,0,0,83,196,42,85,0,0,79,0,0,0,0,0,424,0,86,73,105,0,87,0,462,95,0,0,0,0,0,0,45,0,0,0,0,266,98,0,0,0,0,0,0,0,68,0,100,154,0,0,0,26,0,20,15,0,0,0,0,75,6,0
7ef1a0dae839d9d8f6a042cdf4a6a992,0,0,0,0,0,0,0,0,21,0,0,28,56,110,0,0,0,0,0,6,0,0,0,0,0,0,0,0,0,0,0,0,38,0,0,64,201,0,0,0,0,0,0,0,0,0,0,8,0,0,0,0,0,0,0,79,149,8,290,0,27,0,0,0,0,0,0,0,0,0,0,0,0,27,0,0,0,0,0,0,0,0,0,0
7da83bf0ed37b029b57059c335b5e835,0,0,0,0,0,42,0,23,14,46,53,93,0,0,0,0,0,0,0,0,0,0,0,0,0,45,0,23,0,0,31,0,0,0,0,229,51,0,24,51,61,0,38,0,68,81,0,0,0,0,0,0,0,0,0,162,206,731,267,0,17,0,0,0,0,0,0,0,19,23,0,0,0,0,0,0,0,0,0,0,0,12,0,0
2df133d83b53d33a81a3fc48ac2075c6,0,33,25,0,47,21,42,0,0,0,0,0,0,0,0,34,0,0,0,0,39,102,48,76,110,24,106,0,0,0,0,22,0,0,0,0,0,29,29,26,0,194,31,18,58,21,27,32,0,10,0,13,57,10,11,0,0,24,0,0,0,20,19,17,30,0,0,0,0,0,45,0,16,0,34,85,65,32,28,31,94,217,25,0
ed894aad9c149829ff0253eb2fe043d9,0,0,0,0,0,91,0,20,0,83,43,0,0,0,0,0,0,0,0,0,0,16,0,0,25,50,12,60,0,0,49,0,0,0,0,0,112,17,88,122,52,13,126,0,193,128,0,0,10,0,0,0,18,0,0,48,131,350,146,8,0,7,8,0,7,6,13,8,28,54,17,6,11,0,11,0,15,11,0,0,20,35,0,0
2c1b14313bb8fc6f13f02a14ca5e7c50,17,25,14,17,23,42,29,25,0,36,28,0,0,21,18,0,6,0,9,10,22,53,22,40,55,28,37,29,0,0,24,21,89,0,0,0,0,13,146,128,28,77,54,18,334,139,0,0,0,0,11,0,28,25,10,0,0,30,41,41,0,0,27,40,0,13,9,0,22,45,38,10,46,22,0,42,35,16,0,0,36,129,21,0
11e801efba707866d1e97aba33566102,272,0,220,175,0,0,0,55,0,0,0,0,0,0,0,0,0,0,0,0,0,0,0,0,0,0,0,0,8,10,0,0,0,20,0,0,0,0,0,0,0,58,0,0,0,0,0,0,81,0,68,142,30,139,62,11,0,0,0,0,0,14,0,0,0,29,0,26,0,0,65,0,48,0,0,0,0,28,0,0,0,0,0,0
ebff2c84f781472a24018db9354b867c,0,25,0,0,28,30,12,0,0,75,18,0,0,0,0,0,0,0,0,0,24,29,0,41,46,29,40,22,0,0,36,0,0,0,18,0,46,15,287,167,36,146,79,0,303,178,32,24,0,0,0,0,21,8,0,44,0,85,0,0,13,0,0,7,0,0,19,0,13,14,37,0,34,0,0,36,26,0,0,0,23,96,0,10
cc3bbc2fa5dcf3ca93a25f5da49d7d1d,0,20,14,20,0,20,0,25,0,22,0,0,0,0,0,0,20,0,0,0,0,0,0,0,40,12,0,26,32,30,0,7,0,21,60,0,0,66,31,0,0,0,0,58,35,0,87,80,29,19,32,68,0,82,39,89,202,39,0,50,11,59,47,90,52,21,21,61,31,38,48,0,38,0,27,0,0,30,0,0,0,111,65,27
554e6ed34da09de9e9a60029b084f4c6,0,0,0,0,32,0,29,0,0,0,0,0,0,0,28,23,17,0,26,29,7,22,17,26,33,0,22,0,9,13,0,25,0,0,0,0,0,51,0,6,0,32,0,84,0,0,234,369,33,0,22,0,19,18,14,38,0,23,0,13,0,0,42,44,16,28,0,6,0,0,21,33,0,136,0,20,18,33,30,32,98,118,24,61
929562c168b0ee4d183e52aa04193df8,0,0,0,0,0,0,0,0,530,0,0,316,0,227,45,0,0,193,0,101,0,0,0,0,0,0,0,0,0,0,0,0,0,0,0,0,35,0,0,0,0,0,0,0,0,0,0,0,0,0,0,0,0,0,0,0,0,0,0,0,0,0,0,0,0,0,0,0,0,0,0,10,0,0,0,0,0,0,0,0,0,0,0,632
5342d4711395d118f0217964e6068eb3,0,0,0,0,23,52,14,0,0,62,35,0,0,34,0,0,0,0,0,0,0,47,0,28,47,0,43,0,0,0,0,0,0,0,0,50,248,0,0,66,49,24,55,0,101,70,0,0,0,0,0,0,28,0,0,64,98,334,134,0,14,0,0,0,0,0,0,0,0,0,0,0,0,0,0,53,51,0,0,0,0,84,0,0
3195352ebd3b497af5329b6d9bb0ad49,0,0,0,0,15,77,0,32,0,71,0,90,20,0,0,0,0,0,0,0,0,0,0,10,29,46,26,45,0,0,34,0,0,0,0,0,0,0,111,148,72,29,92,0,224,182,0,0,0,0,0,0,0,0,0,53,0,152,0,0,0,0,0,0,0,0,0,0,30,49,0,0,0,12,0,27,15,0,0,5,12,37,0,0
34b00032b86600c60881db7136a38c3d,0,21,0,11,0,0,0,0,0,0,0,0,0,0,15,27,57,14,6,0,0,0,0,0,0,0,0,0,0,25,0,39,0,32,19,0,0,55,0,0,0,0,0,23,0,0,104,108,82,45,69,60,0,122,117,0,144,0,0,14,0,0,52,43,9,35,0,11,0,0,28,40,14,29,15,0,0,30,61,87,0,0,109,66
70285f7e5298ef76c6079d23decbae2d,0,0,0,0,0,96,0,37,0,88,57,0,0,0,0,0,0,0,0,0,0,23,0,0,0,45,0,41,0,0,39,0,0,0,0,0,169,0,91,103,51,0,65,0,187,120,0,0,0,0,0,0,0,0,0,0,156,200,68,7,0,11,0,9,0,0,39,0,28,60,0,0,0,0,0,0,0,0,0,0,0,0,0,0
ae101a824af3ec1acd53410b8ebf41e7,0,0,0,0,36,0,0,0,23,0,0,0,0,0,40,11,0,0,0,29,13,62,0,37,98,0,55,0,0,44,0,56,0,40,0,0,0,0,0,14,0,62,0,45,16,0,0,55,0,0,0,18,50,28,0,39,66,81,0,0,0,0,0,77,24,69,0,0,0,0,25,0,0,9,50,74,54,78,76,29,42,244,0,25
f094f62eb5efc6e4df1c29c7d70371f5,0,0,0,0,24,31,0,20,0,77,0,0,0,0,0,0,0,0,0,0,0,0,0,0,29,24,0,12,0,0,46,0,0,0,0,0,0,0,47,45,0,32,29,0,59,28,0,0,0,0,0,0,28,0,0,73,95,190,276,0,0,0,0,0,0,0,40,0,0,22,0,0,0,0,0,28,25,0,0,0,0,97,0,0
f262a1adf251a3a793d3daa235e35e73,0,0,0,17,0,0,0,0,0,0,0,0,0,0,0,17,0,0,0,0,0,0,0,0,0,0,0,0,0,0,0,0,0,0,0,0,0,0,339,210,73,22,138,0,599,303,0,0,0,0,0,0,0,0,0,0,0,0,0,0,0,0,0,0,0,0,0,0,0,0,39,0,28,0,0,0,0,0,0,0,0,0,0,0
7faab38ff5285a7d3092e4a36888d786,0,0,0,0,0,0,15,0,27,0,0,0,0,0,0,0,0,0,0,0,0,0,0,0,32,0,0,0,44,97,0,26,0,34,38,0,0,0,0,0,0,0,0,0,0,0,0,17,32,0,37,105,0,39,19,0,0,0,0,123,0,156,144,255,54,114,0,0,0,0,18,22,0,0,86,20,27,79,25,0,0,47,0,31
1f8eb803b5d14b958d448f7cba30666c,0,0,0,0,0,0,14,0,0,20,0,0,0,0,0,0,0,0,0,0,0,0,0,0,0,155,0,142,0,0,0,0,0,0,0,21,171,0,38,58,214,0,38,0,267,245,0,0,0,0,0,0,0,0,0,0,0,24,0,0,0,0,0,6,0,0,54,0,66,136,0,14,0,17,0,0,0,0,0,0,0,0,0,0
67f48d5e7b609cccc44fe8d22d3dca0a,0,0,0,0,0,41,0,0,26,48,69,0,0,0,0,0,0,0,0,0,0,0,0,0,17,0,11,0,0,0,0,0,0,0,0,0,0,0,30,0,0,11,0,71,44,0,28,47,0,0,0,0,0,0,0,41,2,290,401,0,0,0,0,0,0,0,0,0,41,45,0,47,23,0,0,18,0,0,0,17,19,37,23,0
6f545fbcb122ef26d794750b06c0d6a4,0,15,0,0,0,0,0,0,74,0,0,0,0,0,118,34,14,0,84,17,0,0,0,0,0,0,29,0,0,0,0,0,0,0,0,0,0,0,0,5,0,0,0,58,0,0,93,53,45,16,29,23,0,57,58,41,73,0,0,36,0,35,22,12,21,74,0,0,0,10,37,0,0,0,69,18,25,78,54,53,0,50,47,21
b841b4a4279c0953f40dd587fb55d892,0,0,0,0,0,23,0,15,0,40,7,0,0,0,0,0,0,0,0,0,0,0,0,0,0,41,0,14,0,0,21,0,0,0,0,152,51,0,0,10,0,0,19,0,25,5,0,0,0,0,0,0,0,0,0,103,239,303,562,0,0,0,0,0,0,0,0,0,27,11,0,0,0,0,0,0,0,0,0,0,0,0,0,0
7334acedf2e60af538eaff59e499c2c9,0,23,0,14,0,0,0,0,17,0,0,0,0,0,52,36,22,0,42,0,0,0,0,0,25,0,0,15,23,33,0,0,0,20,0,0,0,0,0,0,0,0,0,70,0,0,0,45,43,28,33,56,0,32,38,103,0,45,0,62,0,60,46,40,46,54,6,26,16,0,37,20,14,0,70,19,0,75,54,16,0,136,0,0
b5d5b4257a5f9a836315f5896d4a47da,0,0,0,0,0,0,0,0,52,0,0,0,0,0,0,0,0,28,0,0,0,0,0,0,0,0,0,0,0,0,0,0,0,0,0,0,0,96,0,0,0,0,0,0,0,0,394,430,0,0,0,0,0,0,0,0,0,0,0,0,0,0,0,0,0,0,0,0,0,0,0,44,0,59,0,0,0,0,0,40,0,43,197,70
39516e82e7b507c0659c83bbcb780dc5,0,0,0,0,0,0,0,14,0,39,27,0,0,0,36,0,0,0,19,13,0,38,33,29,0,26,0,39,0,11,17,21,0,24,23,0,0,0,18,18,0,0,0,37,35,0,28,110,53,0,41,0,0,28,0,82,0,0,54,29,0,26,32,62,42,0,17,0,0,38,17,47,0,0,0,0,0,17,49,0,72,67,12,45
2da924029cfd4c7fe3765b362a915f4a,0,20,0,0,0,34,24,59,0,55,29,0,0,0,0,0,0,0,0,0,0,17,0,0,33,36,26,36,0,30,26,0,0,28,0,0,69,18,26,16,0,11,0,0,39,17,40,20,0,0,0,0,38,16,32,0,153,84,0,24,0,0,27,17,22,0,46,0,27,55,23,0,17,0,0,21,15,0,0,26,30,43,17,16
632fb2f5131661bf841197fddaf81998,0,26,0,0,26,0,13,19,8,0,0,0,0,0,0,12,0,0,0,0,0,29,17,0,47,0,28,0,0,0,0,0,0,0,0,0,0,0,198,127,80,67,87,35,262,145,17,26,0,0,0,0,28,20,0,28,0,55,54,0,0,0,0,0,0,0,0,0,0,0,21,0,0,0,0,45,33,20,0,0,0,86,0,0
b6d81317326d18e5c954e6eae8820a6a,0,0,0,0,69,0,40,0,0,0,0,0,0,0,0,0,0,0,0,0,0,124,24,70,122,0,104,0,0,0,34,0,75,0,0,0,0,0,26,22,0,96,0,0,27,24,0,0,0,0,0,0,73,0,0,0,0,48,65,0,0,0,0,0,0,0,0,0,0,0,0,0,0,0,0,124,75,0,0,0,67,318,0,0
de451fb33ed58e6d3c4dcb950e90284d,0,0,0,0,0,10,0,16,0,28,21,0,0,0,0,0,0,0,0,0,38,0,0,0,0,7,0,0,0,0,0,0,0,0,0,0,44,0,178,208,89,70,96,0,380,251,0,0,0,0,0,0,0,0,0,25,0,35,0,0,0,0,0,0,0,0,0,0,16,0,19,0,0,0,0,0,0,0,0,0,0,18,0,0
4352077acff15c3823b28170a84a93cb,0,0,0,0,25,34,0,32,0,39,31,53,0,30,0,0,0,0,0,0,0,32,0,51,47,32,31,48,0,0,59,0,73,0,0,0,0,0,14,0,0,0,0,13,24,51,0,46,0,0,0,0,21,0,0,0,0,86,90,0,0,0,0,0,0,0,0,0,34,39,0,0,0,0,0,55,41,25,0,0,0,97,0,0
7e5dc2827132ced28bb83b4c8fa16998,0,45,0,0,0,0,14,0,0,15,0,0,0,0,0,0,0,0,0,0,0,0,0,0,26,13,0,0,21,22,0,0,0,22,0,0,0,0,0,0,0,21,0,28,0,0,0,28,73,26,71,81,8,55,29,41,0,37,234,30,0,39,33,56,40,69,0,0,0,0,25,0,24,0,52,43,0,116,77,0,0,68,0,0
5f8b99d96b9fb65e12c944b3f8bd38b9,0,0,0,0,0,0,0,0,29,0,0,327,32,0,0,23,0,0,0,0,0,0,0,0,0,0,0,0,0,0,0,0,32,0,0,0,9,0,0,0,0,0,0,0,0,0,0,7,0,0,0,0,0,0,0,36,0,0,46,0,0,0,0,0,0,0,0,0,0,0,0,0,0,10,0,0,0,0,0,0,0,0,0,0
a0a0f1f2185a9b37c030febe9b9496ac,0,0,0,0,0,53,0,24,0,65,24,226,0,0,0,0,0,0,0,7,0,0,0,0,0,32,9,27,0,0,51,9,0,0,0,0,0,13,56,41,12,0,26,0,78,44,23,53,10,8,0,0,0,0,0,144,46,103,0,11,0,0,0,26,0,0,23,0,26,41,0,22,0,0,8,19,0,0,0,31,0,18,13,0
9710e4f2e6419b188e30337e34bb3fae,0,16,0,8,0,10,0,0,12,9,0,0,0,0,0,0,32,0,13,0,0,0,0,0,30,6,17,0,6,10,0,8,0,11,7,0,109,40,19,13,5,47,0,123,30,0,135,134,0,0,0,0,0,0,0,70,0,72,45,0,12,0,15,31,0,9,0,11,0,7,66,27,24,0,0,0,0,0,19,56,34,27,37,40
89a9315cf654d6b3654d01ece8b68ebd,0,14,0,0,0,0,0,0,0,0,0,0,0,0,16,0,31,5,14,0,0,0,0,0,0,0,0,0,6,13,0,44,123,33,14,0,33,66,0,0,0,0,0,161,0,0,119,188,12,0,0,0,0,16,0,0,0,0,0,11,0,11,29,50,20,25,0,9,0,0,39,65,13,0,7,0,0,29,27,96,0,0,67,74
a51e5e904dedc2c23560ac9992d2c856,0,17,0,0,8,14,9,8,0,18,8,0,0,0,0,29,0,0,5,0,21,15,0,0,10,20,0,5,0,0,8,14,0,0,0,36,0,9,54,56,15,56,22,41,112,52,0,53,8,0,11,12,5,0,18,150,0,99,146,8,9,9,14,19,11,15,0,31,19,0,18,8,42,0,0,12,0,11,0,8,12,36,8,16
af35e69a9597d7237c3ccf81ea1985db,0,0,0,33,0,0,0,0,0,0,0,0,0,0,45,0,0,6,45,0,0,0,0,0,0,0,0,0,35,0,0,19,0,27,39,0,0,35,0,0,0,0,0,39,0,0,86,42,42,34,42,52,0,72,65,0,0,0,0,38,0,51,31,56,39,62,0,20,0,0,28,20,20,0,44,0,0,49,58,13,0,0,25,47
c812ac66f67d86647c3977e441842eb8,0,0,0,0,0,0,0,0,0,0,0,0,0,0,14,0,0,0,0,0,0,0,0,0,0,0,0,0,7,15,0,6,0,15,15,0,0,0,0,0,0,0,0,0,0,0,0,4,72,9,79,46,0,172,37,0,0,0,0,117,0,26,9,47,44,184,0,0,0,0,0,0,0,0,198,0,0,178,141,0,0,0,0,0
a7b4ad116ebb0b0ac9ff5c47c9b3a883,0,0,0,0,0,0,0,0,0,0,0,0,0,0,61,0,0,6,31,0,0,0,0,0,0,0,0,0,26,25,0,0,0,19,40,0,0,18,0,0,0,0,0,0,0,0,18,86,53,36,69,77,0,68,35,0,0,0,0,70,0,79,56,53,85,69,0,0,0,0,20,9,0,0,77,0,0,62,70,0,0,0,15,31
c487be9441ef274e208cf4e7199b9bd3,0,0,0,0,0,0,0,0,0,0,0,0,0,0,0,0,0,0,0,0,0,0,0,0,0,0,0,0,48,59,0,0,0,38,52,0,0,0,0,0,0,0,0,75,0,0,0,29,51,16,49,34,0,34,29,0,0,0,0,98,0,70,51,90,43,91,0,0,0,0,0,46,0,0,100,0,0,118,101,0,0,0,0,0
1ce75431844bbbfc9fe9e8c651fbebf7,0,0,0,0,0,0,0,0,45,0,0,0,39,15,0,24,0,0,0,0,0,0,0,0,0,0,0,0,0,0,0,0,128,0,0,0,91,0,0,0,0,0,0,26,0,0,0,0,0,0,0,0,0,0,0,39,0,0,0,0,0,0,0,0,0,0,0,0,0,0,0,0,0,36,0,0,0,0,0,0,0,0,0,0
980733234dec4591bf88651db885514f,0,0,0,22,0,15,0,19,0,31,12,0,0,0,0,0,0,0,0,0,0,0,0,0,0,0,17,0,0,0,0,0,0,0,0,0,0,0,126,188,84,22,183,0,360,112,0,0,0,0,0,0,0,0,0,0,0,57,0,0,0,0,0,0,0,0,0,0,13,0,0,0,0,0,0,0,0,0,0,0,0,14,0,0
1aecd556d15406a593386710717f99dd,0,0,0,0,12,38,15,24,0,34,19,0,30,0,6,0,0,0,0,6,0,13,17,0,0,38,12,30,0,0,19,0,0,0,0,82,0,0,36,52,32,18,43,28,89,58,0,0,16,0,0,5,16,13,0,35,0,134,214,13,0,0,0,9,5,0,0,0,17,22,25,9,16,0,0,21,0,0,0,0,10,0,0,0
0949c5c8f7512f748fde872a4a5f3912,6,0,0,0,15,0,0,0,0,0,0,0,0,0,0,0,28,0,29,0,0,16,0,0,0,0,0,0,4,18,0,31,138,21,32,0,0,46,0,0,0,0,0,39,0,0,160,98,48,18,25,49,0,73,36,0,0,0,0,28,0,46,18,34,21,46,0,18,0,0,26,7,8,0,13,0,0,29,33,0,0,42,38,13
df3fda2fa3d04dd5e0838ac1b4812be8,0,0,0,0,0,0,0,0,0,0,0,79,75,164,0,21,0,0,0,18,0,0,0,0,0,0,0,0,0,0,0,0,43,0,0,87,303,0,0,0,0,0,0,0,0,0,0,29,0,0,0,0,0,0,0,48,135,0,0,0,29,0,0,0,0,0,0,0,0,0,0,9,0,26,0,0,0,0,0,0,0,0,0,0
f6b35c47975af3c3a00cba35c1202f06,0,26,0,0,43,0,29,0,0,0,0,0,0,0,0,0,10,0,0,0,25,51,58,41,72,14,55,0,0,0,0,0,72,0,0,0,0,0,0,0,0,47,0,0,0,0,0,36,0,0,0,0,70,0,0,0,0,65,0,22,0,36,47,106,0,0,0,0,15,0,54,0,42,0,0,31,72,0,0,0,59,99,0,0
08012612886d8eaa4c76fb3bb5920839,0,0,0,0,0,43,0,15,20,53,27,0,12,0,0,0,0,0,0,0,0,0,0,0,0,28,0,10,0,0,16,0,0,0,0,45,0,0,35,32,0,41,0,0,35,23,0,0,0,0,0,0,0,0,0,87,0,179,202,0,0,0,0,0,0,0,0,0,16,18,0,0,0,0,0,0,0,0,0,0,0,31,0,0
339857a9094e71ebc60a3a75a38778be,0,0,0,13,24,0,0,0,0,0,0,0,0,42,29,0,0,0,13,0,20,30,20,26,51,0,20,0,0,0,0,0,0,0,10,0,0,19,26,0,0,102,0,87,23,22,45,76,18,13,11,12,35,11,15,14,0,0,0,0,0,0,0,32,0,14,0,0,0,9,48,10,14,36,11,46,25,20,35,29,55,93,15,0
c872ff58ceb3b79ce316cef70bf269b8,0,0,0,15,0,0,0,11,0,0,17,0,0,0,20,0,0,6,0,12,0,25,13,0,0,0,0,0,0,21,0,0,118,0,0,30,29,21,18,0,0,46,0,31,18,0,0,40,0,0,0,0,27,15,0,70,0,113,166,37,0,0,0,0,0,0,0,0,0,0,29,0,0,0,0,27,0,0,20,0,17,22,0,19
c1b713d1a2d1451195effc7b1adf179c,0,0,0,0,0,0,0,0,0,0,0,0,0,0,0,0,0,0,0,0,5,0,0,0,0,0,0,0,0,0,0,0,0,0,0,0,0,0,244,110,152,10,45,0,358,305,0,0,0,0,0,0,0,0,0,0,0,0,0,0,0,0,0,0,0,0,0,0,0,0,0,0,0,0,0,0,0,0,0,0,0,7,0,0
9e9275578b14491521478d652696aa69,0,0,0,0,0,26,0,27,0,74,36,0,0,0,0,0,0,0,0,0,0,21,42,0,30,34,30,31,0,0,44,0,0,0,0,68,0,0,49,56,31,24,25,0,110,58,0,0,0,0,0,0,23,0,0,57,0,94,106,0,0,0,0,0,0,0,0,0,21,29,0,0,0,0,0,24,25,0,0,0,0,46,0,0
30201fbdcea3691e00d5d4710db0a6f6,0,0,0,0,0,31,19,24,0,28,22,0,0,0,0,0,0,0,0,0,0,0,0,0,0,16,0,15,0,0,0,0,0,0,0,69,270,0,14,0,0,0,10,0,29,6,0,0,0,0,0,0,0,0,0,94,201,162,0,0,0,0,0,0,0,0,8,0,9,17,0,0,0,0,0,0,0,0,0,0,10,22,0,0
ef9f03c285132510b106c9addbb7fe53,0,8,15,40,0,0,11,11,12,13,0,0,0,47,0,17,14,0,14,12,0,0,0,0,0,0,6,0,11,0,0,9,0,0,12,0,0,9,33,23,0,33,13,13,43,17,18,33,15,5,19,17,0,16,30,0,0,21,0,0,0,0,0,5,0,11,0,0,0,14,41,0,8,0,14,0,7,15,20,23,5,26,4,9
67bdd00cc1a6685d59d5fb4d2da181a0,0,0,0,0,0,15,0,0,0,0,6,0,0,0,26,0,0,0,20,0,0,0,0,0,0,15,0,10,0,0,0,18,90,0,0,0,0,32,0,0,0,0,0,194,0,4,58,255,0,0,0,0,0,22,28,0,0,28,0,24,0,28,0,30,16,30,0,0,0,0,22,48,14,0,20,0,0,23,25,18,0,0,13,54
11f4e2547c7b2f9f781a8648c6754127,0,0,0,0,18,33,26,30,0,49,27,0,0,0,0,0,0,0,0,0,0,0,17,0,37,20,14,20,0,0,56,0,0,20,0,0,160,0,36,50,28,43,33,0,58,66,0,20,0,0,0,0,29,0,0,0,0,80,0,13,0,16,0,14,0,0,31,0,0,20,10,14,0,0,0,29,0,0,0,0,0,38,0,0
0861aab42571c3051e999c8b88406275,0,0,0,0,0,27,0,19,0,45,49,0,0,0,0,0,0,0,0,0,0,0,0,0,6,24,10,17,0,0,23,0,0,0,0,15,0,0,12,21,0,0,0,0,54,17,0,0,0,0,0,0,0,0,0,179,173,174,133,0,0,0,0,0,0,0,0,0,18,27,0,7,0,0,0,16,9,0,0,0,7,18,0,0
25b0beea5b7bbd107f2ab2f41cdc7606,0,0,0,0,0,26,12,18,10,25,20,59,0,0,0,0,0,0,0,0,0,43,10,0,50,26,38,9,0,0,16,0,0,0,0,0,0,0,24,87,0,0,79,0,57,82,0,0,0,0,0,0,37,0,0,34,0,136,92,0,0,0,0,0,0,0,10,0,43,16,0,0,0,0,0,54,0,0,9,0,0,62,0,0
53fbb6ad7c7457bfcc90d7a74d5f99d4,0,0,0,0,30,0,14,0,0,25,18,0,0,0,0,0,0,0,0,0,0,33,25,16,96,0,44,12,0,0,16,0,0,0,0,0,0,0,0,0,0,23,0,0,0,12,0,13,0,0,0,0,63,0,0,38,0,36,0,0,0,0,0,0,0,0,0,0,8,0,0,0,0,0,0,99,47,0,0,0,50,224,0,0
4d9c9a71444ca80b03585d97809647f9,0,0,0,0,0,0,0,0,0,0,0,0,0,0,0,0,0,0,0,0,32,22,0,21,19,0,8,0,0,0,0,0,0,0,0,0,0,0,153,95,124,81,97,0,243,248,0,0,0,0,0,0,0,0,0,0,0,0,0,0,0,0,0,0,0,0,0,0,0,0,0,0,0,0,0,18,10,0,0,0,0,37,0,0
b02a8d33d018119dedb2db15db887bfd,0,0,0,0,0,0,0,0,0,0,0,0,40,14,0,0,3,10,0,0,0,0,0,0,0,0,0,0,0,0,0,0,360,0,0,53,207,0,0,0,0,0,0,0,0,0,0,0,0,0,0,0,0,0,0,0,27,5,0,0,9,0,0,0,0,0,0,0,0,0,0,2,0,49,0,0,0,0,0,0,0,0,0,0
0cb8c77aa1f500d869a914df859c8da8,0,0,0,0,64,7,16,0,0,0,0,0,0,0,0,0,0,0,0,0,0,82,9,81,146,0,47,0,0,0,0,0,0,0,0,0,0,0,0,0,0,15,0,0,0,0,0,0,0,0,0,0,80,0,0,0,0,0,0,0,0,0,0,0,0,0,0,0,0,0,0,0,0,0,0,136,105,0,0,0,32,364,0,0
93f52e347e69b67e42f5979bb8735255,0,0,0,0,0,26,0,0,0,26,0,0,0,0,0,0,0,0,0,0,0,0,11,0,17,32,28,28,0,0,0,0,0,0,0,0,0,0,67,148,67,30,89,0,186,116,0,0,0,0,0,0,0,0,0,52,0,45,0,0,0,11,0,0,0,0,0,0,25,0,0,0,11,0,0,24,0,0,0,0,0,34,0,0
6d9aa14b2d532b8d9a3c1fd342c515c9,0,0,0,0,0,26,0,23,0,34,0,0,0,0,0,0,0,0,0,0,0,0,0,0,19,27,0,28,0,0,27,0,0,0,0,0,0,0,73,110,68,44,77,0,99,96,3,0,15,0,0,11,0,0,0,2,38,106,0,0,0,0,0,21,0,0,27,0,39,23,0,0,0,0,0,14,0,9,0,0,19,44,0,0
04e7d788cbd3926b877396ea528e2636,0,0,0,0,0,33,0,24,0,30,28,0,0,0,0,0,0,0,0,0,0,0,0,0,0,25,0,34,0,0,0,0,0,0,0,85,42,0,19,0,0,0,0,0,40,0,0,0,0,0,0,0,0,0,0,27,294,109,227,0,0,0,0,0,0,0,19,0,42,34,0,0,0,0,0,0,0,0,0,0,0,0,0,0
7503835dfc68f50c3d82997974556840,0,0,0,0,47,0,25,0,0,0,0,0,0,0,0,0,0,0,0,0,0,77,26,54,124,0,56,0,0,0,0,0,0,0,0,0,0,0,0,0,0,61,0,0,19,14,0,0,0,0,0,0,44,0,0,0,0,25,0,0,0,0,0,0,0,0,0,0,0,0,0,0,0,0,0,103,62,0,0,0,37,317,0,0
f37ff1c53a3044e23de94fa2841d200e,0,0,0,0,0,0,0,0,0,0,20,0,0,0,0,13,0,0,21,0,0,0,0,0,0,0,0,0,0,0,0,0,0,0,0,24,64,57,0,49,0,0,28,0,60,59,79,66,0,0,0,0,0,0,0,0,0,67,95,0,0,0,0,0,0,0,0,0,32,0,0,19,0,0,0,0,0,0,0,38,0,0,38,0
70e1c02151c287ca1efd03cb9245ae38,0,0,0,0,17,0,0,0,0,0,0,0,0,0,0,0,0,0,0,0,0,0,0,10,17,0,0,0,8,11,0,11,66,7,20,0,0,17,0,0,0,8,0,164,0,0,47,117,12,0,8,12,15,36,13,0,0,0,0,27,0,18,16,18,22,12,0,0,0,0,23,27,13,0,13,22,24,19,14,12,20,102,8,15
b7b162821b88054ff8ff4cc3505ce036,0,0,0,0,0,33,0,0,0,49,0,0,0,0,0,0,0,0,0,0,0,0,0,0,0,71,0,30,0,0,0,0,0,0,0,0,0,0,0,29,18,0,19,0,77,27,0,0,0,0,0,0,0,0,0,0,0,82,41,0,0,0,0,0,0,0,0,0,0,0,0,5,0,27,0,0,0,0,0,0,0,0,0,0
f82bf7406bbae4fffc8128df55972673,0,0,0,0,0,0,0,0,0,0,0,0,0,0,0,0,0,0,0,0,0,0,0,0,0,37,0,58,0,0,0,0,0,0,0,0,0,0,0,27,168,0,67,0,410,139,0,0,0,0,17,0,0,0,0,0,0,27,0,0,0,0,0,0,0,0,0,0,26,0,0,0,0,0,0,0,0,0,0,0,0,0,0,0
e625e758ed6e5753f43da408f6af592a,0,0,0,0,0,0,0,0,0,0,0,0,0,0,51,17,21,14,51,38,0,0,0,0,0,0,0,0,0,0,0,10,82,0,0,0,0,19,0,0,0,0,0,88,0,0,139,185,0,0,5,0,0,14,8,19,0,0,0,12,0,11,22,39,15,20,0,0,0,0,0,18,0,0,10,0,0,11,23,44,32,0,11,49
0aadcd42e885bed61f1a29c55399b217,0,0,0,0,0,0,0,0,0,0,0,0,0,0,0,0,0,0,0,0,0,0,0,0,0,0,7,0,6,31,0,99,0,66,45,0,0,29,0,0,0,0,0,119,0,0,51,85,0,0,0,0,0,0,0,0,0,0,0,40,0,17,67,117,40,38,0,0,0,0,0,33,0,0,0,0,0,22,0,58,0,10,34,55
2a53aca5bbef51395322afa72fe879f3,0,0,0,0,0,0,0,0,42,0,0,0,0,0,0,0,3,0,5,0,0,0,0,0,0,0,0,0,15,47,0,16,0,20,28,43,0,13,0,0,0,0,0,67,0,0,8,43,58,0,15,107,0,32,20,0,0,0,0,55,12,26,77,62,36,29,0,0,0,9,0,0,0,0,21,0,0,54,25,35,0,0,22,21
da5924ba1ff2c30dd489e95369c2fab1,0,0,0,0,17,19,0,0,0,8,0,0,0,0,0,33,0,0,0,0,56,0,14,0,14,0,0,0,0,0,0,0,0,0,0,0,0,0,169,61,32,287,30,0,133,80,0,0,0,0,0,0,0,0,0,0,82,18,0,0,0,0,0,0,0,0,0,0,0,0,0,0,0,0,0,16,0,0,0,0,0,14,0,0
c798c16862dc501435104ef3e368ebf6,0,0,0,7,0,0,0,0,0,0,0,0,0,0,0,0,0,0,0,0,9,0,0,0,0,0,0,0,0,0,0,0,0,0,0,0,0,0,346,149,14,53,46,0,314,141,0,0,0,0,0,0,0,0,0,0,0,0,0,0,0,0,0,0,0,0,0,0,0,0,0,0,0,0,0,0,0,0,0,0,0,0,0,0
a3a7e0065298785dc78789c69438a91e,26,26,36,55,0,0,0,0,0,0,8,0,0,0,0,0,0,0,0,0,0,0,0,0,0,0,0,0,27,20,0,53,0,75,15,0,0,0,0,0,0,0,0,0,0,0,10,35,39,16,117,26,7,16,0,0,0,0,0,7,0,9,13,47,0,8,0,30,0,0,81,20,84,0,5,0,0,13,34,0,0,0,22,0
2eae9eefab6485e2e98923809417e86b,0,0,0,0,39,28,0,0,0,25,0,0,0,0,0,0,10,0,0,0,27,31,0,34,49,0,34,0,0,0,0,0,0,0,0,0,0,13,34,37,0,62,0,0,49,37,0,0,0,0,0,0,38,0,0,0,88,45,30,10,0,0,0,0,0,0,0,0,0,22,0,0,0,0,0,45,37,0,0,0,35,165,0,0
092cd384d5842019c5174f945635b4c0,0,0,0,11,0,20,0,13,0,27,14,0,22,0,0,0,0,0,5,10,0,0,0,0,0,17,0,35,0,0,21,0,0,0,0,54,0,0,17,29,21,0,32,0,89,79,0,0,4,3,19,28,0,30,13,53,105,60,32,3,0,0,0,0,0,5,19,0,15,24,8,0,6,0,8,0,0,17,0,0,0,0,0,0
8470b46416635495b52cef72b0c6becd,0,0,0,0,0,0,0,12,0,10,0,0,0,0,0,0,27,0,0,5,0,0,0,0,0,6,0,0,0,0,0,17,0,14,0,41,0,19,0,0,0,0,0,12,0,0,40,122,0,0,0,0,0,0,0,40,22,18,0,0,0,0,29,9,0,0,0,0,0,9,0,42,0,21,0,0,0,0,8,21,0,0,36,23
26122fc82956c43ca1f15b191f0fa66b,0,0,0,0,0,0,0,0,0,0,0,0,0,66,26,31,19,15,14,0,0,0,0,0,0,0,0,0,0,6,0,21,0,14,0,28,69,15,0,0,0,0,0,75,0,0,110,158,13,0,12,7,0,11,8,0,0,17,0,5,0,0,0,25,4,6,0,0,0,0,13,27,6,0,0,0,0,6,19,26,9,0,45,31
7b6fde94ef7dd846d47232e9073c9d79,0,0,0,0,0,0,0,0,30,15,0,0,0,0,0,0,0,0,0,0,0,25,13,0,11,0,0,0,0,0,0,0,0,0,0,0,38,0,51,82,59,23,53,0,109,88,0,0,0,0,0,0,0,0,0,0,48,50,113,15,0,0,0,0,0,0,0,16,0,0,59,0,30,0,0,0,0,0,0,0,0,24,0,0
355caa5f1183ac5eed089647f04f0bbe,0,0,5,10,0,0,0,0,6,0,0,0,0,0,0,0,20,0,0,0,0,0,0,0,0,0,0,0,0,29,0,25,0,31,0,0,0,0,0,0,0,0,0,43,0,0,45,106,38,30,32,0,0,47,36,0,0,0,0,0,0,0,22,36,18,31,0,19,0,0,32,48,22,0,0,0,0,33,47,21,0,0,0,45
968b1470919e6ed4fabeb7496448ecb2,0,0,0,0,33,46,48,0,0,0,0,0,15,0,0,0,0,0,0,0,0,24,0,31,54,0,47,0,0,0,0,0,0,0,0,0,0,20,0,0,0,45,0,0,0,0,0,0,0,21,0,0,45,0,0,0,0,0,182,0,0,0,0,0,0,0,0,0,0,0,0,0,0,0,0,0,35,0,0,0,25,174,0,0
159968401827e6e6ea81fb7ab1185e2d,0,0,0,386,0,0,0,15,0,0,0,0,0,0,0,0,0,0,0,6,0,0,0,0,0,0,0,0,0,0,0,0,0,0,0,0,0,0,0,0,0,0,0,0,0,0,0,0,0,17,16,30,0,17,0,0,0,0,0,0,0,0,0,0,0,27,0,0,0,0,0,0,0,0,0,0,0,10,0,0,0,0,0,0
2ae515a98a501771b24b23ccae19d5c6,0,0,0,0,0,21,13,14,0,24,0,0,0,0,0,0,0,0,0,0,0,0,0,0,0,19,0,28,0,0,30,0,0,0,0,38,0,0,35,62,42,53,60,0,117,57,0,0,0,0,0,0,11,0,0,43,0,118,0,0,0,0,0,0,0,0,5,0,33,21,0,0,0,0,0,11,0,0,0,0,0,41,0,0
99445e37a2231c1efb6b01be444921f2,0,0,0,0,0,46,0,0,0,84,17,0,0,0,0,0,0,0,7,0,0,0,0,0,0,30,0,53,5,0,39,7,0,9,13,0,0,3,22,38,15,0,46,0,62,61,4,0,8,0,0,11,3,1,4,0,0,49,0,9,0,0,6,14,0,12,36,0,33,63,1,0,0,11,9,0,10,5,12,3,0,0,6,0
0a1e0c89456159256a67b43a5d3a951c,0,15,9,16,0,0,0,0,0,0,0,0,0,0,0,0,0,0,0,0,10,0,0,0,0,0,0,0,0,0,0,0,0,0,0,0,0,0,175,72,18,70,21,0,260,125,0,6,0,0,0,0,0,0,0,27,0,0,0,0,0,0,0,0,0,0,0,5,0,0,45,0,9,0,0,0,0,0,0,0,0,0,0,0
9db2817f5c42be6a7bcbca662959982d,0,0,0,0,34,41,0,0,17,24,0,0,0,0,0,0,0,0,0,0,0,0,0,0,39,0,36,0,0,0,0,0,0,0,0,56,0,10,46,38,0,69,0,17,0,0,36,0,0,0,0,0,0,0,0,62,0,47,0,0,12,0,0,0,0,0,0,0,0,0,27,0,10,0,0,0,34,0,0,13,67,28,13,0
a3b2bf7bdb7dfeaeed3a7dcca7c98174,0,0,0,0,0,15,0,0,0,29,9,0,0,0,0,0,16,0,0,0,0,0,0,0,0,0,0,13,0,0,14,0,0,0,0,0,0,0,57,56,55,0,36,0,140,59,0,0,0,0,0,0,0,0,0,15,89,50,53,0,0,0,0,0,0,0,0,0,24,24,0,0,0,0,0,0,0,0,0,0,0,0,0,0
9bd2c9c8faf4bd8aee6a0e1551427071,0,0,0,0,0,19,0,10,0,23,9,0,0,0,0,0,0,0,0,0,0,0,0,0,0,14,0,16,0,0,23,0,0,0,0,0,0,0,0,0,0,0,0,0,0,0,0,0,0,0,0,0,0,0,0,40,0,81,0,0,0,0,0,0,0,0,0,0,13,14,0,0,0,0,0,0,0,0,0,0,0,0,0,0
2d189fced66f2afef1db00ceab357299,0,0,0,0,0,0,0,0,14,0,17,0,0,0,0,0,0,0,0,0,0,0,0,0,12,0,0,0,0,0,0,0,32,0,0,0,82,0,132,114,42,0,66,0,116,109,12,0,0,0,0,0,0,0,0,0,0,0,73,0,0,0,0,0,0,0,0,0,0,33,0,0,0,0,0,0,0,0,0,0,0,0,0,0
30bf08e0c9b4ab13b34faab3454f3c65,0,0,0,0,0,0,0,0,0,0,0,0,0,0,0,0,20,0,0,0,0,0,0,0,0,0,0,0,0,0,0,38,0,41,0,45,109,0,0,0,0,0,0,0,0,0,45,50,22,0,0,34,0,20,0,0,0,72,0,0,0,14,52,35,13,19,8,0,0,13,0,0,0,0,32,0,0,31,41,0,0,0,0,0
ecb6b4301f3485ada8cb7173084e15c4,25,31,0,27,0,0,0,0,0,0,0,0,0,0,0,0,0,0,0,0,0,0,0,0,0,0,0,0,0,0,0,10,0,0,0,0,0,0,0,0,0,0,0,0,0,0,29,41,52,25,35,51,0,57,66,0,0,0,0,26,0,19,0,0,17,36,0,0,0,0,20,0,0,0,25,0,0,27,50,27,0,0,0,19
74c800a9e7696cc485c720c946cf3566,56,43,12,32,0,0,0,0,0,25,0,0,0,0,0,0,0,0,0,0,31,29,37,0,33,0,0,0,0,0,0,0,0,0,0,0,0,0,22,11,8,170,4,0,27,9,0,17,0,0,0,0,0,0,0,0,0,0,37,0,0,0,0,0,0,0,0,0,0,0,29,0,0,0,0,22,21,0,0,0,0,12,0,0
a30256b75e77270e84f5876c2d62c7da,25,0,17,28,0,0,0,0,0,0,0,0,0,0,0,0,0,0,0,0,0,0,0,0,0,0,0,0,0,0,0,0,0,0,0,0,0,0,93,89,49,0,38,0,109,45,0,0,0,17,0,0,0,0,0,0,0,7,0,0,0,0,0,0,0,0,0,0,0,0,30,0,35,0,0,0,0,0,0,0,0,0,0,0
a349afc68ea24812d020e0bae53ab45e,0,0,0,0,33,0,49,0,0,0,0,0,0,0,0,0,0,0,0,0,0,36,0,28,80,0,44,0,0,0,0,0,0,0,0,0,0,18,0,0,0,63,0,0,0,0,34,69,0,0,0,0,39,0,0,0,0,0,0,0,0,0,57,0,0,0,0,0,0,0,0,53,0,0,0,0,36,0,0,0,43,50,0,0
1e4a9dca9911524cd032a2778a38a7ee,0,0,0,0,18,0,0,0,0,0,0,0,0,0,0,0,0,0,0,0,0,24,0,26,42,0,31,0,0,0,0,0,0,0,0,0,0,0,0,0,0,0,0,0,0,0,0,0,38,19,38,0,28,33,0,0,0,0,0,0,0,0,0,0,0,75,0,0,0,0,0,0,0,26,39,46,33,79,47,0,0,150,0,0
229392b820681a5aeb2d4c3b77921922,0,0,0,0,25,22,24,19,0,26,14,0,0,0,0,0,0,0,0,0,0,24,26,11,18,11,31,0,0,0,13,9,0,9,0,0,34,0,0,12,0,38,13,42,0,0,50,62,0,0,0,4,23,0,6,0,0,49,0,14,7,0,0,0,0,8,0,0,0,11,0,0,0,0,0,22,18,8,0,37,19,25,31,0
a9a9fceabb2ded4edce03aafc300b332,0,0,0,0,34,0,0,0,0,0,0,0,0,0,0,27,0,0,0,0,0,36,0,56,64,0,35,0,0,0,0,0,0,0,0,0,0,0,0,21,0,132,0,0,38,0,0,0,0,0,0,0,0,0,0,0,0,0,0,0,10,0,0,14,0,0,0,0,0,0,24,0,0,0,0,49,37,0,0,0,49,165,0,0
749ae7e23fa7a131049e5734b2e48b51,0,0,0,0,0,0,0,0,0,0,0,0,0,0,0,25,29,0,0,0,0,0,0,0,0,0,0,0,0,0,0,0,92,0,0,0,0,27,0,0,0,0,0,28,0,0,29,45,0,0,0,0,0,0,41,0,0,0,0,0,0,0,0,21,0,9,0,37,0,0,29,43,17,122,0,0,0,0,0,47,0,35,14,36
d69dbeb4886b17e9f37089d97d309997,0,0,0,0,0,34,18,0,0,0,0,0,0,0,0,0,0,0,0,0,0,39,19,38,43,18,25,0,0,0,0,0,0,0,0,0,95,15,0,0,0,0,7,37,0,0,43,45,0,0,0,0,30,22,0,0,0,42,0,0,0,0,0,0,0,0,0,0,0,0,0,0,0,0,0,34,24,0,13,0,57,66,13,15
86135298ff3fd0128f0d619d6df65c22,0,0,0,0,0,24,0,21,0,18,0,0,0,0,0,0,0,0,0,0,0,0,0,0,0,0,0,0,0,0,0,0,0,0,0,67,0,0,0,0,0,0,0,0,0,0,0,0,0,0,0,0,0,0,0,215,48,267,116,0,0,0,0,0,0,0,0,0,0,15,0,0,0,0,0,0,0,0,0,0,0,0,0,0
5d5482ef84ee06d0d94ac18295917250,0,0,0,0,0,0,0,0,0,0,0,0,0,0,0,0,0,0,0,0,0,0,0,0,0,35,0,60,0,0,0,0,0,0,0,0,0,0,0,0,27,0,22,0,112,40,0,0,0,0,0,0,0,0,0,0,0,84,116,0,0,0,0,0,0,0,41,0,17,41,0,0,0,0,0,0,0,0,0,0,0,0,0,0
f5b26aa94c06b7bdfa92ae6b717f51b3,6,0,0,8,0,21,0,15,0,31,8,0,0,0,0,0,0,0,0,0,0,0,0,0,0,30,0,15,0,10,23,0,0,0,6,21,24,4,12,22,13,0,17,0,25,13,0,10,4,0,0,3,0,0,0,25,0,170,51,12,0,0,0,5,12,16,0,0,29,17,7,0,11,0,12,0,0,24,17,0,0,0,0,7
b3e43471f9e9e418e78c655dd82e3187,0,0,0,0,0,0,0,15,0,19,4,0,0,0,0,0,0,0,0,0,0,0,0,0,16,10,0,0,0,0,13,0,0,0,0,0,0,0,15,26,17,12,27,0,107,39,0,0,0,0,0,0,0,0,0,0,0,249,137,0,0,0,0,0,0,0,0,0,18,0,0,0,0,0,0,0,13,0,0,0,7,20,0,0
0948963d05fd6689e323c84fc1aabf5b,0,0,0,0,0,0,0,0,0,0,0,0,0,0,0,0,0,0,0,0,0,0,0,0,0,0,0,0,49,52,0,34,0,53,75,0,0,0,0,0,0,0,0,0,0,0,0,16,0,0,25,28,0,0,0,0,0,0,0,56,0,59,81,89,53,0,0,0,0,0,0,0,0,0,31,0,0,19,0,0,0,0,0,0
272abf16adc123ed3b9e01811cd36e9a,0,0,0,0,20,0,15,0,0,0,0,0,0,0,0,0,0,0,0,0,0,31,23,25,65,0,26,0,0,0,0,0,0,0,0,64,0,0,0,0,0,109,0,0,0,0,0,0,0,0,0,0,26,0,0,24,0,33,0,0,0,0,0,0,0,0,0,0,0,0,0,0,0,0,0,72,44,0,0,0,42,159,0,0
dae457dce2089ce83fd9a96ce128ec7a,0,22,0,0,30,0,0,0,0,27,0,0,0,0,0,0,0,0,0,0,0,0,0,0,35,31,0,23,0,0,0,0,0,0,0,0,0,0,0,26,27,0,15,0,153,28,0,0,0,0,0,0,33,0,0,0,0,48,0,20,0,0,0,0,0,0,0,0,0,17,0,0,0,0,7,0,0,0,0,3,0,0,0,0
585b3143d80f6c23342a75e4307553ee,0,0,0,0,7,20,39,33,0,29,21,0,0,0,0,0,0,7,0,0,0,30,24,0,27,13,29,18,0,0,9,0,0,0,0,0,0,0,0,11,6,21,0,23,11,2,0,0,0,0,0,0,34,0,0,48,0,71,0,0,0,0,0,0,0,0,15,0,6,20,0,0,0,0,0,11,17,0,0,0,34,33,23,0
0cd2b17c6c14eb16a9c3aebe599b9c62,0,0,0,0,0,25,0,13,0,27,25,0,0,0,0,0,0,0,0,0,0,0,0,0,0,25,0,12,0,0,27,0,0,0,0,141,125,0,0,0,0,0,16,0,10,8,0,0,0,0,0,0,0,0,0,57,41,91,56,0,8,0,0,0,0,0,7,0,18,12,0,0,0,0,0,0,0,0,0,0,0,5,0,0
b87f5ae148b3c38213fdeca77b10b1de,0,0,0,0,7,16,0,0,0,19,8,0,0,36,0,0,0,0,0,0,19,10,0,0,22,16,13,19,6,13,18,22,0,9,0,0,0,0,32,46,0,42,16,0,34,14,0,0,6,0,0,0,6,0,0,32,0,33,0,0,0,0,0,50,0,10,7,0,14,23,15,0,0,0,17,18,30,8,7,0,0,51,0,0
622da15e5f92253a2764ebd980b2d0c9,0,8,0,0,0,13,0,16,0,10,0,0,0,0,16,14,0,0,18,13,0,0,0,0,0,2,0,0,0,0,6,18,0,0,0,0,0,0,17,9,0,21,0,102,31,0,44,22,13,0,0,0,0,0,0,34,93,51,0,0,0,0,17,17,0,12,4,0,5,0,13,0,9,0,22,0,0,34,15,10,0,0,7,12
ccf66209185e064597ed3505a250fa15,0,0,0,6,30,0,0,0,0,0,0,0,0,0,0,0,6,0,0,0,7,21,0,30,30,0,27,0,0,12,0,15,0,26,11,0,0,14,0,0,0,19,0,24,0,0,20,58,0,0,0,0,17,0,0,0,0,0,0,7,0,7,26,45,17,0,0,0,0,0,16,8,14,0,0,30,41,0,0,0,18,98,26,26
a1670155b607fcc9ee12f1110fac1659,0,0,0,0,0,16,0,12,0,32,0,0,0,0,0,0,7,0,0,0,0,0,0,0,0,24,0,15,0,0,14,0,0,0,0,0,0,0,32,33,0,0,26,0,58,46,0,0,0,0,0,0,0,0,0,30,0,32,162,0,18,0,0,0,0,0,7,0,14,14,13,0,12,0,0,0,0,0,0,0,0,0,0,0
0ca014618cae8611b1056d121c5eab80,0,0,0,0,35,0,29,0,0,0,0,0,0,0,0,0,0,0,0,0,51,22,21,20,0,0,15,0,0,0,0,0,0,0,0,0,0,0,0,0,0,148,0,0,17,0,0,0,0,0,0,0,24,0,0,0,0,26,29,0,0,0,0,0,0,0,0,0,0,0,0,0,0,0,0,59,23,0,0,0,29,35,0,0
9b4765fa1f6303b57e4753b9bb2fd99e,0,0,0,0,0,18,0,0,0,30,27,0,0,0,0,0,0,0,0,0,0,0,0,0,0,23,0,13,0,0,17,0,0,0,0,0,0,0,31,30,19,0,0,0,89,48,0,0,0,0,0,0,0,0,0,0,0,75,212,0,0,0,0,0,0,0,9,0,13,19,0,0,0,0,0,0,0,0,0,0,0,0,0,0
504c8f91ff69642c329c779a77f1bc23,20,18,23,34,0,0,0,0,0,0,0,0,0,0,0,0,0,0,0,0,0,0,0,0,0,0,0,0,0,0,0,14,0,13,14,0,0,10,0,0,0,0,0,43,0,0,20,68,31,0,57,50,0,45,33,0,0,0,0,9,0,0,9,19,0,30,0,33,0,0,62,0,37,0,0,0,0,0,7,9,0,0,0,0
b38a20526bd646ff2487a692b67e00df,0,0,0,0,20,0,0,0,0,0,0,0,0,0,0,0,0,0,0,0,0,44,0,131,104,0,49,0,0,0,0,0,0,0,0,25,0,0,0,0,0,0,0,0,0,0,0,0,0,0,0,0,25,0,0,0,0,0,0,0,0,0,0,0,0,0,0,0,0,0,0,0,0,0,0,37,63,0,0,0,4,238,0,0
f9f4ecf4ab4a329454db0729f6590c4d,0,0,0,8,0,0,0,0,0,0,0,0,0,58,6,31,11,12,6,12,0,0,5,0,0,0,0,0,0,0,0,7,0,0,8,0,0,16,0,0,0,0,0,37,0,0,23,52,34,11,22,68,5,39,37,0,104,0,0,10,0,0,0,0,5,28,0,0,0,0,5,0,0,0,11,0,0,9,11,14,0,0,3,0
2529bb39885d699e19a299a4fc16405a,0,0,0,0,5,0,0,5,0,0,0,0,0,0,0,0,0,0,0,0,0,16,6,10,16,0,0,0,0,0,0,9,81,0,15,0,0,7,48,42,0,21,18,27,42,24,10,32,7,0,12,37,10,14,0,0,88,0,0,0,0,0,4,9,0,0,0,0,0,0,13,4,0,0,0,15,10,0,0,14,0,35,23,8
15b86556d51ce10360c4f1575e6003c8,0,0,0,0,37,11,0,0,0,13,12,0,0,0,0,0,0,0,0,0,0,74,0,30,61,0,66,0,0,0,5,0,0,0,0,0,0,0,0,0,0,10,0,0,0,0,0,0,0,0,0,0,48,0,0,0,0,0,0,0,0,0,0,0,0,0,0,0,0,6,0,0,0,0,0,64,60,0,0,0,24,213,0,0
5646ce441e39d599fde38566fc2a3718,0,0,0,0,0,40,0,8,0,25,18,0,0,0,0,0,0,0,0,0,0,30,0,0,33,14,16,24,8,29,41,0,0,15,31,0,0,0,0,0,0,0,0,0,0,0,0,0,0,0,0,0,21,0,0,0,0,0,0,28,0,25,34,31,44,0,0,0,0,52,0,0,0,0,0,25,26,0,0,0,0,88,0,0
d99a174a95a9d8b41a24ed307a75f351,0,0,0,0,3,19,0,0,0,4,0,0,0,0,0,0,0,0,0,0,0,0,0,0,0,0,5,0,0,0,0,0,0,0,0,0,0,0,102,87,93,9,83,0,140,156,0,0,0,0,0,0,3,0,0,0,0,0,0,0,0,0,0,0,0,0,0,0,0,0,0,0,0,0,0,6,0,0,0,0,0,12,0,0
464882d14329426232cde52c51d0b345,0,0,0,0,15,9,11,0,0,6,11,0,0,0,0,0,0,0,0,0,0,0,18,16,16,0,17,0,0,0,0,13,0,15,0,32,0,8,0,0,0,16,0,34,0,0,45,34,11,0,5,0,22,13,0,0,49,27,0,13,0,0,24,11,0,0,0,0,0,0,0,10,0,0,0,16,15,14,39,0,13,11,29,23
de9b20469aa6f012e0778f0a30f3beca,0,0,0,0,0,28,0,0,0,12,0,0,0,0,0,0,0,0,0,0,0,0,0,0,0,26,0,13,0,0,0,0,0,0,0,102,40,0,0,0,0,0,0,0,11,17,0,0,0,0,0,0,0,0,0,0,0,111,203,0,0,0,0,0,0,0,33,0,26,20,0,0,0,0,0,0,0,0,0,0,0,0,0,0
3582c0207b02834a6a098b8ad976036f,0,0,0,0,19,41,0,32,0,37,33,0,0,0,0,0,0,0,0,32,0,0,0,0,25,21,28,32,0,0,0,0,0,0,0,29,0,0,0,0,0,19,0,0,26,0,0,0,0,0,0,0,32,0,0,48,7,49,0,0,7,0,0,0,0,0,27,0,26,46,0,0,0,9,0,0,0,0,0,0,28,50,0,0
043ec4509f46b79a46d13dbc919a7924,0,0,0,0,9,15,0,16,0,64,21,0,0,0,0,0,0,0,0,0,0,10,0,8,27,18,0,0,0,0,44,0,0,0,0,0,0,0,17,0,0,14,0,0,28,0,0,0,0,0,0,0,15,0,0,38,0,72,87,0,0,0,0,0,0,0,11,0,11,0,0,0,0,0,0,23,10,0,0,12,8,58,0,0
591f0aad0a5b9899f7d5341a892bd16e,0,0,0,0,37,20,0,10,0,40,10,0,0,0,0,0,0,0,0,0,0,0,7,15,18,26,0,8,0,0,57,0,0,0,0,0,0,0,0,0,0,0,0,0,0,0,0,0,0,0,0,0,13,0,0,0,0,87,0,0,0,0,0,0,0,3,0,0,14,9,0,0,0,0,0,0,31,0,0,0,41,250,0,0
a3c01770be7485902942c66b05d732c6,0,0,0,0,10,0,0,0,0,0,0,0,0,0,0,0,14,5,0,0,0,0,0,0,15,0,0,0,0,12,0,0,0,9,0,26,39,37,0,0,0,0,0,38,0,0,73,220,0,0,0,0,20,0,0,0,0,0,0,0,0,0,0,20,0,13,0,0,0,0,0,0,0,0,0,15,0,10,31,32,6,17,0,33
9716273aa8b614eaa0ad05c7f1842c2f,0,0,0,0,0,0,42,0,0,19,0,0,0,15,0,0,0,0,0,0,0,22,24,14,16,0,33,11,0,0,0,0,0,0,0,59,0,0,25,36,25,45,37,0,55,37,0,0,0,0,0,0,28,0,0,0,0,72,0,0,0,0,0,0,0,0,0,0,22,0,0,0,0,0,0,18,0,0,0,0,0,39,0,0
a5a77b70fe5db7f0da009bed0f534ffc,0,0,0,0,0,0,0,0,14,0,0,0,0,0,12,0,0,0,15,9,0,0,0,0,0,0,0,0,10,17,0,25,0,27,17,0,0,0,0,0,0,0,0,40,0,0,25,32,29,9,38,48,0,38,28,0,0,0,0,16,0,0,19,33,12,47,0,0,0,0,0,0,13,0,16,0,0,29,42,0,0,0,0,10
7b110995ba42ff5360e4449295150364,0,0,0,0,25,0,23,0,0,0,0,0,0,0,0,0,0,0,0,0,14,43,0,32,55,0,29,0,0,0,11,0,0,0,0,0,0,0,0,0,0,56,0,0,0,0,0,0,0,0,0,0,30,0,0,0,0,0,0,0,0,0,0,0,0,0,0,0,0,0,14,0,0,0,0,33,38,0,0,27,44,214,0,0
e1b2a2065fed56a71252c21280552b6f,0,0,0,0,0,0,13,0,0,0,0,0,0,0,0,0,0,0,0,0,0,73,0,33,82,0,34,0,0,0,0,0,0,0,0,0,0,0,0,0,0,32,0,0,0,56,0,0,0,0,0,0,36,0,0,0,0,0,0,0,0,0,0,0,0,0,0,0,0,0,0,0,0,0,0,54,48,0,0,0,29,193,0,0
0b0acfad21aa4d24e32a7bd70eea6888,0,0,0,0,0,0,0,0,29,0,0,0,0,0,0,59,19,0,0,0,0,0,0,0,0,0,0,0,0,0,0,0,0,20,0,0,0,23,0,0,0,0,0,43,0,0,75,99,11,11,0,0,0,17,28,0,0,0,0,0,0,0,0,13,0,18,0,0,0,0,23,0,0,0,14,0,0,14,31,35,0,0,40,29
fc160a35e57bed442f0cbfdb844cfae1,0,0,0,0,29,0,10,0,0,6,0,0,0,0,0,0,0,0,0,0,0,9,9,11,23,8,14,2,0,0,0,0,0,0,0,0,0,0,0,0,0,0,0,0,0,0,0,0,0,0,0,0,41,0,0,28,91,52,0,0,0,0,0,0,0,0,0,0,5,0,0,0,0,0,0,44,17,0,0,0,27,236,0,0
3af4ab40cbc43e983c22a361f5f3acbd,0,0,0,0,0,0,0,0,0,0,31,0,0,0,0,0,0,0,0,0,0,0,0,0,0,22,0,38,0,0,0,0,0,0,0,0,0,0,39,67,119,0,41,0,197,82,0,0,0,0,0,0,0,0,0,0,0,0,0,0,0,0,0,0,0,0,0,0,0,0,0,0,0,0,0,0,0,0,0,0,0,0,0,0
5d5e543cbbaf6b818a35a8121079b140,0,0,0,0,0,47,0,26,0,44,20,0,0,19,0,0,0,0,0,0,0,0,0,0,0,18,0,12,0,0,28,0,0,0,0,0,0,0,27,0,0,0,0,0,42,16,0,0,0,0,0,0,0,0,0,91,0,72,0,0,16,0,0,0,14,0,0,0,0,11,0,0,0,17,0,0,0,12,0,0,0,21,0,0
001e299c761b01fe4e92bc79575f7e1f,0,0,0,0,0,0,0,0,0,0,0,0,0,0,0,0,0,0,0,0,15,0,0,0,0,0,0,0,0,0,0,0,0,0,0,0,34,0,125,47,24,58,47,0,234,67,0,0,0,0,0,0,0,0,0,0,0,0,0,0,0,0,0,0,0,0,0,0,0,0,0,0,0,0,0,0,0,0,0,0,0,0,0,0
7602c6c4678b4118765db5b36012619a,0,0,0,0,11,0,0,0,0,0,0,0,0,0,0,0,0,0,0,0,0,36,0,21,51,0,25,0,0,0,0,0,0,0,0,0,0,0,0,0,0,0,0,0,0,0,0,0,0,0,0,0,46,0,0,0,0,0,0,0,0,0,0,0,0,0,0,0,0,0,0,0,0,0,4,166,89,0,0,0,0,196,0,0
63cf39d71d537a1a9822e9765f7efbf9,0,0,0,0,0,0,9,0,0,0,0,0,0,0,0,0,0,0,0,0,0,0,0,0,0,0,0,0,21,33,0,15,0,21,28,0,0,0,0,0,0,0,0,0,0,0,0,0,15,4,6,15,0,22,0,0,0,0,0,143,0,12,0,52,26,27,0,8,0,0,10,0,0,0,57,0,0,62,24,0,0,0,0,0
dd8c8d60bfca3e1df01a4bbff8d3326e,0,0,0,0,0,12,27,0,0,18,0,0,0,0,0,0,26,0,0,0,0,0,0,0,0,0,0,0,0,36,0,0,0,0,0,0,0,0,0,20,0,0,0,0,0,0,0,0,0,0,0,0,24,0,0,0,158,0,0,37,0,0,0,0,24,0,0,0,0,0,0,0,0,0,0,19,0,0,0,0,18,28,0,0
fd6b681dfd04576bd2faa39c2cd7ff7f,0,0,0,0,0,0,0,0,0,16,0,0,0,0,0,0,0,0,0,0,7,70,0,0,22,36,0,20,0,0,0,0,0,0,0,0,0,0,18,27,0,0,22,0,112,0,0,0,0,0,0,0,23,0,0,0,0,27,0,0,0,0,0,0,0,0,0,0,0,58,0,0,0,0,0,0,0,0,0,0,0,0,0,0
1055fe0a6b59638d742ec7075dc33cfd,0,0,0,0,8,0,12,0,0,7,0,0,0,0,0,0,0,0,0,0,11,33,10,0,7,4,20,0,0,0,8,0,0,0,0,0,0,0,28,42,20,21,32,0,60,37,0,0,0,0,0,0,15,0,0,17,0,39,0,0,0,0,0,0,0,0,0,0,9,0,0,0,0,0,0,10,18,0,0,0,9,18,0,0
f18b0846941f368a329f8a95954ce004,0,0,0,0,22,0,0,0,0,0,0,0,0,0,0,14,0,0,0,0,12,0,0,0,0,0,0,0,0,0,0,0,0,0,0,0,0,0,76,30,45,36,47,0,106,102,0,0,0,0,0,0,0,0,0,0,0,74,30,0,0,0,0,0,0,0,0,0,0,0,0,0,0,0,0,0,0,0,0,0,0,0,0,0
46f909143dcd72273012d4e16e8e9b96,0,0,0,20,0,0,0,0,0,0,0,0,0,0,0,0,0,0,0,0,0,0,0,0,0,0,0,0,0,0,0,0,0,0,0,0,0,0,0,0,0,0,0,0,0,0,0,27,11,15,26,38,0,59,46,48,0,0,0,9,0,10,15,0,0,50,0,28,0,6,40,0,9,0,44,24,0,40,30,0,0,16,0,0
f1cc37ff19bc586384407bc5f20d30c5,0,0,0,0,24,18,0,0,0,0,19,0,0,0,0,0,0,0,0,0,0,49,8,21,77,9,20,0,0,0,0,0,0,0,0,0,0,0,0,0,0,0,0,0,0,0,0,0,0,0,0,0,37,0,0,0,0,36,0,0,0,0,0,0,0,0,5,0,0,0,0,0,0,0,0,77,55,0,0,0,13,136,0,0
7719b0c07387d2f45e9d53bdad373b2a,0,0,0,0,0,27,19,23,0,33,0,0,0,0,0,14,0,0,0,0,0,0,13,0,0,0,22,0,0,0,0,0,0,0,0,16,79,0,0,0,0,15,0,0,0,0,25,43,0,0,0,9,0,0,0,31,129,0,0,0,0,0,0,0,0,13,0,0,0,11,0,0,0,0,0,0,0,0,0,0,15,0,20,0
427676cf33136c2bc889a08b2941d433,0,12,0,0,0,0,0,0,0,0,0,0,0,0,0,0,0,0,4,0,0,0,0,0,0,0,0,0,29,29,0,16,0,0,21,0,0,13,0,0,0,0,0,22,0,0,0,0,28,0,0,24,0,0,0,0,0,0,0,43,0,44,11,42,55,21,0,10,0,0,39,0,26,0,0,0,0,28,13,18,0,0,0,14
c6bbbf4397e9e45d7c6ea4a2b431881c,0,0,0,7,0,0,0,0,0,0,0,0,0,0,0,0,0,0,0,13,0,0,0,0,0,0,0,0,25,32,0,0,0,0,22,0,0,0,0,0,0,0,0,70,0,0,10,30,9,0,0,26,0,16,0,0,0,0,0,76,0,31,25,38,39,0,0,37,0,0,38,10,24,0,0,0,0,17,0,0,0,0,0,0
703c27d5de4f840df6b5048b620304b4,0,0,0,0,0,0,0,0,0,0,0,0,0,0,3,0,0,0,0,0,0,0,0,0,0,0,0,0,0,0,0,18,0,26,0,0,0,20,0,0,0,0,0,135,0,0,127,187,0,0,0,0,0,0,0,0,0,0,0,6,0,0,16,25,0,0,0,0,0,0,0,2,0,0,0,0,0,0,0,19,0,0,4,38
978324fe7e81e27609a58e46552282ab,0,0,0,0,0,0,0,0,0,0,0,0,0,0,0,0,0,0,0,0,0,0,0,0,0,0,0,0,0,0,0,20,0,0,0,0,64,14,0,0,0,0,0,27,0,0,39,0,0,0,14,0,0,24,36,0,0,0,0,21,0,0,32,17,18,33,0,0,0,0,0,0,0,0,11,0,0,29,12,38,0,0,39,0
d1fe785a5dc8ddb4ca07575f1da854a6,0,0,0,0,16,0,0,0,0,0,0,0,0,0,0,0,8,0,0,0,0,0,0,0,0,0,21,0,0,0,0,30,0,13,0,0,0,8,0,0,0,0,0,24,0,0,40,130,0,0,0,0,0,0,0,68,0,26,0,0,0,0,20,7,0,0,0,0,0,0,0,7,0,0,0,27,9,12,20,33,26,40,14,13
9e8a3cdd5a1cec2fa45422b291b1d1a5,14,63,26,53,0,0,0,0,0,0,0,0,0,0,0,0,0,0,0,0,0,0,0,0,0,0,0,0,0,12,0,3,0,0,0,0,0,0,0,0,0,10,0,31,0,0,0,0,0,0,4,10,0,15,9,0,0,0,0,32,0,21,15,29,10,5,0,44,0,0,97,0,43,0,9,0,0,10,6,0,0,0,0,5
fd486d0309ed1d6734f7eba1243e88f8,0,0,0,0,0,0,0,0,0,0,0,0,0,0,22,0,0,0,0,11,0,0,0,0,0,0,0,0,0,0,0,0,165,0,0,0,0,20,0,0,0,0,0,0,0,0,44,251,0,0,0,0,0,0,0,0,0,0,0,0,0,0,0,0,0,0,0,14,0,0,9,19,0,0,0,0,0,0,0,25,0,0,19,24
38447d4fdbd1146303f1baa54fead405,0,0,0,0,37,0,20,0,0,0,0,0,0,0,0,0,0,0,0,0,0,39,15,15,37,0,12,0,0,0,0,0,0,0,0,0,0,0,0,0,0,23,0,0,0,0,0,0,0,0,0,0,64,0,0,0,0,0,0,0,0,0,0,0,0,0,0,0,0,0,0,0,0,0,0,47,49,0,0,0,90,136,0,0
2f3de2bca7077a59f018a27115e59e27,0,0,0,0,0,0,0,0,0,0,0,0,0,0,11,0,0,0,13,0,0,0,0,0,0,0,0,0,10,17,0,0,0,0,10,0,0,0,0,0,0,0,0,0,0,0,0,0,80,7,33,42,0,70,24,0,0,0,0,43,0,18,11,15,14,39,0,0,0,0,3,0,0,0,24,0,0,73,31,0,0,0,0,0
2656fe62a6ca3d61b87c97c24a5679e1,0,0,0,0,0,0,10,0,0,0,0,0,0,0,0,0,0,0,0,0,0,0,5,0,0,26,8,12,0,0,0,0,0,0,0,0,115,0,17,15,26,18,26,0,111,59,0,0,0,0,0,0,9,0,0,0,0,33,0,0,0,0,0,0,0,0,0,0,13,22,0,0,0,0,0,0,0,0,0,0,5,12,0,0
6cbd6c441c8699e0ea83ec4a923e77ab,0,0,0,0,0,0,0,0,0,0,0,0,0,0,4,0,0,0,0,0,0,0,0,0,0,0,0,0,19,22,0,32,0,21,0,0,0,12,0,0,0,0,0,0,0,0,22,21,36,0,25,45,0,19,19,0,0,0,0,15,0,0,25,31,0,17,0,8,0,0,36,0,19,0,18,0,0,23,21,21,0,0,15,0
5476323c7792ed7c0c4c3e27c0f5b3c7,0,10,6,0,10,0,9,4,0,0,0,0,0,0,0,0,0,0,0,0,19,0,10,0,0,7,6,0,0,0,0,0,0,0,6,0,0,0,34,38,6,136,18,0,62,28,0,24,0,0,5,0,8,0,0,0,0,0,59,0,0,0,0,0,0,4,0,0,0,0,27,0,0,0,0,0,0,5,14,0,8,9,6,0
fa5a6917885ac69adcbce7ec6a3f3577,0,0,0,0,0,0,0,0,0,0,0,0,0,0,10,0,30,0,10,0,0,38,0,0,27,0,49,0,0,0,0,0,0,0,24,0,0,18,0,0,0,0,0,15,0,0,51,24,19,0,33,42,36,22,31,0,0,0,0,0,0,0,0,0,0,0,0,0,0,0,0,9,0,0,0,0,0,0,18,14,0,0,25,0
e6abed741cddf509b07cc1b4459cc685,0,0,0,0,0,0,0,0,0,0,0,0,0,0,9,0,5,9,9,0,0,0,0,0,0,0,0,0,0,0,0,0,0,0,0,0,0,0,0,0,0,0,0,100,0,0,37,79,27,0,0,16,0,13,0,0,0,0,39,0,0,0,8,39,0,21,0,0,0,0,0,21,0,0,20,0,0,24,31,17,0,0,11,50
b806e0462569e4b3467b396640400484,0,0,0,0,0,0,0,15,0,0,0,0,0,0,5,0,0,0,0,0,0,0,0,0,0,0,0,0,0,0,0,0,0,17,41,0,110,0,0,0,0,0,0,0,0,0,0,0,47,8,23,106,0,92,50,0,0,0,0,0,0,0,0,0,0,19,12,0,0,0,0,0,0,0,16,0,0,23,10,0,0,0,0,0
20b6227ebfc10c05469062ce91fa053e,0,0,0,0,0,4,0,0,0,13,0,0,0,0,0,0,2,0,0,0,0,5,0,0,0,7,0,6,0,0,7,0,24,0,0,0,0,0,53,50,9,22,23,10,103,17,0,17,4,0,6,0,0,8,0,0,68,6,0,9,0,0,0,0,4,7,0,12,6,0,35,0,9,0,0,8,0,0,4,0,4,20,0,0
4f4dbbbc8cefdfaeaba5041bcd40eda8,0,0,0,0,0,0,0,0,0,0,0,0,0,0,4,21,0,6,0,15,0,0,0,0,0,0,27,0,0,0,0,18,0,0,0,0,0,0,0,0,0,0,0,45,0,0,35,35,0,0,0,2,9,0,7,37,0,0,0,0,0,0,10,22,0,6,0,0,0,0,0,14,0,0,7,0,0,7,11,43,0,0,20,0
35800cf1a01d2fb458a18105b259edb9,0,0,0,0,0,12,0,13,0,0,0,0,0,0,18,0,0,0,11,0,0,0,0,0,0,0,0,0,0,0,0,8,0,0,0,0,0,27,0,0,0,0,0,20,0,0,93,73,17,0,0,8,0,0,0,0,0,70,0,16,0,21,20,24,13,0,0,0,0,0,0,0,0,0,9,0,0,0,27,23,0,0,0,34
c7fa597481ad292d9910ad3bb3714460,0,37,0,0,0,0,0,0,30,0,0,0,0,0,0,0,0,0,0,0,0,0,0,0,0,0,0,0,0,0,0,0,84,0,0,0,0,0,0,0,0,0,0,46,0,0,0,12,0,0,0,0,0,0,0,0,0,0,0,37,0,39,0,43,19,0,0,27,0,0,74,19,50,0,0,0,0,0,0,51,0,0,0,0
cb41fd40c905473f164c773e54eae7af,0,15,0,0,0,0,0,0,0,0,0,0,0,0,0,0,13,0,0,0,0,0,0,0,0,0,0,0,0,0,0,0,0,0,0,0,31,16,0,0,0,0,0,0,0,0,27,61,0,0,0,0,0,0,0,0,0,0,0,24,0,28,6,23,20,17,0,15,0,0,34,20,12,0,17,30,0,15,15,10,0,88,11,14
b81e6cc5c2412f460e7c4b4301a52fae,0,0,0,0,14,0,0,0,0,0,0,0,0,0,0,0,0,0,0,0,16,32,21,15,38,0,33,0,0,0,0,0,0,0,0,0,0,0,26,18,0,146,0,0,10,0,0,19,0,0,0,0,18,0,0,0,0,0,0,0,0,0,0,0,0,0,0,0,0,0,0,0,0,0,0,39,21,0,0,0,0,62,0,0
67fe68b10effbc7af1e15eb1d66f58af,0,0,0,0,0,0,68,42,0,0,28,0,0,0,0,0,0,0,0,0,0,0,0,0,0,0,0,0,0,0,0,0,0,0,0,32,68,0,0,0,45,0,0,0,57,0,0,0,0,0,0,0,62,0,0,0,0,0,73,0,0,0,22,0,0,0,0,0,0,0,0,0,0,0,0,0,0,0,0,0,0,0,0,0
716256f8168e325a3927d14b743a8fcb,0,0,0,0,17,20,19,14,0,18,13,0,0,0,0,0,0,0,0,0,0,10,20,8,26,0,30,13,0,0,0,0,0,14,0,0,0,0,0,0,0,0,0,0,0,0,0,0,4,0,0,0,44,21,0,0,0,0,0,8,0,0,8,20,7,0,0,0,12,15,0,0,0,0,11,24,25,13,0,0,76,40,0,0
f80125baf07e60239d3e8e462f7edaf8,0,0,0,0,47,0,0,0,0,0,0,0,0,0,0,0,0,0,0,0,0,40,26,57,59,0,32,0,0,0,0,0,0,0,0,0,0,0,0,0,0,17,0,0,0,0,0,0,0,0,0,0,29,0,0,0,0,0,0,0,0,0,0,0,0,0,0,0,0,0,0,0,0,0,0,25,46,0,0,0,48,110,0,0
05caf4a22a9ec9a9e2992ce7f6ddfd82,0,0,0,0,0,0,0,0,0,0,0,0,0,0,0,0,0,0,11,0,0,0,0,0,0,0,0,0,0,6,0,0,0,0,11,0,0,19,0,0,0,0,0,36,0,0,113,101,26,0,20,21,0,25,16,0,0,0,0,0,0,13,0,31,12,18,0,0,0,0,11,13,0,0,0,0,0,26,0,0,0,0,18,20
2c8a7427c65affce1cc42b4e460f6499,0,0,0,0,0,0,0,0,0,0,0,0,0,0,0,35,9,5,0,0,0,0,0,0,0,0,0,0,0,0,0,0,83,0,0,51,0,13,0,0,0,0,0,15,0,0,0,52,20,0,0,0,0,10,12,0,140,9,0,0,6,0,0,11,0,11,0,0,7,0,0,0,0,0,0,0,0,0,16,27,0,0,0,18
0a7a72cf0cbf9f815d62c85dfa0b269a,0,0,0,0,0,18,14,0,0,21,32,0,0,0,0,0,0,0,0,0,0,0,0,14,0,0,20,0,0,0,0,0,0,0,0,0,0,0,18,24,0,30,0,0,35,0,0,38,0,0,0,0,0,0,0,0,0,42,0,0,0,0,0,0,0,0,0,0,0,29,0,0,0,0,0,19,0,0,0,0,0,36,0,0
8ca25cff5041670fa16425fb32d6e613,0,0,0,0,0,14,0,0,0,14,0,0,0,0,0,0,0,0,0,0,0,0,0,0,0,12,0,0,0,0,18,0,58,0,0,0,0,0,34,30,0,69,0,24,45,40,0,25,0,0,0,0,0,0,0,0,0,63,0,0,0,0,0,0,0,0,0,0,0,0,33,0,0,0,0,0,0,0,0,0,41,45,0,0
fe3bfe0fb89d6212113533ceda64977a,0,0,0,0,23,8,10,0,0,0,0,0,0,0,0,0,0,0,0,0,8,57,18,23,60,0,35,0,0,0,0,0,0,0,0,0,0,0,0,0,0,17,0,0,0,0,0,0,0,0,0,0,27,0,0,0,0,0,0,0,0,0,0,0,0,0,0,0,0,0,0,0,0,0,0,52,30,0,0,0,0,185,0,0
2d406d26bdccc1c9f3531742f0fa00c9,40,0,21,59,0,0,0,0,0,0,0,0,0,0,0,0,0,0,0,0,0,0,0,0,0,0,0,0,0,0,0,0,0,0,0,0,0,0,0,0,0,0,0,0,0,0,0,0,0,26,141,31,0,24,44,0,0,0,0,0,0,0,0,0,0,0,0,0,0,0,0,0,0,0,10,0,0,16,0,0,0,0,0,0
0d0e934aa58307b968617138046a38e7,0,0,0,0,0,0,0,0,0,0,0,0,0,0,11,0,8,0,0,0,0,0,0,0,0,0,0,0,0,0,0,21,0,0,11,0,0,33,0,0,0,0,0,25,0,0,53,117,10,0,11,15,0,10,14,0,0,0,0,0,0,12,13,33,0,17,0,0,0,0,0,9,0,0,0,0,0,21,31,23,0,13,17,19
afaafb1610d653ad3c42c8b910939c71,0,0,0,0,0,0,0,0,28,27,0,0,0,0,0,0,0,0,0,0,0,0,0,0,0,19,0,12,0,24,0,24,0,0,0,0,0,0,0,0,0,0,0,0,0,0,0,0,0,0,0,0,0,17,0,48,0,123,8,22,0,0,0,0,0,0,0,0,41,0,0,0,0,0,0,0,0,0,0,14,0,49,0,0
7d90c009cc71c5cff899572efc93198e,0,0,0,0,0,0,0,0,0,29,0,0,0,0,0,0,0,0,0,0,0,0,0,0,0,35,0,78,0,0,0,0,0,0,0,0,0,0,0,0,37,0,24,0,108,42,0,0,0,0,0,0,0,0,0,0,0,96,0,0,0,0,0,0,0,0,0,0,49,0,0,0,0,0,0,23,0,0,0,0,0,0,0,0
f359d6b12d6df77fce3684238719e6c2,0,0,0,0,0,0,19,10,0,0,0,0,0,0,0,0,0,0,0,0,0,0,23,8,9,0,7,0,0,0,0,0,0,0,0,0,44,0,0,0,0,21,10,0,0,0,0,5,0,0,0,0,0,0,0,0,76,15,0,15,10,8,0,0,0,0,0,0,0,0,0,0,0,0,0,0,12,0,0,0,0,30,6,0
3e6499f1f492d2218c1c22ae6c0af0e5,0,0,0,0,0,0,0,0,0,5,0,0,0,0,0,0,0,0,0,0,0,3,0,0,0,12,0,0,0,0,0,0,0,4,0,39,0,0,17,21,37,0,75,0,148,32,0,0,0,0,0,0,8,0,0,0,0,103,0,0,0,0,0,0,0,0,0,5,19,0,0,2,0,0,0,8,0,0,0,5,0,0,0,0
d9167401bdb1cbc3adbe3b11517663eb,0,0,7,12,0,0,8,0,0,0,0,0,0,0,19,0,8,0,24,12,0,0,0,0,29,0,19,0,0,0,0,0,0,7,12,0,0,33,0,0,0,11,0,0,0,0,0,28,0,0,0,0,0,0,0,0,0,0,0,24,0,15,23,32,26,0,0,0,0,0,37,0,24,0,17,14,18,22,0,0,0,0,21,15
7b9d573ab1c7718297c5c34b394b7fc5,0,0,0,0,0,10,0,0,0,0,0,0,0,0,0,0,0,0,0,0,0,0,0,0,0,21,0,46,0,20,0,0,0,0,0,24,0,0,0,0,0,0,0,0,59,33,0,0,0,0,0,57,0,51,0,0,0,48,0,0,0,0,0,0,0,0,10,0,23,0,0,0,0,0,0,0,0,0,0,5,0,0,0,0
53003acda169efc1436f1cd5df87ab20,0,0,0,0,0,6,0,0,0,0,0,0,0,40,0,0,0,0,0,0,0,0,0,0,0,6,0,0,0,0,0,0,0,0,0,0,0,0,66,74,41,0,45,0,118,72,0,0,0,0,0,0,0,0,0,0,0,31,0,0,0,0,0,0,0,0,0,0,0,0,0,0,0,0,0,0,0,0,0,0,0,0,0,0
535104b102af17dc77ba30a4563966c4,0,0,0,0,0,0,14,0,27,0,0,0,0,0,9,0,0,0,3,0,0,8,0,22,16,0,11,0,0,0,0,0,0,0,0,0,0,13,0,0,0,23,0,0,0,0,26,49,0,0,0,0,18,0,0,0,0,8,0,0,0,0,0,20,19,5,0,0,0,0,0,0,0,0,0,10,15,0,9,0,36,78,0,12
300233c380fe5ed8b618948c02502494,0,0,0,0,0,0,0,0,0,0,0,0,0,0,0,0,0,0,0,0,0,0,0,0,10,0,0,0,0,0,0,0,0,0,0,0,0,0,55,85,41,28,52,0,98,99,0,0,0,0,0,0,0,0,0,15,62,0,0,0,0,0,0,0,0,0,0,0,0,0,0,0,0,0,0,0,0,0,0,0,0,0,0,0
077241b823a43a225d95704db6bd6c84,28,0,22,58,0,0,0,0,0,0,0,0,0,0,0,41,0,0,0,0,0,0,0,0,0,0,0,0,0,0,0,0,0,0,0,0,0,0,0,0,0,0,0,19,0,0,0,0,33,0,64,31,0,39,0,0,0,0,95,0,0,0,0,0,0,0,0,0,0,0,30,0,0,0,0,0,0,0,0,0,0,0,0,0
3cbfdc05bf16ec82426d345f8249bd53,0,0,0,0,22,0,0,0,0,0,0,0,0,0,0,0,0,0,0,0,0,0,0,14,50,0,23,0,0,0,0,0,0,0,0,0,0,0,0,0,0,0,15,0,48,32,0,0,0,0,0,0,33,0,0,53,0,42,0,0,0,0,0,0,0,0,0,0,0,0,0,0,0,0,0,48,24,0,0,0,0,124,0,0
6587ce807d3264e47f711c65c6079c6a,0,0,0,0,0,32,0,18,0,48,0,0,0,0,0,0,0,0,0,0,0,0,0,0,23,15,0,12,0,0,0,0,0,0,0,62,0,0,0,34,0,0,0,0,28,0,0,0,0,0,0,0,0,0,0,85,0,137,0,0,0,0,0,0,0,0,0,0,0,0,0,0,0,0,0,0,0,0,0,0,0,31,0,0
ecc5aaa726aa004e8fffcf14efc9623d,0,0,14,7,0,0,0,0,0,0,0,0,0,0,0,0,0,0,0,0,0,0,0,0,0,34,0,41,6,18,0,0,0,0,19,0,0,0,0,10,0,0,0,0,25,0,0,0,21,3,89,34,0,0,0,0,93,0,0,0,0,0,0,0,0,0,0,19,0,49,17,0,0,0,0,0,0,0,0,0,0,0,0,0
31494407a5f81d45e76aec9be4e2f3e3,0,0,0,0,0,0,0,0,0,0,0,0,0,0,0,29,0,0,0,0,0,0,0,0,0,0,0,0,0,0,0,0,22,0,0,0,0,6,0,0,0,0,0,11,0,0,11,32,10,5,19,8,0,15,14,0,151,0,0,0,0,0,0,0,0,2,0,0,0,0,19,18,12,0,0,0,0,4,0,0,0,0,25,0
2cc6caf989a9e905b63644a32cbd34f8,0,0,0,0,0,0,36,33,0,0,0,0,0,0,0,0,0,0,0,0,0,29,44,0,36,0,30,0,0,0,0,0,0,0,0,0,92,0,0,0,0,48,0,0,37,0,0,0,0,0,0,0,38,0,0,0,0,0,0,0,0,0,0,0,0,0,0,0,0,0,0,0,0,0,0,20,0,0,0,0,0,33,0,0
5320f74a0ac18a7e8d21f58e0e385026,0,0,0,0,0,0,0,0,25,0,0,0,0,0,0,0,0,0,0,0,0,0,0,0,29,51,0,25,0,0,0,0,0,0,18,0,0,0,24,26,0,0,0,0,65,0,0,0,0,0,0,0,0,0,0,0,0,31,0,0,0,0,0,0,0,0,0,0,0,43,0,0,0,0,0,0,0,0,0,0,0,20,0,0
2d30211ca83dbaba57bb7d08b25f6cee,0,0,0,0,0,0,0,0,0,0,0,0,0,0,0,0,30,0,0,0,0,0,0,0,0,0,0,0,0,0,0,0,1,35,0,0,0,9,0,0,0,0,0,8,0,0,0,180,0,0,0,0,0,11,0,0,0,0,2,0,0,0,0,36,0,0,0,0,0,0,57,0,32,0,0,0,0,0,0,0,0,0,15,21
5ff71fc57cfb2b7d9fd9890616328b6b,0,0,0,0,0,0,0,0,0,47,0,0,0,0,0,21,0,0,0,0,0,0,0,0,0,0,0,0,0,0,0,0,0,0,0,0,0,0,37,63,47,0,43,0,86,84,0,0,0,0,0,0,0,0,0,0,0,35,0,0,0,0,0,0,0,0,0,0,20,0,0,0,0,0,0,0,0,0,0,0,0,0,0,0
0ba8f372de4de2dc80ce87f523233c9f,0,0,0,0,0,0,0,0,0,0,0,0,0,0,45,12,14,10,34,25,0,0,0,0,0,0,0,0,0,0,0,0,0,0,0,0,0,0,0,0,0,0,0,54,0,0,19,0,23,9,47,19,0,24,10,0,0,0,0,8,0,0,0,0,0,13,0,0,0,0,0,0,0,0,10,0,0,15,42,20,0,0,20,12
35db1ed3cd663fe9b91c4dc0d881cde0,0,0,0,0,20,0,35,0,0,0,0,0,0,0,0,0,0,0,0,0,0,43,28,0,31,0,36,0,0,0,0,0,0,0,0,0,41,0,44,0,0,40,0,0,0,0,0,0,0,0,0,0,20,0,0,14,0,0,59,0,0,0,0,0,0,0,0,0,0,0,0,0,0,0,0,28,0,0,0,0,0,47,0,0
bcf0a94c719792e52c9e21ffc7b41f81,0,0,0,0,12,0,0,17,0,20,21,0,0,0,0,0,0,0,0,0,0,0,12,0,32,0,15,0,0,0,21,0,0,0,0,0,0,0,0,0,0,0,0,0,0,0,0,16,0,0,0,0,11,0,0,88,110,28,0,0,0,0,0,0,0,0,12,0,0,9,0,0,0,0,0,26,0,0,0,0,10,0,0,0
ac2d7285ae1dae8d053a97ef343d8959,0,0,0,0,0,0,0,0,0,0,0,0,0,0,0,0,8,0,0,0,23,12,0,0,14,0,9,0,0,0,0,0,0,0,0,0,0,10,101,0,0,78,6,0,40,0,0,0,0,0,0,0,11,0,0,0,0,0,0,0,0,0,0,0,0,0,0,0,0,0,0,0,0,17,0,13,19,0,0,0,0,39,12,0
a7aa7af1ff0230b0ba542a3aac1defbc,0,0,0,0,26,0,0,0,0,0,0,0,0,0,0,0,0,0,0,0,0,36,0,19,56,0,18,0,0,0,0,0,0,0,0,0,0,0,0,0,0,0,0,0,0,0,0,0,0,0,0,0,38,0,0,0,0,0,0,0,0,0,0,0,0,0,0,0,0,0,0,0,0,0,0,44,40,0,0,0,26,199,0,0
d643cea99036e0d176323da90ff0a74e,84,0,0,25,0,0,0,0,0,0,0,0,0,0,0,0,0,0,0,0,0,0,27,0,0,0,0,0,0,0,0,0,0,0,0,0,0,0,0,0,0,0,0,0,0,0,0,0,0,30,0,74,0,86,92,0,0,27,0,0,0,0,0,0,0,0,0,0,0,0,0,0,0,0,0,0,0,0,22,0,0,0,0,0
46f04a932e04853b6df0069d0fb3cc42,0,0,0,0,32,0,36,0,0,0,0,0,0,0,0,0,0,0,0,0,0,31,0,21,80,0,39,0,0,0,0,0,0,0,0,0,0,0,0,0,0,31,0,0,0,0,0,0,0,0,0,0,49,0,0,0,0,0,0,0,0,0,0,0,0,0,0,0,0,0,0,0,0,0,0,40,0,0,0,0,0,139,0,0
8c6fc72823fb05802cbac1d4c143bf25,0,0,0,10,0,0,0,0,0,0,0,0,0,46,0,0,0,0,0,0,0,0,0,0,0,0,0,0,0,0,0,0,0,19,0,0,0,0,0,0,0,0,0,37,0,0,132,100,0,0,12,29,0,30,12,0,0,0,0,0,0,0,0,0,0,0,0,0,0,0,0,0,0,0,21,0,0,0,21,0,0,0,0,12
b5295172e6c0b86fb736995b90829e37,19,17,0,0,0,0,0,0,0,0,0,0,0,0,0,0,0,0,0,0,0,0,0,0,0,3,0,15,0,0,0,9,0,0,5,0,147,8,0,0,0,0,0,18,10,0,0,0,0,0,31,17,0,12,4,0,0,0,0,8,0,10,27,15,0,0,0,0,0,4,22,6,18,0,19,0,0,8,20,0,0,0,0,0
29e36e047a2868826c19187ce1136652,0,0,0,0,18,0,0,0,0,0,0,0,0,0,0,0,0,0,0,0,0,37,0,27,59,0,20,0,0,0,0,0,0,0,0,0,0,0,0,0,0,0,0,0,0,0,0,0,0,0,0,0,0,0,0,0,0,0,0,0,0,0,0,0,0,0,0,0,0,0,0,0,0,0,0,50,24,0,0,0,38,212,0,0
a84f42c3cbe7d0f1da8107579d1c1045,0,0,0,0,0,0,0,0,0,0,0,0,0,0,0,0,0,0,0,0,27,43,42,50,46,0,31,0,0,0,0,0,0,0,0,0,0,0,0,0,0,73,0,0,0,0,0,0,0,0,0,0,45,0,0,0,0,0,0,0,0,0,0,0,0,0,0,0,0,0,0,0,0,0,0,36,0,0,0,0,38,53,0,0
dc90b66bdc495bcd0029ccded7fcadb7,10,0,0,0,0,0,0,14,0,20,9,0,0,0,0,0,0,0,0,0,0,0,0,0,0,12,0,6,0,0,16,0,0,0,0,0,108,0,14,0,13,0,0,0,28,15,0,0,0,0,8,0,0,8,8,0,0,60,11,0,0,0,0,0,0,0,0,0,0,8,0,0,0,0,0,0,0,0,0,0,0,9,11,0
f7b56dac2b908e79a4f3dbb070b45f29,0,0,0,35,0,0,0,0,0,0,0,0,0,46,0,0,0,0,0,0,0,0,0,0,0,0,0,0,0,0,0,0,0,0,0,0,0,0,0,0,0,0,0,0,0,0,0,15,34,35,42,48,0,42,42,37,0,0,0,0,0,0,0,0,0,26,0,0,0,0,0,0,0,0,0,0,0,0,27,0,0,0,11,0
d32cd30795fbd82a026c5f3856c01d63,0,0,0,0,15,0,36,0,0,0,0,0,0,0,0,0,0,0,0,0,0,51,0,0,23,0,30,0,0,0,0,0,0,0,0,0,0,0,27,22,0,49,0,0,28,21,0,0,0,0,0,0,19,0,0,53,0,10,0,0,0,0,0,0,0,0,0,0,0,0,0,0,0,0,0,0,35,0,0,0,20,34,0,0
5a87eaf83cfc98b7c1604bf380a5c720,0,0,0,0,11,0,16,0,0,21,0,0,0,0,0,35,0,0,0,0,6,18,18,0,37,0,20,0,0,0,0,0,0,0,0,0,0,0,0,0,0,25,0,0,0,0,0,0,0,0,0,0,29,0,0,32,0,34,0,13,0,5,0,17,0,0,0,0,0,0,15,0,0,0,0,23,25,0,0,0,12,61,0,0
9731ee3f8e546a43b629ef0c319336f0,0,0,0,0,30,0,0,0,0,0,0,0,0,0,0,0,0,15,0,0,0,37,41,41,0,0,0,0,0,0,0,0,0,0,0,0,0,0,0,0,0,31,0,0,0,0,220,0,0,0,0,0,29,0,0,0,0,0,0,0,0,0,0,0,0,0,0,0,0,0,0,0,0,0,0,0,0,0,0,0,0,22,0,0
cf058a8ea42c8bc2bb4fb7aca9a39f98,0,0,0,0,0,0,0,11,0,4,16,0,0,0,0,0,0,0,0,0,0,0,0,0,0,0,0,7,0,0,0,0,0,0,0,0,75,0,32,45,17,15,60,0,97,23,0,0,0,0,0,0,0,0,0,0,0,27,13,0,0,0,0,0,0,0,0,0,0,0,0,0,0,0,0,0,0,0,0,0,0,15,0,0
a8aa3dc30871bdf25d0cd12cf2a4e662,0,0,0,0,0,3,5,0,0,0,19,0,0,0,0,0,0,0,0,0,0,0,0,0,0,0,0,0,0,19,0,0,0,0,0,0,0,0,17,24,26,0,90,0,98,24,0,0,0,0,0,11,0,7,0,0,0,22,0,0,0,0,0,0,0,0,7,0,0,0,6,0,14,0,0,0,0,0,0,0,4,0,0,0
088bf73cbe014bbfbeb48239b80fe1b7,0,0,0,0,0,0,0,0,0,0,0,0,0,0,0,0,10,0,0,0,0,0,0,0,0,0,0,0,0,15,0,0,0,12,9,0,0,8,0,0,0,0,0,37,0,0,13,236,0,0,0,0,0,0,0,0,0,0,0,11,0,0,15,27,17,0,0,0,0,0,0,0,0,0,0,0,0,0,0,13,0,0,0,26
ff891c66131b8d6acb62e0aeb502d6be,9,0,0,10,0,0,0,0,0,0,0,0,0,0,0,0,0,0,0,0,0,0,0,0,0,0,0,0,0,0,0,0,0,0,0,0,0,6,54,75,32,14,16,0,128,19,0,16,0,0,0,0,0,7,0,0,0,0,0,15,0,8,0,0,0,0,0,7,0,0,14,10,0,0,0,0,0,9,0,0,0,0,0,0
7dfb88e682beaefde7eb8553d81b3cd6,0,8,0,0,0,0,0,0,0,0,0,0,0,0,0,0,0,0,4,0,0,0,0,0,0,0,0,0,0,0,0,13,0,0,0,0,0,14,0,0,0,0,0,0,0,0,27,0,0,0,0,0,0,0,0,0,0,0,0,6,0,9,41,44,11,6,0,0,0,0,0,0,0,27,0,3,0,5,16,15,0,0,0,26
5732992f8a6309f06e9194070981e0f7,0,0,0,0,0,0,0,0,0,0,0,0,0,0,0,0,0,13,0,0,0,0,0,0,0,0,0,0,0,0,0,0,0,0,0,0,0,0,0,0,0,0,0,17,7,0,19,13,7,10,0,22,0,41,36,28,0,17,0,0,0,0,0,0,0,11,0,0,0,0,16,9,12,34,0,0,0,13,0,0,0,0,0,21
88f266d288958adf97f3c43b1c0fada2,0,0,0,0,23,0,0,0,0,0,0,0,0,0,0,0,0,0,0,0,0,19,0,0,65,0,33,0,0,0,0,0,0,0,0,0,0,0,0,0,0,31,0,0,0,0,0,0,0,0,0,0,31,0,0,0,0,0,0,0,0,0,0,0,0,0,0,0,0,0,0,0,0,0,0,51,35,0,0,0,15,137,0,0
b7ba5446cf7fcc0f5b325dcffe1cb8d3,0,0,0,0,0,15,0,7,0,17,13,0,0,0,0,0,0,0,0,0,0,0,0,0,0,9,0,15,0,0,14,0,0,0,0,0,52,0,0,31,15,0,14,0,76,20,0,0,0,0,0,0,0,0,0,0,0,61,30,0,0,0,0,0,0,0,6,0,15,10,0,0,0,0,0,0,0,0,0,0,0,0,0,0
d1316b26e5350da36e6456499ecdfe18,0,0,0,0,0,0,38,19,0,0,30,86,0,0,0,0,0,0,0,0,0,0,0,0,25,0,16,0,0,0,0,0,44,0,0,0,0,0,0,0,0,14,0,0,0,0,0,0,0,0,0,0,19,0,0,0,0,0,0,41,0,0,16,0,0,0,0,0,0,0,12,0,0,0,0,0,0,0,0,0,0,29,0,20
ba250e2d70ba8e9c0caf1e10e4acbef6,0,0,0,0,0,0,0,0,0,0,0,0,0,0,22,26,19,10,0,0,0,0,0,0,0,0,0,0,0,0,0,0,0,0,0,0,0,15,0,0,0,0,0,11,0,0,62,112,0,0,0,0,0,0,0,0,0,0,0,0,0,0,17,12,0,8,0,0,0,0,0,17,0,0,0,0,0,0,16,31,0,0,22,13
fca5239a7a5efad48d2562f8706abdd3,0,0,0,0,21,0,47,0,0,0,0,0,0,0,0,0,0,0,0,0,0,24,31,9,16,0,61,0,0,0,0,0,0,0,0,0,0,0,0,0,0,24,40,0,18,0,0,0,0,0,0,0,19,0,0,0,0,13,0,0,0,0,0,0,0,0,0,0,0,0,0,0,0,0,0,0,31,0,0,0,28,39,0,0
b3e7a07d8d16ff83da36a4ab4bbff1e6,0,0,0,0,0,6,0,0,0,0,0,0,0,0,0,0,0,0,0,0,0,45,11,56,47,0,18,0,0,0,0,0,0,0,0,0,0,0,0,0,0,23,0,0,0,0,0,0,0,0,0,0,13,0,0,0,0,0,0,0,0,0,0,0,0,0,0,0,0,0,0,0,0,0,0,30,31,2,0,0,31,117,0,0
827032e56bba478580c37ef85db93528,0,0,0,0,0,36,0,0,0,0,0,174,0,0,0,0,0,0,0,0,0,0,0,0,0,14,0,53,0,0,37,0,0,0,0,0,0,0,0,0,0,0,0,0,0,0,0,0,0,0,0,0,0,0,0,0,0,0,56,0,0,0,0,0,0,0,18,0,11,23,0,0,0,0,0,0,0,0,0,0,0,0,0,0
15a5c4df76ec68b9e4ea4c1f67d02411,0,0,0,0,0,0,0,0,0,0,0,0,0,0,17,0,0,0,10,0,0,0,0,0,0,0,0,0,0,0,0,0,0,0,0,0,0,0,0,0,0,0,0,0,0,0,27,0,34,23,39,56,0,68,33,0,0,0,0,0,0,0,0,0,0,36,0,0,0,0,0,0,0,0,20,0,0,20,26,0,0,0,0,0
f480c453c7cf107e706e3f573d220186,0,0,0,0,0,0,0,19,0,37,0,0,0,0,0,0,0,0,0,0,0,0,0,0,0,24,0,0,0,0,0,0,47,0,0,0,0,0,14,18,0,0,0,0,27,22,0,0,0,0,0,0,0,0,0,51,102,22,0,0,0,0,0,0,0,0,14,0,0,28,0,0,0,0,0,0,0,0,0,0,0,0,0,0
076df5bf23e82971211d273c0350b9fa,0,0,0,0,0,0,0,0,0,0,0,0,0,0,13,0,0,0,0,0,0,0,0,0,0,0,0,0,0,0,0,33,0,0,0,0,0,0,0,0,0,0,0,0,0,0,0,0,22,21,10,18,0,24,31,0,0,0,0,18,0,0,19,17,0,54,0,0,0,0,0,0,0,0,43,0,0,41,52,0,0,0,0,0
526451066d0804676eaa702b980cf439,0,8,0,0,0,0,0,3,0,0,0,0,0,0,21,0,11,0,15,0,0,0,0,0,4,0,0,0,13,15,0,13,0,9,16,0,0,19,0,0,0,0,0,26,0,0,15,43,0,0,4,0,0,0,7,0,0,0,0,12,0,21,11,16,18,9,0,6,0,0,14,0,7,0,0,0,0,0,0,0,0,0,17,9
018639f36967a8dc5235d01f0a2b72c7,0,0,0,0,0,8,0,0,0,26,0,0,0,0,0,0,0,0,0,0,0,0,0,0,0,21,0,22,0,0,15,0,0,0,0,0,44,0,15,37,32,0,39,0,36,42,0,0,0,0,0,0,0,0,0,0,0,52,0,0,0,0,0,0,0,0,0,0,0,0,0,0,0,0,0,0,0,0,0,0,0,0,0,0
f8a44c643c11001c3520cb41b16ed66c,0,0,0,0,0,0,0,0,0,0,0,0,0,0,0,0,13,0,0,0,0,0,0,0,0,0,0,0,14,0,0,0,149,0,0,0,0,15,0,0,0,0,0,62,0,0,0,0,0,0,0,0,0,0,0,0,0,0,0,36,0,32,10,20,24,0,0,0,0,0,27,0,0,0,0,0,0,0,0,0,0,0,0,19
15144e020be87b8119d01a83c1ad4c9f,0,8,0,0,0,0,0,0,0,0,0,0,0,0,15,0,0,12,0,15,0,0,0,0,0,0,0,0,14,17,0,0,0,0,13,0,0,0,0,0,0,0,0,0,0,0,0,34,16,0,9,18,0,15,0,0,0,26,0,39,0,9,0,13,21,0,0,0,0,0,31,0,0,0,19,0,0,21,17,0,0,0,0,0
271ac95f3af8af5008166affb2a6bfed,0,0,0,0,0,0,24,0,0,0,0,0,0,0,0,0,0,0,0,0,0,37,0,33,35,0,22,0,0,0,0,0,0,0,0,0,0,0,0,0,0,40,0,0,0,0,0,0,0,0,0,0,33,0,0,0,0,0,0,0,0,0,0,0,0,0,0,0,0,0,0,0,0,0,0,43,34,0,0,0,20,88,0,0
a2658e60622cfd35696b78e771dba152,0,0,0,0,0,13,0,0,0,12,0,63,0,0,0,0,0,0,0,0,0,0,0,0,13,13,0,11,0,0,12,0,0,0,0,0,0,0,0,0,0,0,9,0,16,0,0,0,0,0,0,0,0,0,0,19,37,30,76,0,0,0,0,0,0,0,0,0,12,10,0,0,0,0,0,17,15,0,0,0,0,25,0,0
de3519a6bc05eb99db03a7ce84092a53,0,0,0,0,0,0,0,0,0,0,0,0,0,0,0,0,0,0,0,0,0,0,0,0,0,0,0,0,7,14,0,0,104,17,0,0,0,0,0,0,0,0,0,38,0,0,21,67,0,0,0,0,0,0,0,0,0,0,0,17,0,24,0,6,0,0,0,16,0,0,0,28,9,0,0,0,0,0,0,15,0,0,0,12
c453a246abad8aaac3c9b9e4c6b239e4,0,0,0,0,0,0,0,0,0,0,0,0,0,0,0,22,0,6,0,0,0,0,0,0,0,0,0,0,0,0,0,0,0,0,6,0,0,17,0,0,0,0,0,26,0,0,33,93,14,0,9,16,0,29,7,0,0,28,0,0,0,0,0,0,0,14,0,0,0,0,0,31,0,0,5,0,0,0,14,22,0,0,0,0
1a6207cb01a4f6c2f9994f13fa6f7d52,0,0,0,14,0,0,0,0,0,11,0,0,0,0,0,0,0,0,12,0,0,0,0,0,0,9,0,9,0,0,0,0,0,0,0,39,108,0,23,0,0,0,0,0,37,37,0,31,0,0,0,0,0,0,0,0,0,38,0,0,0,0,0,0,0,0,0,0,0,0,19,0,12,0,0,0,0,0,0,0,0,0,0,0
52c28be101ba03463ed9a8e9aa5ed552,0,0,0,0,12,0,0,0,0,0,0,0,0,0,0,0,0,0,0,0,0,34,0,16,49,0,38,0,0,0,0,0,0,0,0,0,0,0,0,0,0,12,0,0,0,0,0,0,0,0,0,0,25,0,0,0,0,0,0,0,0,0,0,0,0,0,0,0,0,0,0,0,0,0,0,28,44,0,0,0,8,125,8,0
dc606036a2850e41e4b7ead869d72081,0,0,0,0,0,9,0,5,0,0,0,0,0,0,0,0,0,0,0,0,0,0,0,0,0,6,0,0,0,0,0,14,0,3,8,0,0,0,0,0,0,0,0,7,0,0,0,0,0,0,0,0,0,0,0,135,0,92,29,6,0,0,25,16,4,0,0,0,7,3,0,0,0,0,0,0,0,0,0,0,0,0,0,0
ef970b15e27ea5ae211ec5d5082f6035,0,62,0,63,0,3,0,0,0,0,0,0,0,0,0,0,0,0,0,0,0,0,0,0,4,0,2,0,0,0,0,0,0,0,0,0,0,0,21,0,0,24,0,39,13,0,0,0,0,0,0,0,8,0,0,0,0,5,0,0,0,0,0,0,0,0,0,0,0,0,76,0,31,0,0,11,0,0,0,7,2,25,0,0
0a18941714058e5b39192aad26ae2650,0,0,0,0,0,0,0,0,0,0,0,0,0,0,0,0,0,0,0,0,0,0,0,0,0,0,0,0,0,0,0,39,32,15,0,0,0,20,0,0,0,0,0,14,0,0,10,43,0,0,0,0,0,0,0,0,0,0,0,0,0,0,51,28,0,6,0,0,0,0,0,0,0,0,0,0,0,11,18,12,0,0,9,0
d67434c16b17de96d7164d582def981d,0,0,0,0,0,0,0,0,0,0,0,0,0,0,0,0,0,0,0,0,0,38,0,25,55,0,27,0,0,0,0,0,0,0,0,0,0,0,0,0,0,24,0,0,0,0,0,0,0,0,0,0,33,0,0,0,0,0,0,0,0,0,0,0,0,0,0,0,0,0,0,0,0,0,0,50,21,0,0,0,0,119,0,0
d0c0bce2418d2bcd2c50b05a0180ca16,0,0,0,0,0,0,0,0,0,0,0,0,0,0,0,49,0,22,0,19,0,0,0,0,0,0,0,0,0,0,0,0,87,0,0,0,0,0,0,0,0,0,0,31,0,0,24,71,0,0,0,8,0,14,13,0,0,0,0,0,0,0,0,0,0,19,0,0,0,0,0,16,0,0,0,0,0,0,0,0,0,0,18,0
020a532ccb0471ac0aaee63f30c7f373,33,0,0,27,0,0,0,0,0,0,0,0,0,0,0,0,30,0,0,0,0,0,0,0,0,0,0,0,0,0,0,0,0,0,0,0,0,26,0,19,0,0,0,0,28,0,0,0,0,0,13,0,0,22,36,33,0,39,0,0,0,0,0,0,0,0,0,0,0,0,24,0,19,0,0,0,0,0,0,0,0,0,20,0
47c853dd0cbc2140c684e366ce001043,0,0,0,0,0,0,0,0,0,0,0,0,0,0,0,0,0,0,0,0,0,0,0,0,0,0,0,0,24,32,0,0,66,0,0,0,0,0,0,0,0,0,0,12,0,0,0,0,0,0,0,0,0,0,0,0,0,0,32,43,0,39,25,27,40,0,0,0,0,0,0,0,0,0,0,0,0,17,0,8,0,0,0,0
693925a57276f8a3cac1a9c3e15087fc,0,0,0,0,0,0,0,0,0,0,0,0,0,0,0,0,0,0,0,0,0,0,0,0,0,0,0,0,6,20,0,0,58,8,8,0,0,17,0,0,0,0,0,0,0,0,26,30,0,0,0,0,0,0,0,0,0,0,0,22,0,0,9,15,25,0,0,19,0,0,43,22,0,0,0,0,0,4,0,0,0,0,0,13
fc672ff88dc475b143532167712d4329,0,0,0,17,0,0,14,0,18,0,0,0,0,0,11,38,0,12,0,17,0,0,0,0,0,0,0,0,0,0,0,0,0,0,0,0,0,4,0,0,0,46,0,50,50,0,21,0,10,0,0,28,0,0,0,0,0,0,0,0,0,0,0,0,0,0,0,0,0,0,0,0,0,0,0,0,0,0,8,0,0,0,0,0
42080baba6f05a972a4ceb625c496db0,0,0,0,0,0,3,0,8,0,8,8,66,0,0,0,0,0,0,0,0,0,0,0,0,0,4,0,18,9,5,12,0,0,0,0,0,0,0,6,8,40,0,14,0,0,46,3,0,0,0,0,0,0,0,0,0,0,0,0,63,0,21,3,9,7,0,0,0,0,5,8,0,8,0,0,0,0,0,0,5,0,0,0,0
7525bfb70182ca978f5208bba1ae3396,0,0,0,0,0,31,0,8,0,18,27,0,0,42,0,0,0,0,0,0,0,0,0,0,0,23,0,12,0,0,0,0,0,0,0,0,0,0,11,30,14,0,19,0,32,20,0,0,0,0,0,0,0,0,0,0,0,23,0,0,0,0,0,0,0,0,10,0,18,22,0,0,0,0,0,0,0,0,0,0,0,0,0,0
0de31c8a0a4fd7950cf7e2ead916f094,0,0,0,0,0,5,0,7,0,7,0,0,0,0,0,0,0,0,0,0,0,0,27,0,25,0,17,0,0,0,0,0,0,0,0,0,0,9,0,0,0,0,0,27,0,0,11,24,0,0,0,0,23,0,13,0,0,7,0,0,0,0,0,9,0,11,0,0,0,0,0,0,0,0,0,30,35,0,16,0,0,46,18,0
4523b21dd6cbf01ee1ff11f5f9a8136b,0,0,0,0,3,0,0,0,0,0,0,0,0,0,0,0,0,0,0,0,0,37,0,21,30,0,24,0,0,0,0,0,0,0,0,0,0,0,0,0,0,0,0,0,0,0,0,0,0,0,0,0,5,0,0,0,0,15,0,15,0,0,0,0,0,0,0,0,0,0,0,0,0,0,62,13,14,39,55,0,0,49,0,0
c825e8ea1b502b63b4d81c9d017f68f0,0,0,0,0,0,23,0,19,0,31,22,0,0,0,0,0,6,0,0,0,0,17,0,14,25,0,0,0,0,0,6,0,0,0,0,0,0,0,0,0,0,0,0,0,0,0,0,0,0,0,0,0,25,0,0,0,0,48,0,0,0,0,0,0,0,8,0,0,5,14,0,0,0,0,0,10,23,0,8,0,0,54,0,0
1da3590990d82bc400d43e993ab090da,0,0,0,0,20,0,0,0,0,0,0,0,0,0,0,0,0,0,0,0,0,27,32,20,36,0,22,0,0,0,0,0,0,0,0,0,0,0,0,0,0,35,0,0,0,0,0,0,0,0,0,0,20,0,0,0,0,0,0,0,0,0,0,0,0,0,0,0,0,0,0,0,0,0,0,35,23,0,0,0,34,76,0,0
1987f36bec5daf13a337e4e4cacf3074,0,0,0,0,0,0,0,0,0,7,0,0,0,0,7,0,0,0,5,7,0,0,0,0,0,0,0,0,0,0,0,0,32,11,7,0,50,0,0,0,0,0,0,25,0,0,24,40,6,0,0,0,0,15,0,0,0,21,34,12,3,0,15,15,0,9,0,0,0,0,0,0,0,0,0,0,0,11,9,0,0,0,0,15
801eb541fd614a9a1e21a9ec9a15176e,0,0,0,0,0,0,0,0,0,0,0,0,0,0,0,0,0,0,0,0,0,48,67,0,24,0,37,0,0,0,0,0,0,0,0,0,0,0,0,0,0,40,0,0,0,0,0,0,0,0,0,0,35,0,0,0,0,0,0,0,0,0,0,0,0,0,0,0,0,0,0,0,0,0,0,0,52,0,0,0,13,62,0,0
ebaf1d0da7a59cf5097d6931df3f9f95,0,0,0,0,0,0,0,0,0,0,0,0,0,0,0,0,0,0,0,0,0,0,0,0,0,0,0,0,0,0,0,0,0,0,0,0,0,0,0,0,0,0,0,0,0,0,0,0,5,9,10,26,0,116,13,0,0,0,0,0,0,0,0,0,0,66,0,0,0,0,0,0,0,0,31,0,0,56,19,0,0,0,0,0
f5a1e95c331afd30ce3e20af4cf3973f,0,0,0,0,28,0,0,0,0,0,0,0,0,0,0,0,0,0,0,13,0,32,0,0,26,0,39,0,0,0,0,0,0,0,0,0,0,0,0,0,0,39,0,0,0,0,0,0,0,0,0,0,23,0,0,0,0,0,0,0,0,0,0,0,0,0,0,0,0,0,0,0,0,0,0,34,23,0,0,0,39,79,0,0
72f54ba21704c606de94d4a050cda4f9,0,0,0,0,0,0,0,0,0,0,0,0,0,0,0,0,7,0,0,0,0,0,0,0,0,0,0,0,0,4,0,10,0,10,10,0,0,22,0,0,0,0,0,46,0,0,49,62,0,0,0,0,0,0,0,0,0,0,0,11,0,3,11,14,12,0,0,3,0,0,10,12,0,0,0,0,0,0,0,37,0,0,21,20
2beb082b2d5e2492e737a39ca222bf7b,0,0,0,0,0,0,0,0,0,0,0,0,0,0,12,0,0,0,8,11,0,0,0,0,0,0,0,0,0,0,0,0,0,0,4,0,0,6,0,0,0,0,0,20,0,0,59,9,32,0,8,31,0,24,25,0,0,0,0,0,0,0,3,20,0,21,0,0,0,0,0,0,0,0,8,0,0,15,18,18,0,0,0,2
6462a248c005a3333efd98e2a7733784,0,0,0,0,0,0,0,0,0,0,0,0,0,0,13,35,0,0,7,0,0,0,0,0,0,0,0,0,8,10,0,0,0,0,0,0,0,0,0,0,0,0,0,23,0,0,0,19,8,5,9,27,0,22,12,0,0,0,0,23,0,0,9,24,10,11,0,0,0,0,0,24,0,0,0,0,0,0,9,9,0,0,4,0
6bb10da87ff975d728e853a2724c66b6,0,15,0,0,0,0,0,0,0,0,0,0,0,0,0,0,0,0,0,7,0,0,16,0,0,0,0,0,0,0,0,0,0,0,0,0,0,0,0,0,0,0,0,0,12,0,0,0,0,0,0,0,0,0,0,0,156,0,0,21,0,7,0,18,10,0,0,16,0,0,58,0,31,0,0,0,0,0,0,0,0,0,0,0
cc9d571659d69eede9baf3f62bd6e022,0,0,0,0,0,33,0,0,0,22,0,0,17,0,0,0,0,0,0,0,0,0,0,0,0,22,0,19,0,0,0,0,56,0,0,0,0,0,0,0,27,0,0,0,28,0,0,0,0,0,14,0,0,0,0,30,0,42,0,0,0,0,0,0,0,0,0,0,0,20,0,0,0,0,0,0,0,0,0,0,0,0,0,0
5c95a52f91ad839c41a1d658a87d59f5,0,0,0,0,0,0,0,0,0,23,14,0,0,50,0,0,0,0,0,0,0,0,0,0,0,0,0,0,0,0,13,0,0,0,0,0,0,0,16,14,0,0,0,10,33,14,10,23,0,5,0,0,0,0,0,49,0,41,0,10,0,0,0,0,0,0,0,0,0,11,7,0,0,0,0,0,0,0,0,16,0,8,0,0
d73d615d9614fa9e840490c2c96efa55,0,0,0,0,0,0,0,0,0,30,10,0,22,0,0,0,0,0,0,0,0,0,0,0,0,9,0,11,0,0,13,0,0,0,0,20,0,0,0,0,0,0,0,0,0,0,0,0,0,0,0,0,0,0,0,50,145,50,0,0,0,0,0,0,0,0,0,0,0,0,0,0,0,0,0,0,0,0,0,0,0,0,0,0
f3427760cf54dab539bb77c55869dc36,0,0,0,0,0,0,0,0,0,0,0,0,0,0,0,0,0,0,0,0,0,0,0,0,0,0,0,0,0,19,0,0,124,0,0,0,0,15,0,0,0,0,0,0,0,0,20,0,12,15,10,17,0,49,26,0,0,0,0,0,0,0,0,0,0,11,0,0,0,0,16,0,7,0,0,0,0,0,14,0,0,0,9,0
58bf796559ffa49708669d55ca13c40d,0,0,0,0,24,0,18,0,0,0,0,0,0,0,0,0,0,0,0,0,0,21,0,0,51,0,28,0,0,0,0,0,0,0,0,0,0,0,0,0,0,0,0,0,0,0,0,0,0,0,0,0,32,0,0,0,0,0,0,0,0,0,0,0,0,0,0,0,0,0,0,0,0,0,0,55,29,0,0,0,27,78,0,0
5f7a011f40b37e1bb338bf11d26d1c5a,18,0,19,24,0,0,0,0,0,0,0,0,0,0,0,31,0,0,0,0,0,0,13,0,0,0,0,0,0,0,0,0,0,0,0,0,98,0,0,0,0,0,0,13,0,0,6,0,0,0,0,12,0,14,13,0,0,0,0,0,0,0,0,0,0,9,0,0,0,0,24,0,0,0,18,0,0,13,10,9,0,0,10,0
d20c3ad6689ea0b00f85a6155088343c,0,9,0,0,0,0,0,0,0,0,0,0,0,0,0,0,0,0,0,0,0,24,0,0,15,0,8,4,12,7,0,7,0,7,13,0,0,0,0,0,0,15,0,0,0,0,0,0,10,0,0,14,0,0,0,0,0,11,0,15,0,0,0,13,6,0,9,8,0,9,25,0,9,0,4,28,0,0,0,0,0,45,0,0
c225452f1d8c31746626633f3b81553f,0,0,0,0,11,0,0,0,0,0,0,0,0,0,0,0,0,0,0,0,0,0,0,34,20,0,10,0,0,0,0,0,0,0,0,0,0,0,21,0,31,25,0,0,44,39,0,0,0,0,0,0,14,0,0,0,0,0,0,0,0,0,0,0,0,0,0,0,0,0,0,0,0,0,0,12,22,0,0,0,15,63,0,0
20b14741ebab12eff84c72bf8a5684d9,0,0,0,0,0,0,0,0,0,0,0,0,0,0,0,0,0,0,0,0,0,7,0,0,24,0,56,13,0,10,0,0,0,0,4,0,0,0,0,0,0,0,0,0,15,0,0,0,13,11,8,17,9,8,10,0,0,4,0,0,0,0,0,0,0,0,10,0,0,32,0,0,0,19,0,0,0,0,0,0,0,0,0,0
062a6a281337608b3d5a398a86f3791d,0,0,0,0,0,0,0,0,0,0,0,0,0,0,0,0,4,0,7,0,0,0,0,0,0,0,0,0,0,0,0,11,43,0,0,0,0,0,0,0,0,0,0,0,0,0,11,0,9,0,18,9,0,24,19,0,0,4,0,0,0,12,0,0,0,24,0,0,0,0,0,0,0,0,17,0,0,40,16,0,0,0,0,0
f68d23fd4e733eab2b73607f31b6ba7b,0,0,0,0,0,5,0,0,0,28,4,0,0,0,0,0,0,0,0,0,0,0,0,0,0,22,0,104,0,0,42,0,0,0,0,0,0,0,0,0,0,0,0,0,0,0,0,0,0,0,0,0,0,0,0,0,0,0,0,0,0,0,0,0,0,0,34,0,4,61,0,10,0,0,0,0,7,0,0,0,0,0,0,0
17612e92900c5c617b3cc92eb580c94d,0,0,0,0,0,0,0,0,0,0,0,0,0,0,21,0,0,0,3,0,0,0,0,0,0,0,0,0,0,0,0,24,0,13,0,0,0,0,0,0,0,0,0,54,0,0,15,109,0,0,0,0,0,0,0,0,0,0,0,6,0,0,12,18,0,0,0,0,0,0,7,0,0,0,3,0,0,15,7,12,0,0,17,7
e1f04d3e8ca530126e01a72b01ff480d,0,0,0,0,0,0,0,0,0,0,0,0,0,0,0,0,0,0,23,0,0,0,0,0,0,0,0,0,0,0,0,0,0,0,0,0,0,0,0,0,0,0,0,18,0,0,9,26,12,0,0,22,0,45,24,0,0,0,0,0,0,0,0,15,0,24,0,0,0,0,0,0,0,33,13,0,0,17,26,0,0,0,0,0
3200808fcf387a5098ab9215d6dfbfe4,0,0,0,0,0,0,0,0,11,0,0,0,0,0,0,0,25,0,0,0,0,0,0,0,0,0,0,0,0,0,0,0,0,0,0,0,0,28,0,0,0,0,0,50,0,0,0,41,0,3,6,0,0,12,0,0,0,0,0,0,0,0,23,0,0,0,0,0,0,0,10,28,0,15,0,0,0,0,12,0,0,0,0,34
990e86dabe6aa3bbab93f5e100a1589f,0,0,0,0,0,0,0,0,14,0,0,0,0,0,6,27,0,0,5,0,0,0,0,0,0,0,0,0,0,0,0,0,0,0,0,0,0,7,0,0,0,0,0,73,0,0,14,63,4,0,2,18,0,11,7,0,0,0,0,0,0,3,7,8,0,11,0,0,0,0,0,11,0,0,0,0,0,14,6,0,0,0,17,8
815b38163ce5a7cf45681b568f5a5a70,0,0,0,20,0,0,0,0,0,0,0,0,0,0,0,0,0,0,0,10,0,0,0,0,0,0,0,0,0,0,0,0,83,32,0,0,0,0,0,0,0,0,0,21,0,0,0,40,0,10,0,0,0,10,20,0,0,0,0,0,0,0,0,0,0,0,0,0,0,0,0,14,0,0,0,0,0,0,0,0,0,0,15,16
e9a6d93653c4b25ae60dbbbb5ac60048,0,0,0,0,37,0,0,0,0,0,0,0,0,0,0,0,0,0,0,0,0,27,28,30,0,0,28,0,0,0,0,0,0,0,0,0,0,0,0,0,0,48,0,0,0,0,0,0,0,0,0,0,0,0,0,0,0,0,0,0,0,0,0,0,0,0,0,0,0,0,0,0,0,0,0,36,32,0,0,0,0,48,0,0
7989f1c1a7526f8d21e29f334921c467,0,0,0,0,0,0,0,3,0,0,0,0,0,0,0,0,0,0,0,0,0,0,0,0,0,0,0,0,0,0,0,0,0,0,0,0,0,0,0,0,0,0,0,0,0,0,0,0,23,17,22,36,0,88,13,0,0,0,0,0,0,0,0,0,0,58,0,0,0,0,0,0,0,0,19,0,0,33,13,0,0,0,0,0
df16a8421dea8bc9eff8d7cb5851a324,23,5,5,6,0,0,0,0,0,0,0,0,0,0,0,0,0,0,0,0,3,0,0,0,0,0,0,0,0,0,0,0,0,0,0,0,0,0,64,24,3,49,10,0,99,9,0,0,0,0,0,0,0,0,0,0,0,0,0,0,0,0,0,0,0,0,0,4,0,0,20,0,0,0,0,0,0,0,0,0,0,0,0,0
9cf6c5ebab91567ad49e49c94292fea8,0,0,0,0,0,22,0,14,0,20,15,0,0,0,0,0,0,0,0,0,0,0,0,0,0,20,0,15,0,0,22,0,0,0,0,0,0,0,6,35,0,0,27,0,24,22,0,0,0,0,0,0,0,0,0,0,0,16,0,0,0,0,0,0,0,0,0,0,29,22,0,0,0,0,0,0,4,0,0,0,4,5,0,0
a65adaba10277d5b07333ef94fc510a4,0,0,0,0,0,16,49,0,0,0,0,0,0,0,0,0,0,0,0,0,0,23,19,0,28,10,24,0,0,0,0,0,0,0,0,0,0,0,0,0,0,29,0,0,0,0,0,0,0,0,0,0,42,0,0,0,0,0,0,0,0,0,0,0,0,0,0,0,0,0,0,0,0,0,0,5,25,0,0,0,24,34,0,0
82cbbe7948fd3fb2294667f54a6bf704,0,0,0,0,22,0,0,0,0,0,0,0,0,0,0,0,0,0,0,0,7,31,0,26,39,0,29,0,0,0,0,0,0,0,0,0,0,0,0,0,0,29,0,0,0,0,0,0,0,0,0,0,0,0,0,0,0,0,0,0,0,0,0,0,0,0,0,0,0,0,0,0,0,0,0,0,31,0,0,0,19,94,0,0
f33de0f262530e1ddb20864955a61ac9,0,0,0,0,7,0,0,7,19,0,0,0,0,0,0,0,0,0,0,0,0,0,0,0,0,0,0,0,0,0,0,0,0,0,0,0,0,0,0,10,0,0,0,44,0,0,40,0,0,0,0,0,0,0,0,42,0,0,0,11,0,0,10,16,0,0,0,0,0,0,0,19,0,34,0,15,15,0,0,0,0,11,0,24
b4f2bcc9e114a0c86f604bba1a467f69,0,0,0,0,0,0,0,0,0,0,0,0,0,0,23,0,0,0,26,0,0,0,9,0,15,0,22,0,0,0,0,5,0,0,0,0,0,0,0,0,0,7,0,48,0,0,23,37,0,0,0,0,0,0,0,0,0,22,0,0,0,0,0,0,0,0,0,0,0,0,0,0,0,0,15,6,4,25,19,0,0,21,0,0
19c3eb7f2d7ffcdf82b0cd28433665b5,0,0,0,0,50,0,5,0,31,0,0,0,0,0,0,0,0,0,0,0,0,0,0,14,0,0,0,0,0,0,0,0,0,0,0,0,0,0,0,0,0,0,0,0,0,0,24,0,0,0,0,0,33,0,0,0,0,0,0,0,0,0,0,0,0,0,0,0,0,0,0,0,0,0,0,20,41,0,0,0,36,69,0,0
0b836220dd480a937000e44bdcaeecb9,0,0,0,0,0,0,0,0,0,0,0,0,0,0,0,0,23,0,0,0,0,0,0,0,0,0,0,0,0,0,0,0,0,0,0,0,0,23,0,0,0,0,0,14,0,0,29,36,0,17,0,13,0,27,30,0,0,0,0,0,0,0,0,0,0,13,0,0,0,0,17,0,0,0,0,0,0,9,28,0,0,0,0,21
0edc05b786be3adcb6b41fbab1e45225,0,0,0,0,9,18,16,20,0,17,0,0,0,0,0,0,0,0,0,0,0,21,13,0,18,7,18,0,0,0,0,0,0,0,0,0,0,0,0,0,0,16,0,16,0,0,0,0,0,0,0,0,26,0,0,0,0,20,0,0,0,0,0,0,0,0,0,0,6,0,0,0,0,0,0,25,0,0,0,0,12,41,0,0
b8d105ad406e02236f4abc375b8726de,0,0,0,0,0,0,0,0,0,0,0,0,0,0,0,0,0,0,0,0,0,0,0,0,0,0,0,0,0,0,0,0,0,0,0,0,0,17,0,0,0,0,0,0,8,0,23,13,27,16,20,0,0,32,33,0,0,0,0,0,0,0,0,0,0,27,0,0,0,0,20,0,11,0,0,0,0,0,26,19,0,0,0,0
c12352f26379572e5a4874b204d859bb,0,0,0,0,0,0,0,0,0,0,0,0,0,0,2,0,0,0,0,0,0,0,0,0,0,0,0,0,0,11,0,0,0,6,13,0,0,0,0,0,0,0,0,0,0,0,0,0,11,4,18,65,0,15,11,0,0,0,0,5,0,0,0,4,0,20,0,0,0,0,0,0,0,0,24,0,0,82,15,0,0,0,0,0
f2834baca9640ad8c7e5240eb729f0fe,0,0,0,0,0,0,0,0,0,0,0,0,0,0,13,24,16,0,0,0,0,0,0,0,0,0,0,0,0,0,0,0,0,0,0,0,0,0,0,0,0,0,0,19,0,0,40,49,28,0,0,0,0,0,17,0,0,0,0,0,0,0,0,33,0,18,0,0,0,0,0,0,0,0,0,0,0,28,26,0,0,0,0,0
dbc309f9d85c4032ae69be327dde0cf5,0,0,0,0,0,0,5,0,0,0,0,0,0,0,0,0,0,0,0,0,0,0,0,0,0,0,0,45,0,0,0,0,0,0,0,0,0,0,0,0,18,0,22,0,41,0,0,0,17,0,0,17,0,0,10,0,0,33,0,0,0,0,0,0,0,0,15,0,38,14,0,0,0,0,0,0,0,0,0,0,0,0,0,0
1a83bf29475abe8d343803bb3099251e,23,38,20,25,0,0,0,0,0,0,0,0,0,0,0,0,0,0,0,0,0,0,0,0,0,0,0,0,0,0,0,11,0,0,0,0,0,0,0,0,0,0,0,0,0,0,0,0,0,0,0,0,0,0,0,0,0,0,0,0,0,0,0,0,0,4,0,54,0,0,83,0,51,0,0,0,0,0,0,0,0,0,0,0
72b7d3ec913c89fc84037fb8f5336c57,0,18,0,0,0,0,0,0,31,0,0,0,0,0,0,0,0,0,0,0,0,0,0,0,0,0,0,0,12,0,0,0,0,0,0,0,0,0,0,0,0,0,0,0,0,0,0,32,0,10,0,29,0,0,17,0,0,0,0,0,0,24,0,27,0,0,0,29,0,0,39,0,0,0,0,0,0,23,0,0,0,0,0,0
6fd1f5b988985e0e73faf414dff13fb5,0,0,0,0,0,0,0,0,0,0,0,0,0,0,0,0,0,0,0,4,0,0,0,0,0,0,0,0,0,7,0,0,0,0,0,0,0,19,0,0,0,0,0,0,0,0,31,19,0,0,3,0,0,0,4,0,0,0,0,14,0,0,23,34,14,0,0,0,0,0,0,29,0,0,5,0,0,0,9,19,0,0,29,33
d66de631726b8583550a7cc96ced533e,0,21,0,0,0,0,0,0,0,0,0,0,0,0,0,0,0,0,0,0,0,0,0,0,0,0,0,0,0,0,0,0,0,9,0,0,0,0,0,0,0,0,0,0,37,0,0,15,0,0,0,0,0,0,0,0,0,39,0,9,0,0,0,0,0,0,0,43,12,0,44,0,45,0,0,0,0,8,0,0,0,0,7,0
1ffe69088312af39f4b301a6ed9983f1,0,0,0,0,0,0,0,0,0,0,0,0,0,0,0,0,0,0,0,0,0,0,0,5,0,11,0,67,0,17,0,0,0,9,0,0,0,0,0,0,26,0,0,0,28,15,0,0,0,0,0,0,0,0,0,0,0,0,0,0,0,0,0,0,0,0,0,0,0,0,0,0,13,22,0,0,0,0,0,0,0,0,0,0
9fd15d3d645cabcf0ad4aeab2225ce3d,0,0,0,0,0,0,0,0,0,0,0,0,0,0,4,20,0,0,0,0,0,0,0,0,0,0,0,0,0,0,0,0,0,0,0,0,0,8,0,0,0,0,0,50,0,0,24,27,14,7,7,8,0,12,9,0,0,0,0,0,0,0,9,15,0,17,0,0,0,0,6,0,0,31,0,0,0,16,0,15,0,0,0,0
e2ffcb0513196564c567edeb9a92ef79,0,0,0,0,0,8,15,0,0,0,0,0,0,0,0,0,0,0,0,0,0,14,16,41,11,0,0,0,0,0,0,0,0,0,0,0,0,0,0,0,0,0,0,0,0,0,0,0,0,0,0,0,0,0,0,0,0,25,0,0,11,0,0,0,0,0,0,0,0,0,0,0,0,0,0,15,0,0,0,0,81,65,0,0
7d9086ba6fe2277d47b854f41ebdf8b9,0,0,0,0,0,0,0,0,0,0,0,0,0,0,0,0,0,0,0,0,0,0,0,0,0,0,0,0,0,0,0,0,0,0,0,0,0,0,0,0,0,0,0,0,0,0,0,0,49,37,43,9,0,79,20,0,0,0,0,0,0,0,0,0,0,0,0,0,0,0,0,0,0,0,19,0,0,31,15,0,0,0,0,0
a98dec59b5fe7d13fa54b825d7363d31,0,0,0,0,0,0,0,0,7,0,0,0,0,0,24,28,0,5,7,4,0,0,0,0,0,0,0,0,0,0,0,0,0,0,0,0,0,6,0,0,0,0,0,55,0,0,61,61,0,0,0,0,0,0,0,0,0,0,0,0,0,0,0,9,0,8,0,0,0,0,0,0,0,0,0,0,0,0,0,0,0,0,20,6
bb99302be6d09f6eb71b9f4da9c656c5,0,6,0,0,0,0,0,0,0,0,0,0,0,0,13,0,0,0,0,0,0,0,0,0,0,0,0,0,0,31,0,0,0,0,0,0,0,0,15,0,0,0,0,0,24,22,0,0,12,0,14,20,0,11,0,0,0,0,0,11,0,0,0,15,17,0,0,0,0,0,18,0,0,0,7,0,0,11,12,12,0,18,0,0
0ee468d83e463122fba58876980c7a41,0,0,0,0,0,0,0,0,0,0,0,0,0,0,0,0,0,0,0,0,0,0,0,0,0,0,0,0,0,0,0,21,0,0,0,0,0,0,0,0,0,0,0,0,0,0,21,25,16,0,15,0,0,27,60,0,0,0,0,0,0,0,0,0,0,0,0,0,0,0,0,0,0,0,0,0,0,0,28,38,0,0,0,0
5421aaf234cfb47f14080dbd343ca4c1,0,12,18,20,0,0,0,0,0,0,0,0,0,0,0,0,0,0,0,0,0,0,0,0,0,0,0,0,9,19,0,0,0,0,0,0,0,0,0,0,0,0,0,11,0,0,0,0,0,0,9,13,0,8,0,0,0,0,0,12,0,0,0,5,0,0,0,17,0,0,45,0,33,0,0,0,0,0,0,0,0,0,0,0
a5c7281402b51c653de350903fa4bb04,0,0,0,0,0,0,0,0,0,0,0,0,0,0,22,0,9,0,14,0,0,0,0,0,0,0,0,0,0,0,0,0,0,0,0,0,0,18,0,0,0,0,0,0,0,0,38,53,19,0,0,0,0,0,0,0,0,0,0,0,0,0,0,26,0,0,0,0,0,0,0,16,0,0,0,0,0,0,0,26,0,0,12,19
4715d00a2315b24a3fcc1b66ae839a94,0,0,0,0,0,14,12,0,0,8,11,67,13,0,0,0,0,0,0,0,0,0,0,0,14,0,14,0,0,0,0,0,0,9,0,0,0,0,0,0,0,0,0,0,0,0,0,0,0,0,0,0,0,0,0,0,0,17,0,12,0,0,0,15,0,0,0,0,0,0,0,0,0,0,0,16,45,6,0,0,18,0,0,0
9e321e51f6505c6746a761f6dc55e7f7,7,0,18,20,0,0,0,0,0,0,0,0,0,0,0,0,0,0,0,0,0,0,0,0,0,0,0,0,11,10,0,0,0,0,6,0,0,0,0,0,0,0,0,0,0,0,0,0,7,0,13,18,0,5,5,0,0,0,0,29,0,0,0,0,0,0,0,12,0,0,50,0,24,0,0,0,0,12,0,8,0,0,10,0
a9fcc331b4725affdbf11d219a193ece,8,7,0,0,0,0,0,0,14,0,0,0,0,0,3,0,0,0,0,0,0,0,0,0,0,0,0,0,0,0,0,0,0,0,6,29,0,0,0,0,0,0,0,20,0,0,0,34,0,0,0,11,0,10,0,0,0,0,0,5,0,0,0,22,5,17,0,0,0,0,32,15,0,9,0,0,0,0,14,0,0,0,0,7
48577e901e3c3c456e51cbc42d9e1787,0,9,0,0,0,0,0,0,0,0,0,0,0,0,0,0,0,0,0,0,0,0,0,0,0,0,0,0,5,19,0,0,0,3,0,0,0,0,0,0,0,0,0,0,0,0,0,0,0,0,0,6,0,0,0,0,0,0,0,38,0,24,6,13,9,0,0,36,0,0,45,0,48,0,0,0,0,0,0,0,0,0,0,0
13aa4b30a45dad70c3ed431c8c184c6c,21,21,14,31,0,0,0,0,0,0,0,0,0,0,0,30,0,0,0,0,0,0,0,0,0,0,0,0,0,0,0,0,37,0,0,0,0,0,42,0,0,15,0,0,0,9,0,14,0,0,0,0,0,0,0,0,0,0,0,0,0,0,0,0,0,0,0,0,0,0,12,0,8,0,0,0,0,0,0,0,0,0,0,0
eb36645d7872c6e957cb1a751885e92e,12,6,0,5,0,0,0,6,0,0,7,0,0,0,0,0,0,0,0,0,0,0,0,0,0,0,0,3,0,0,0,0,0,0,0,32,0,0,7,37,10,0,29,0,20,0,0,0,11,0,12,11,0,21,0,0,0,13,0,0,0,0,0,0,3,5,0,0,0,0,0,0,2,0,0,3,0,3,0,14,0,0,0,0
68ffca37ae5925e5728873bc560f3f68,0,0,0,0,0,0,0,0,0,0,0,0,0,0,0,0,0,0,0,0,0,0,0,0,0,0,0,5,0,0,0,0,0,0,0,0,0,0,0,0,0,0,0,0,6,0,0,0,22,40,0,26,0,51,85,34,0,0,0,0,0,0,0,0,0,0,0,0,0,0,0,0,0,0,0,0,0,0,0,0,0,0,4,0
581fb68a5a79dbbb31bfaa8ed3d789f4,0,0,0,0,0,0,0,0,0,0,0,0,0,0,0,0,0,5,0,0,0,0,0,0,0,0,0,0,0,0,0,0,0,0,0,0,0,0,0,0,0,0,0,0,0,0,0,13,22,6,15,16,0,23,13,0,0,0,0,0,0,0,0,0,0,27,0,0,0,0,0,0,0,0,15,0,0,31,31,21,0,0,21,0
a51aabc18b8d13346756da5cba58b9f7,0,0,12,0,0,0,0,0,0,0,0,0,0,0,0,22,0,0,16,0,0,0,0,0,19,0,0,0,8,0,0,0,0,0,0,0,0,0,0,0,0,0,0,0,0,0,0,0,0,0,0,18,0,0,0,0,0,0,0,0,0,21,0,0,21,0,0,0,0,0,24,0,15,0,0,0,25,0,0,0,0,57,0,0
5076e54a5b161b6fbbbe8f6c43eff9fa,0,0,0,0,0,0,0,0,0,0,0,0,0,0,0,24,0,0,0,0,0,0,0,0,0,0,0,0,0,0,0,13,0,14,0,0,0,0,0,0,0,0,0,0,0,0,0,0,0,10,10,12,0,43,16,0,0,0,0,9,0,0,15,15,0,15,0,0,0,0,0,0,0,0,13,0,0,15,22,11,0,0,0,0
a5a83795c19d4850bbdfb7ee179e1a58,0,0,0,0,0,0,0,0,0,0,0,0,0,0,12,0,0,0,8,0,0,0,0,0,0,0,0,0,0,0,0,0,0,0,0,0,0,0,0,0,0,0,0,0,0,0,0,35,28,4,0,15,0,12,12,0,0,0,0,0,0,0,0,0,0,14,0,0,0,0,0,0,0,0,16,0,0,31,17,24,0,0,0,0
ac027d8720c821776376a5ea332f8ff5,0,6,0,0,0,0,0,0,0,0,0,0,0,0,0,0,0,0,0,0,0,0,0,0,0,0,0,0,19,26,0,0,0,0,19,0,0,0,0,0,0,0,0,0,0,0,0,0,0,0,0,5,0,0,0,0,0,0,0,15,0,16,0,43,87,0,0,0,0,0,0,0,0,0,0,0,0,0,0,0,0,0,0,0
e440872f4b92093030e88bafefb016f9,0,0,0,0,0,0,0,10,0,8,0,0,27,0,0,0,0,0,0,0,0,0,0,0,0,22,0,6,0,0,0,0,0,0,0,67,0,0,0,0,0,0,0,0,4,0,0,0,0,0,0,0,0,0,0,0,0,0,0,0,0,0,0,0,0,0,7,0,11,37,0,0,0,0,0,0,0,0,0,0,0,0,0,0
ceef01c0f52effc28e4791ff939aa4df,0,0,0,0,32,0,19,15,0,0,0,0,0,0,0,0,0,0,0,0,0,5,23,0,4,0,3,0,0,0,0,0,0,0,0,0,0,0,6,7,7,3,2,0,2,11,0,0,0,0,0,0,3,3,0,0,0,2,0,0,0,0,0,0,0,0,0,0,0,0,0,0,0,0,0,5,71,3,0,0,0,5,0,0
b25c21270199cc7e624f8fa2beaa1052,0,0,0,6,0,0,0,0,13,11,0,0,0,0,0,0,0,0,0,0,0,0,0,0,0,0,0,0,10,17,0,0,0,8,12,0,0,0,11,0,0,0,0,0,30,0,0,0,0,0,0,0,0,15,0,0,0,0,0,23,0,20,0,14,16,0,0,0,0,0,15,0,0,0,0,0,0,14,0,0,0,0,0,0
ecdf1e0b7206cb6e5965471c7a7dda9d,0,0,9,0,0,0,0,0,0,0,0,0,0,0,0,0,0,0,0,0,0,0,0,0,0,0,0,0,30,24,0,0,0,0,11,0,0,0,0,0,0,0,0,0,0,0,0,5,9,0,0,0,0,0,0,0,0,0,0,25,0,23,0,14,23,0,0,11,0,0,16,0,14,0,0,0,0,0,0,0,0,0,0,0
09a03a3d29755a61943d26440831bd38,0,0,0,0,0,0,0,0,0,0,0,61,0,0,13,0,0,0,13,0,0,0,0,0,0,0,0,0,0,0,0,0,0,0,0,0,0,0,0,0,0,0,0,0,0,0,0,0,22,0,0,0,0,12,0,0,0,0,0,0,0,0,0,0,0,31,0,0,0,0,0,0,0,0,11,0,0,11,29,0,0,0,0,0
90a634fef584638a5861ac4f26074d88,0,0,0,0,0,0,0,0,0,0,0,0,0,0,0,0,0,0,0,0,0,0,0,0,0,0,0,0,0,8,0,0,0,0,18,0,0,0,0,0,0,0,0,0,0,0,0,18,0,0,0,0,0,0,0,0,0,0,0,73,0,21,0,0,0,24,0,0,0,0,0,0,0,0,19,0,0,20,0,18,0,0,0,0
e92cb07172d567b05a3f668c34ca16a3,0,0,0,0,0,0,0,5,0,8,0,0,0,0,0,0,0,0,0,0,0,0,0,0,0,0,0,11,0,0,0,0,0,0,0,0,0,0,0,0,0,0,0,0,27,3,0,0,14,13,22,13,4,42,17,0,0,0,0,0,0,0,0,0,0,0,0,0,0,23,0,0,0,0,0,0,0,0,0,0,0,0,0,0
6d8f31f63c5e69c3e877edf2757ab015,26,0,27,45,0,0,0,0,0,0,0,0,0,0,0,0,0,0,0,0,0,0,0,0,0,0,0,0,0,0,0,0,0,14,0,0,0,0,0,0,0,0,0,0,0,0,0,0,7,0,7,13,0,8,0,0,0,0,2,5,0,6,0,0,6,21,0,0,0,0,0,0,27,0,0,0,0,0,0,0,0,0,0,0
db5e75aa69dc12d2c0b20c2e918d5bff,0,0,0,0,0,0,0,0,0,0,0,0,0,0,0,0,0,0,0,0,0,0,0,0,0,0,0,0,0,0,0,0,0,7,0,0,0,0,0,0,0,0,0,0,0,0,0,0,0,0,0,7,0,23,0,0,0,0,0,68,0,15,6,12,0,25,0,0,0,0,0,0,0,0,28,0,0,14,0,0,0,0,0,0
b454a93768124af9d6a93073e7eb1e4d,0,0,0,0,0,21,0,12,0,16,20,0,0,0,0,0,0,0,0,0,0,6,7,0,0,14,10,8,0,0,29,0,0,0,0,0,0,0,0,0,0,0,0,0,0,0,0,0,0,0,0,0,7,0,0,0,0,12,0,0,0,0,0,0,0,0,0,0,5,12,0,0,0,0,0,0,6,0,0,0,0,13,0,0
8f0130c75c621be2fa74ea558b46ff5e,0,0,0,0,0,0,0,0,0,0,0,0,0,0,0,0,0,0,0,0,0,9,0,0,5,0,0,0,8,81,0,0,0,0,0,0,0,0,0,0,0,0,0,0,0,0,0,0,0,0,0,11,0,0,0,0,0,0,0,0,0,16,0,7,0,23,0,0,0,0,0,0,0,0,11,7,10,0,0,0,0,0,0,0
618f7008be6bd049df1ea7581d394ab9,0,0,0,0,0,0,0,0,0,0,0,0,0,0,0,0,0,0,0,0,0,0,0,0,0,0,0,0,12,23,0,0,0,6,0,0,0,0,0,0,0,0,0,3,0,0,0,14,0,0,4,8,0,0,0,0,0,0,0,15,0,13,0,13,12,6,0,0,0,0,17,0,0,0,0,0,0,9,0,9,0,6,0,0
2422db020a19edf8d6a19babefd48aef,7,10,4,0,0,0,0,0,0,0,0,0,0,0,0,0,0,0,0,19,0,0,0,0,0,0,0,0,0,0,0,0,0,0,0,0,0,0,0,0,0,0,0,24,0,0,0,51,17,0,10,11,0,16,0,0,0,0,0,0,0,0,0,0,6,9,0,0,0,0,0,0,5,0,0,0,0,0,0,13,0,0,0,0
30481a5d312e05b559fe9156b8f0abee,0,0,0,0,0,0,0,0,0,0,0,0,0,0,0,0,0,0,0,0,0,0,0,0,0,0,0,0,14,0,0,15,0,16,14,0,0,8,0,0,0,0,0,0,0,0,0,14,0,0,0,25,0,13,0,0,0,0,0,0,0,0,13,8,0,0,0,0,0,0,16,0,16,0,0,0,0,0,5,0,0,0,11,14
84068407639bc84d47f40015221ea4e4,6,27,19,23,0,0,0,0,0,0,0,0,0,0,0,0,0,0,0,0,0,0,0,0,0,0,0,0,0,0,0,0,0,0,0,0,0,0,0,0,0,12,0,0,0,0,0,0,0,0,0,0,0,0,0,0,0,0,0,0,0,0,0,0,0,0,0,20,0,0,29,0,15,18,0,0,0,0,0,0,0,12,0,0
340a48970e248a368a25e7a4f0943b38,0,0,0,0,0,0,0,0,0,20,0,0,0,0,0,0,0,0,21,0,0,0,0,0,0,11,0,0,0,0,0,0,0,20,0,0,0,0,0,0,0,0,0,0,4,0,18,0,0,0,0,0,0,0,0,0,0,1,0,0,0,15,0,7,6,0,0,0,0,0,3,0,0,0,15,0,0,0,0,12,0,11,0,0
840bde91c031948aaa5f8312a3d4d62d,0,0,0,26,0,0,0,0,0,0,0,0,0,0,0,0,23,0,31,0,0,0,0,0,0,0,0,0,0,0,0,0,0,0,0,0,0,15,0,0,0,0,0,0,7,0,0,3,10,9,1,0,0,9,9,0,0,0,0,0,0,0,0,0,0,10,0,0,0,0,3,0,2,0,0,0,0,0,16,0,0,0,0,0
4396b241079dfac056c09bd88cdd9963,0,0,0,0,0,0,0,0,0,0,3,0,0,0,0,0,0,0,21,0,0,0,0,0,0,0,0,0,0,0,0,0,0,0,0,0,0,0,0,0,0,0,0,0,0,0,18,0,10,0,0,0,0,0,0,0,0,0,0,11,0,0,0,13,0,20,0,0,0,0,0,0,0,19,13,0,0,22,11,0,0,0,0,0
3045f8d0eb7332c151789dc0670aeac3,0,0,0,0,0,8,0,16,0,18,9,0,0,0,0,0,0,0,0,0,0,0,0,0,0,14,0,28,0,0,0,0,0,0,0,0,0,0,1,0,0,0,0,0,0,0,0,0,0,0,0,0,0,0,0,0,0,3,1,0,0,0,0,0,0,0,12,0,19,21,0,0,0,0,0,0,0,0,0,0,0,0,0,0
642d2a43a0d5f6a1be11918cbcc13fca,9,0,0,7,0,0,6,0,0,0,0,0,0,0,1,0,7,0,6,0,0,0,0,0,0,0,0,0,0,0,0,0,0,6,0,0,0,19,0,0,0,0,0,0,0,0,0,1,0,0,16,0,0,0,0,0,0,0,0,11,0,2,0,1,10,1,0,0,0,0,1,0,20,0,17,0,0,1,0,0,0,0,0,0
3b55620dcd43cf9c3b1362028ffe2da3,13,0,15,19,0,0,0,0,0,0,0,0,0,0,0,0,0,0,0,0,0,0,0,0,0,0,0,0,0,3,0,0,0,0,2,0,0,0,0,0,0,0,0,0,0,0,1,0,6,0,10,3,0,1,2,0,0,0,0,7,0,0,4,7,0,6,0,7,0,0,3,0,0,0,0,0,0,1,3,0,0,0,1,0
