ASV,Kingdom,Phylum,Class,Order,Family,Genus,Species
aecc5918fd8dc2b6ec5115c02e519e22,Eukaryota,Diatomea,Unassigned,Unassigned,Unassigned,Unassigned,Unassigned
e1b1ede819104b16f8ed41b4bb7f43f7,Eukaryota,Diatomea,Unassigned,Unassigned,Unassigned,Unassigned,Unassigned
cec14987f76c1c7ee7c1ce23a10822bb,Eukaryota,Diatomea,Unassigned,Unassigned,Unassigned,Unassigned,Unassigned
fd3a8425d9bb2c32943dbcb47d8a23bb,Eukaryota,Diatomea,Unassigned,Unassigned,Unassigned,Unassigned,Unassigned
b459a7138b2fa346b463fa4b166ba6a4,Eukaryota,Chlorophyta,Ulvophyceae,Ulvophyceae,Ulvophyceae,Ulvophyceae,Unassigned
eb7ab50a9350589ef7135a7902c3b56d,Eukaryota,Cercozoa,Thecofilosea,Cryomonadida,Rhizaspididae,Rhogostoma,invertebrate_environmental
cb6129f86fb8626fe960499435dbd788,Eukaryota,Ochrophyta,Chrysophyceae,Chrysophyceae,Chrysophyceae,Chrysophyceae,Unassigned
f65ed4629d96d1fb498494b5c107ca8d,Eukaryota,Diatomea,Bacillariophyceae,Bacillariophyceae,Bacillariophyceae,Encyonema,uncultured_Encyonema
f4a99d51913edeeba959082b8acd1e04,Eukaryota,Chlorophyta,Chlorophyceae,Chlorophyceae,Chlorophyceae,Chlorophyceae,Unassigned
a3da99c83c706b8b9592019fdceb729d,Eukaryota,Diatomea,Bacillariophyceae,Bacillariophyceae,Bacillariophyceae,Encyonema,uncultured_Encyonema
f7bdde3f07f7ee15c1fde09bfac94a0e,Eukaryota,Apicomplexa,Conoidasida,Gregarinasina,Eugregarinorida,Ascogregarina,Unassigned
c83f07becec41dc1f7adc383b7ea617e,Eukaryota,Apicomplexa,Conoidasida,Gregarinasina,Eugregarinorida,Ascogregarina,Unassigned
e578e7b22331edfc1681c5b946b8b8c4,Eukaryota,Ochrophyta,Chrysophyceae,Chrysophyceae,Chrysophyceae,Chrysophyceae,Hydrurus_foetidus
af6abaa826f375f330fbe66ac9f32e1b,Eukaryota,Centrohelida,Centrohelida,Centrohelida,Unassigned,Unassigned,Unassigned
fed7190db2184d5513659f6e65aa8db8,Eukaryota,Diatomea,Bacillariophyceae,Bacillariophyceae,Bacillariophyceae,Sellaphora,Unassigned
ccc720a3e12bb96378801466c449705a,Eukaryota,Chlorophyta,Chlorophyceae,Sphaeropleales,Sphaeropleales,Mychonastes,Unassigned
dc595bb58c5ebb8ed1f831c315d592dd,Eukaryota,Diatomea,Bacillariophyceae,Bacillariophyceae,Bacillariophyceae,Sellaphora,Unassigned
bcea5587df4b14c88227cc20392cd8e3,Eukaryota,Ochrophyta,Chrysophyceae,Chrysophyceae,Chrysophyceae,Chrysophyceae,Unassigned
c617f0c48033f63674bf0127c3038d92,Eukaryota,Diatomea,Bacillariophyceae,Bacillariophyceae,Bacillariophyceae,Sellaphora,Unassigned
d2242e9c141882df9145fd0741f59cf0,Eukaryota,Ciliophora,Intramacronucleata,Litostomatea,Unassigned,Unassigned,Unassigned
b39fe26c5ad0a2ce9ca75812b611cc7b,Eukaryota,Ciliophora,Intramacronucleata,Litostomatea,Haptoria,Unassigned,Unassigned
a889e6e5168140ddd6f02eaa2400f4bf,Eukaryota,Euglenozoa,Kinetoplastea,Unassigned,Unassigned,Unassigned,Unassigned
be478af9006aeec31aafe512aa421805,Eukaryota,Chlorophyta,Chlorophyceae,Chlorophyceae,Chlorophyceae,Chlorophyceae,Unassigned
a29f59f6329b6f1c84415d48916090c6,Eukaryota,Ciliophora,Intramacronucleata,Spirotrichea,Choreotrichia,Unassigned,Unassigned
b3aaa5c4e66d314c39997e428c6b7c0b,Eukaryota,Diatomea,Bacillariophyceae,Bacillariophyceae,Bacillariophyceae,Sellaphora,Unassigned
c4b31199fed9f9def0baa7b15a39a302,Eukaryota,Diatomea,Bacillariophyceae,Bacillariophyceae,Bacillariophyceae,Unassigned,Unassigned
ef015ff04531f517abd67f8a32af797f,Eukaryota,Ochrophyta,Chrysophyceae,Chrysophyceae,Chrysophyceae,Chrysophyceae,uncultured_Hydrurus
dc724f18fff564f6c9b589e02678cbbe,Eukaryota,Ciliophora,Intramacronucleata,Litostomatea,Unassigned,Unassigned,Unassigned
e303e5417aa3fb292440e15eb502e5a1,Eukaryota,Ciliophora,Intramacronucleata,Litostomatea,Unassigned,Unassigned,Unassigned
a151e8224754c2b8339d235ec8cd8c97,Eukaryota,Euglenozoa,Kinetoplastea,Unassigned,Unassigned,Unassigned,Unassigned
d808be29304862bf408083d6a6ca674b,Eukaryota,Diatomea,Bacillariophyceae,Bacillariophyceae,Bacillariophyceae,Sellaphora,Unassigned
ac130a87e48f91c02ff63628abafab70,Eukaryota,Diatomea,Bacillariophyceae,Bacillariophyceae,Bacillariophyceae,Unassigned,Unassigned
e436209d2d2e41b312a552b6d7d0d7a5,Eukaryota,Diatomea,Bacillariophyceae,Bacillariophyceae,Bacillariophyceae,Unassigned,Unassigned
b5b994bf814fb4503ea084c2a0f84bc6,Eukaryota,Euglenozoa,Kinetoplastea,Neobodonida,Neobodonida,Neobodonida,Rhynchobodo_sp.
b5e7baf37bd2b12dc3814bc561ea7990,Eukaryota,Euglenozoa,Kinetoplastea,Neobodonida,Neobodonida,Rhynchomonas,Thalassiosira_rotula
ba52527e4da2eeb1426f7210e3a016f7,Eukaryota,Euglenozoa,Kinetoplastea,Neobodonida,Neobodonida,Neobodonida,Rhynchobodo_sp.
f8c80ef32e5ee76774b25cbd7bba4a01,Eukaryota,Chlorophyta,Chlorophyceae,Sphaeropleales,Sphaeropleales,Mychonastes,uncultured_Chlorophyta
e84cdf2de1f23cd2f2ff97f01672bfb4,Eukaryota,Ciliophora,Intramacronucleata,Litostomatea,Unassigned,Unassigned,Unassigned
f5bf0e7b1ebb90dc250b3244f7380dac,Eukaryota,Ciliophora,Postciliodesmatophora,Heterotrichea,Heterotrichea,Stentor,Stentor_roeselii
c10d38ad5c75866bfead97c456e9a05f,Eukaryota,Chlorophyta,Chlorophyceae,Sphaeropleales,Sphaeropleales,Mychonastes,uncultured_Chlorophyta
beaaf2c249c0253ab5641aed4f6b335d,Eukaryota,Ciliophora,Intramacronucleata,Spirotrichea,Hypotrichia,Unassigned,Unassigned
a37ae300805533aa65048cf7cd791d4a,Eukaryota,Ciliophora,Postciliodesmatophora,Heterotrichea,Heterotrichea,Stentor,Stentor_roeselii
db963588a99dfa3aedada81bca9f80ca,Eukaryota,Cercozoa,Thecofilosea,Cryomonadida,Rhizaspididae,Rhogostoma,uncultured_freshwater
e4fa5f572e554023418794813d845a4f,Eukaryota,Apicomplexa,Conoidasida,Gregarinasina,Eugregarinorida,Ascogregarina,Unassigned
a0fe382008bb3c6034efb1bc897f55c3,Eukaryota,Ochrophyta,Chrysophyceae,Chrysophyceae,Chrysophyceae,Chrysophyceae,Unassigned
bdd0bdd1ed287c001193bef21c6aa065,Eukaryota,Chlorophyta,Trebouxiophyceae,Trebouxiophyceae,Trebouxiophyceae,Trebouxiophyceae,Unassigned
fa4af9b6ba79f334c6c3ea949c81de29,Eukaryota,Diatomea,Bacillariophyceae,Bacillariophyceae,Bacillariophyceae,Sellaphora,Unassigned
c2b90e0e66531d366e62d3949ae98bd3,Eukaryota,Euglenozoa,Kinetoplastea,Unassigned,Unassigned,Unassigned,Unassigned
d05b97358228ab26fb83f3d15461f01e,Eukaryota,Chlorophyta,Chlorophyceae,Sphaeropleales,Sphaeropleales,Mychonastes,Unassigned
be543b2b23eb975af25d45afce2f6e82,Eukaryota,Ciliophora,Postciliodesmatophora,Heterotrichea,Heterotrichea,Stentor,uncultured_ciliate
ee1021777fc608911cef5927fffb5c76,Eukaryota,Ochrophyta,Chrysophyceae,Unassigned,Unassigned,Unassigned,Unassigned
e7deebb12960da3ee0a70908cddaee22,Eukaryota,Ciliophora,Intramacronucleata,Conthreep,Oligohymenophorea,Unassigned,Unassigned
bbea0dc1d5acea1cb0d9fd2ba91b2330,Eukaryota,Ciliophora,Intramacronucleata,Litostomatea,Haptoria,Unassigned,Unassigned
ccf1d162c93518d75cbe099f0d2a24fb,Eukaryota,Ciliophora,Intramacronucleata,Litostomatea,Unassigned,Unassigned,Unassigned
cc6bf5c7711db1b71fe41aae098f3772,Eukaryota,Chlorophyta,Chlorophyceae,Sphaeropleales,Sphaeropleales,Mychonastes,uncultured_Chlorophyta
ce05f77e126e204a99d1762019d83aea,Eukaryota,Diatomea,Bacillariophyceae,Bacillariophyceae,Bacillariophyceae,Sellaphora,Unassigned
f6c8f1bd6d7f4bea4e5c25955c7a666b,Eukaryota,Ciliophora,Intramacronucleata,Litostomatea,Unassigned,Unassigned,Unassigned
be10c26b49c57837027050eb5e95eb03,Eukaryota,Centrohelida,Centrohelida,Centrohelida,Unassigned,Unassigned,Unassigned
e005b1d4b739fb33249cdd2f249a5918,Eukaryota,Chlorophyta,Chlorophyceae,Chlorophyceae,Chlorophyceae,Chlorophyceae,Aphanochaete_sp.
ccd4ca92955e0d555d38e3a6db8ede6a,Eukaryota,Chlorophyta,Trebouxiophyceae,Trebouxiophyceae,Trebouxiophyceae,Trebouxiophyceae,Chloroidium_saccharophilum
b8f5a6008ebf2e4b57a32afcff5a606f,Eukaryota,Chlorophyta,Ulvophyceae,Ulvophyceae,Ulvophyceae,Ulvophyceae,Hazenia_basiliensis
b712ee7accaf4ecfef266c63a4e33095,Eukaryota,Euglenozoa,Kinetoplastea,Unassigned,Unassigned,Unassigned,Unassigned
fef40180a693803bee070342938de592,Eukaryota,Ciliophora,Intramacronucleata,Litostomatea,Haptoria,Hemiophrys,Unassigned
bc71b55dd80099a2e098efa4c30c3146,Eukaryota,Ciliophora,Intramacronucleata,Conthreep,Phyllopharyngea,Unassigned,Unassigned
c5dd518ce9ca664619edd4b15e9f5481,Eukaryota,Diatomea,Bacillariophyceae,Bacillariophyceae,Bacillariophyceae,Unassigned,Unassigned
be9868649e32dd78352b442b9ebc6e8f,Eukaryota,Cercozoa,Glissomonadida,Glissomonadida,Glissomonadida,uncultured,metagenome
e685e5e70198d206a20ab163c990d1b4,Eukaryota,Ciliophora,Intramacronucleata,Conthreep,Oligohymenophorea,Unassigned,Unassigned
edd7436df40e43e80184c7fdfbb018c9,Eukaryota,Cercozoa,Glissomonadida,Glissomonadida,Glissomonadida,Unassigned,Unassigned
d113b411b68860413ff8d3dfa7fec1ad,Eukaryota,Ciliophora,Intramacronucleata,Litostomatea,Unassigned,Unassigned,Unassigned
ecc49d9645ff3e888dce6177503e142f,Eukaryota,Ochrophyta,Dictyochophyceae,Pedinellales,Pedinellales,Pteridomonas,Pteridomonas_danica
a548221d0eb7a9fdc0d4e7b927debbf4,Eukaryota,Ciliophora,Intramacronucleata,Litostomatea,Haptoria,Unassigned,Unassigned
ad903ac22543e17ed3a16a9a27296ef9,Eukaryota,Ciliophora,Intramacronucleata,Conthreep,Phyllopharyngea,Tokophrya,uncultured_ciliate
c1e74b57cc6ff247e5e91c1e9bf52f8a,Eukaryota,Diatomea,Bacillariophyceae,Bacillariophyceae,Bacillariophyceae,Encyonema,uncultured_Encyonema
a8ad9f49a193b1127293b60577de2d75,Eukaryota,Apicomplexa,Conoidasida,Gregarinasina,Eugregarinorida,Ascogregarina,Unassigned
dfc77882da9f6eff118cd818b8836fce,Eukaryota,Ciliophora,Intramacronucleata,Conthreep,Oligohymenophorea,Peritrichia,Ophrydium_versatile
e544f4b9b3c4b6cdad0de306e37ea201,Eukaryota,Ciliophora,Intramacronucleata,Conthreep,Phyllopharyngea,Tokophrya,Unassigned
c38d2e9f4e3d383552034ac08bc74501,Eukaryota,Ochrophyta,Chrysophyceae,Chrysophyceae,Chrysophyceae,Chrysophyceae,Unassigned
e28a556666ca5b909f2e5201f07a8b5c,Eukaryota,Diatomea,Bacillariophyceae,Bacillariophyceae,Bacillariophyceae,Unassigned,Unassigned
d5493fcd3f18b74aa9ed5ec25239fc08,Eukaryota,Diatomea,Bacillariophyceae,Bacillariophyceae,Bacillariophyceae,Gomphonema,Unassigned
f67123aa1d25aefcd7caf52dd7cb6b71,Eukaryota,Diatomea,Bacillariophyceae,Bacillariophyceae,Bacillariophyceae,Gomphonema,Unassigned
e6df82ea3e721c285f164c8329d853e1,Eukaryota,Ciliophora,Intramacronucleata,Litostomatea,Unassigned,Unassigned,Unassigned
cf37c0d2926362eaa1e53e1fec7387c3,Eukaryota,Ciliophora,Intramacronucleata,Conthreep,Unassigned,Unassigned,Unassigned
be0de20f19be4f96c81185b4c2f44f5b,Eukaryota,Chlorophyta,Ulvophyceae,Ulvophyceae,Ulvophyceae,Ulvophyceae,Unassigned
ae760a775b01ca95e71afa4651dd69d3,Eukaryota,Ciliophora,Intramacronucleata,Conthreep,Phyllopharyngea,Pseudochilodonopsis,Pseudochilodonopsis_sp.
f0c7f486b20964f3b3649f36a9917112,Eukaryota,Ciliophora,Intramacronucleata,Litostomatea,Unassigned,Unassigned,Unassigned
f33da32b64999bedacdf3d5904ebaa03,Eukaryota,Ciliophora,Intramacronucleata,Litostomatea,Unassigned,Unassigned,Unassigned
efa6c5eacf6bfc5960f2f3d48e349208,Eukaryota,Ciliophora,Intramacronucleata,Conthreep,Oligohymenophorea,Unassigned,Unassigned
e6af4c8bf2e38c9a54a76d7ca67fcfc0,Eukaryota,Ciliophora,Postciliodesmatophora,Heterotrichea,Heterotrichea,Stentor,Stentor_roeselii
b1a8ff0e5eb479f238dc1caaf9fe5cec,Eukaryota,Diatomea,Bacillariophyceae,Bacillariophyceae,Bacillariophyceae,Navicula,Navicula_phyllepta
c9fdbdc905a4620fd58bb80018f374b8,Eukaryota,Chlorophyta,Chlorophyceae,Chlorophyceae,Chlorophyceae,Chlorophyceae,Unassigned
e877b0953e08ea4f5479a5e5884070c8,Eukaryota,Apicomplexa,Conoidasida,Gregarinasina,Eugregarinorida,Ascogregarina,Unassigned
f0655e4494a80c61dfbad8d4df42f71b,Eukaryota,Ciliophora,Intramacronucleata,Litostomatea,Unassigned,Unassigned,Unassigned
bc64fdca799d981ef63ed033eeb26ff1,Eukaryota,Ciliophora,Intramacronucleata,Conthreep,Oligohymenophorea,Unassigned,Unassigned
c26bf6e22b1fcf8cc0e900b2fc4abfe3,Eukaryota,Diatomea,Bacillariophyceae,Bacillariophyceae,Bacillariophyceae,Navicula,Navicula_phyllepta
a6d38a266ec12dac684111d04920f93c,Eukaryota,Ciliophora,Postciliodesmatophora,Heterotrichea,Heterotrichea,Stentor,Stentor_roeselii
c476d47d3c2513984914c7a198d133fa,Eukaryota,Chlorophyta,Chlorophyceae,Sphaeropleales,Sphaeropleales,Mychonastes,uncultured_Chlorophyta
fa12798f8a967655edc0d233f81af005,Eukaryota,Chlorophyta,Trebouxiophyceae,Trebouxiophyceae,Trebouxiophyceae,Trebouxiophyceae,Spongiococcum_tetrasporum
b2d0a90f3ac46fac920d675a02fc405c,Eukaryota,Ciliophora,Postciliodesmatophora,Heterotrichea,Heterotrichea,Stentor,Stentor_roeselii
dd0517b8f7de68537bbce75aac774dd3,Eukaryota,Ciliophora,Intramacronucleata,Conthreep,Plagiopylea,Epalxella,metagenome
e6a7f31cfa22ea9d0da2a6248352f07c,Eukaryota,Amoebozoa,Discosea,Discosea,Discosea,Discosea,metagenome
e9a7149ecd04d35852bda00e51f32f40,Eukaryota,Ciliophora,Intramacronucleata,Litostomatea,Unassigned,Unassigned,Unassigned
d8e4fb0aa38ca3ce9fc7180ef77efe69,Eukaryota,Ciliophora,Intramacronucleata,Conthreep,Oligohymenophorea,Unassigned,Unassigned
b4e6b3d9dd33beb2973ef49985a0dd06,Eukaryota,Dinoflagellata,Dinophyceae,Unassigned,Unassigned,Unassigned,Unassigned
d020e002c3e10d8a76082fcdb5c67dca,Eukaryota,Ciliophora,Postciliodesmatophora,Heterotrichea,Heterotrichea,Stentor,Stentor_roeselii
a3af51741d6ba73b76012b33804eedfa,Eukaryota,Chlorophyta,Chlorophyceae,Sphaeropleales,Sphaeropleales,Mychonastes,uncultured_Chlorophyta
ebc21298fa80daa6ef1d398b4c826767,Eukaryota,Ciliophora,Intramacronucleata,Litostomatea,Unassigned,Unassigned,Unassigned
bef834fa995653467e11111f70141178,Eukaryota,Chlorophyta,Chlorophyceae,Chlorophyceae,Chlorophyceae,Chlorophyceae,Stigeoclonium_farctum
ac1b2fefc695b47659f7aec395f11a45,Eukaryota,Heterolobosea,Tetramitia,Tetramitia,Tetramitia,Vahlkampfia,Vahlkampfia_avara
de9408f07d0c6e7dfe20dbc3e454813b,Eukaryota,Cercozoa,Thecofilosea,Cryomonadida,Unassigned,Unassigned,Unassigned
c0ef1e91ac48a9ee3f1183ce5d219303,Eukaryota,Ciliophora,Intramacronucleata,Litostomatea,Unassigned,Unassigned,Unassigned
f5937cb656b9e5c49fc8d8dcc6f5c187,Eukaryota,Chlorophyta,Chlorophyceae,Sphaeropleales,Sphaeropleales,Mychonastes,Unassigned
a192e280d2314f370600686bf7e23866,Eukaryota,Euglenozoa,Kinetoplastea,Prokinetoplastina,Prokinetoplastina,Ichthyobodo,Ichthyobodo_necator
d5a8e5699baf0e0e83f04fbd6f2910cb,Eukaryota,Ciliophora,Intramacronucleata,Conthreep,Oligohymenophorea,Peritrichia,Ophrydium_versatile
bc407d6a5e79a831044076a18bb2eae0,Eukaryota,Ciliophora,Intramacronucleata,Spirotrichea,Hypotrichia,Hypotrichia,Unassigned
c529ea37ab32bc88988948f3a2288efe,Eukaryota,Ciliophora,Intramacronucleata,Litostomatea,Unassigned,Unassigned,Unassigned
c0af2834f4e8fb1f041fedf017f3bc7d,Eukaryota,Ciliophora,Intramacronucleata,Conthreep,Phyllopharyngea,Tokophrya,uncultured_ciliate
a816707c79c80da9bd14801d5e0204cc,Eukaryota,Apicomplexa,Conoidasida,Gregarinasina,Eugregarinorida,uncultured,uncultured_alveolate
e0e1707b626a8bdd734128c80061f872,Eukaryota,Ciliophora,Intramacronucleata,Conthreep,Oligohymenophorea,Peritrichia,Ophrydium_versatile
cfc25ddf460d023dd2517885fc73a54d,Eukaryota,Apicomplexa,Conoidasida,Gregarinasina,Eugregarinorida,Ascogregarina,Unassigned
a336cb8bbcd0679900e3eb509befeb53,Eukaryota,Cercozoa,Thecofilosea,Thecofilosea,Thecofilosea,Thecofilosea,metagenome
ef9dd9c55a890c1f02f5d6311a03377c,Eukaryota,Cercozoa,Incertae_Sedis,Incertae_Sedis,Incertae_Sedis,Gymnophrys,Unassigned
f306f51bb988819a563af298d3e565ba,Eukaryota,Apicomplexa,Conoidasida,Gregarinasina,Eugregarinorida,Ascogregarina,Unassigned
d474f627d4326064c36ea5aff851ddbe,Eukaryota,Diatomea,Bacillariophyceae,Bacillariophyceae,Bacillariophyceae,Unassigned,Unassigned
f4e05272c9a9be5162970a979e457e75,Eukaryota,Chlorophyta,Chlorophyceae,Sphaeropleales,Sphaeropleales,Mychonastes,uncultured_Chlorophyta
d742a495f5cb645d120b2b08f85cd79f,Eukaryota,Apicomplexa,Unassigned,Unassigned,Unassigned,Unassigned,Unassigned
bde03e186e9dcdd4f4082905bb52850b,Eukaryota,Ciliophora,Postciliodesmatophora,Heterotrichea,Heterotrichea,Stentor,Stentor_roeselii
b065018e1eaf5d19f5386c6da1753f7e,Eukaryota,Ciliophora,Intramacronucleata,Conthreep,Oligohymenophorea,Peniculia,Lembadion_bullinum
c4e1a42e96c6d5574c0c97e420517ea6,Eukaryota,Cercozoa,Thecofilosea,Cryomonadida,Rhizaspididae,Rhogostoma,uncultured_freshwater
a58883361892fd310acf034440412694,Eukaryota,Ciliophora,Postciliodesmatophora,Heterotrichea,Heterotrichea,Stentor,Stentor_roeselii
defef7692d64210d426c159a73f29069,Eukaryota,Apicomplexa,Conoidasida,Gregarinasina,Eugregarinorida,Ascogregarina,Unassigned
eafbd64cc410e9822328a2b1a92bfbc2,Eukaryota,Ciliophora,Postciliodesmatophora,Heterotrichea,Heterotrichea,Stentor,Stentor_roeselii
ab5fedcb0cdd7436f632518b40b44eda,Eukaryota,Euglenozoa,Kinetoplastea,Neobodonida,Neobodonida,Rhynchomonas,marine_metagenome
d268b5e9309c9d7b45ba276096cab81d,Eukaryota,Ciliophora,Postciliodesmatophora,Heterotrichea,Heterotrichea,Stentor,uncultured_ciliate
b85fda99a9b206eaee11025a6b4d9dd4,Eukaryota,Ciliophora,Intramacronucleata,Litostomatea,Unassigned,Unassigned,Unassigned
e081ea571ed25f265a608b0e401e6b8b,Eukaryota,Ochrophyta,Chrysophyceae,Ochromonadales,Ochromonadales,Paraphysomonas,eukaryotic_picoplankton
ae0f04ecb5c08072e8f762e1cca91d5d,Eukaryota,Chlorophyta,Chlorophyceae,Sphaeropleales,Sphaeropleales,Mychonastes,uncultured_Chlorophyta
a68ee5f9c0c216e47b9a185034646f9b,Eukaryota,Apicomplexa,Conoidasida,Gregarinasina,Eugregarinorida,Ascogregarina,Unassigned
b08f23ea3f2c57b7499116cc762c9007,Eukaryota,Ciliophora,Intramacronucleata,Conthreep,Phyllopharyngea,Cyrtophoria,metagenome
aa87ef24cc40ba413a12c2d0a92b2cc1,Eukaryota,Ochrophyta,Chrysophyceae,Chrysophyceae,Chrysophyceae,Chrysophyceae,Unassigned
bd9d98f0d04f4dad59bd232a23908667,Eukaryota,Diatomea,Bacillariophyceae,Bacillariophyceae,Bacillariophyceae,Gomphonema,Unassigned
d512867e69da7a181fce9a653b36d04c,Eukaryota,Diatomea,Bacillariophyceae,Bacillariophyceae,Bacillariophyceae,Navicula,Navicula_sp.
ed3697ec9cdee140c15c4901efbde748,Eukaryota,Ciliophora,Postciliodesmatophora,Heterotrichea,Heterotrichea,Stentor,Stentor_roeselii
c0f36b19e44a09f1e1c8ced6907934eb,Eukaryota,Euglenozoa,Kinetoplastea,Parabodonida,Parabodonida,Parabodo,Neobodo_curvifilus
d0bf277b13890e503d6db49004596ea6,Eukaryota,Diatomea,Unassigned,Unassigned,Unassigned,Unassigned,Unassigned
bff6cf00a29b2a068987520623ed30a4,Eukaryota,Ciliophora,Intramacronucleata,Conthreep,Oligohymenophorea,Unassigned,Unassigned
fe1b7fdd185095e594a35109e2f37f83,Eukaryota,Chlorophyta,Chlorophyceae,Chlorophyceae,Chlorophyceae,Chlorophyceae,Desmodesmus_abundans
d0c46bd7730ea4396bedb3e7753dc9fb,Eukaryota,Cercozoa,Thecofilosea,Thecofilosea,Thecofilosea,Thecofilosea,metagenome
f4b7622582861255e3a9cd8178393cf9,Eukaryota,Ciliophora,Intramacronucleata,Conthreep,Oligohymenophorea,Unassigned,Unassigned
a9be00b3abe291136f6722538fe4ea8e,Eukaryota,Euglenozoa,Euglenida,Heteronematina,Heteronematina,Petalomonas,Scytomonas_saepesedens
df983340360bff06851ec1cfa076d475,Eukaryota,Euglenozoa,Kinetoplastea,Neobodonida,Neobodonida,Rhynchomonas,marine_metagenome
cacefaf98c7cc914abd0fd67d66af54e,Eukaryota,Cercozoa,Novel_Clade_2,Novel_Clade_2,Novel_Clade_2,Novel_Clade_2,uncultured_freshwater
b4d7bb71e7632f3ca7b84366046d476f,Eukaryota,Chlorophyta,Ulvophyceae,Ulvophyceae,Ulvophyceae,Ulvophyceae,Unassigned
fac65ad589b0c4a49214eeb4a11aef02,Eukaryota,Ciliophora,Postciliodesmatophora,Heterotrichea,Heterotrichea,Stentor,Stentor_roeselii
a53032edc477db4b8cf2d20560991add,Eukaryota,Ciliophora,Intramacronucleata,Spirotrichea,Hypotrichia,Unassigned,Unassigned
cbf18c2bf248f9ab9c2008054de623dd,Eukaryota,Ciliophora,Intramacronucleata,Conthreep,Prostomatea,Placus,Placus_salinus
c8cd2c588e554f06f507e0e7397c8cb8,Eukaryota,Chlorophyta,Ulvophyceae,Ulvophyceae,Ulvophyceae,Ulvophyceae,Unassigned
a0d512e53aa2afc86127f99aae0031e1,Eukaryota,Diatomea,Coscinodiscophytina,Fragilariales,Fragilariales,Ulnaria,Synedra_angustissima
ed6c0a23ec0933d7c9bf2ef4c4f273a2,Eukaryota,Apicomplexa,Conoidasida,Gregarinasina,Unassigned,Unassigned,Unassigned
b2f74eedd6beec49c4c7ca40ecd79865,Eukaryota,Ochrophyta,Chrysophyceae,Ochromonadales,Ochromonadales,Ochromonas,Ochromonas_danica
b755441ddf1315b448fe1b3e20e325ea,Eukaryota,Ciliophora,Intramacronucleata,Spirotrichea,Hypotrichia,Hypotrichia,Pseudonotohymena_antarctica
da9ab438147e3bd048fdba4b0f13dd16,Eukaryota,Chlorophyta,Trebouxiophyceae,Trebouxiophyceae,Trebouxiophyceae,Trebouxiophyceae,Chloroidium_saccharophilum
ae651a3d7e8076a40eca5e300d00adbf,Eukaryota,Ciliophora,Intramacronucleata,Conthreep,Unassigned,Unassigned,Unassigned
ce10faaa390a525df465e43b1a55543f,Eukaryota,Cercozoa,Thecofilosea,Thecofilosea,Thecofilosea,Thecofilosea,metagenome
c57afca6ec27cb789caa87ee09689f64,Eukaryota,Ciliophora,Intramacronucleata,Conthreep,Oligohymenophorea,Peniculia,Lembadion_bullinum
cbbe5f95d9f1513840b6eedcb08baf22,Eukaryota,Ciliophora,Intramacronucleata,Conthreep,Nassophorea,Nassophorea,metagenome
e0a627947e3fec4e791203e4eb030d1b,Eukaryota,Ciliophora,Intramacronucleata,Litostomatea,Unassigned,Unassigned,Unassigned
a48f8c351ef5835e3979fba430a016fc,Eukaryota,Diatomea,Unassigned,Unassigned,Unassigned,Unassigned,Unassigned
d5a021aa05cec751e67afa4f365711aa,Eukaryota,Ciliophora,Postciliodesmatophora,Heterotrichea,Heterotrichea,Stentor,Stentor_roeselii
f671f3e126606241d6d1ac3f336cbc65,Eukaryota,Dinoflagellata,Dinophyceae,Unassigned,Unassigned,Unassigned,Unassigned
ba8bf515e17ed996170b8c6b5460563b,Eukaryota,Ochrophyta,Chrysophyceae,Ochromonadales,Ochromonadales,Paraphysomonas,eukaryotic_picoplankton
d13cadfd4f288cdbef5e98e55d0f472e,Eukaryota,Diatomea,Unassigned,Unassigned,Unassigned,Unassigned,Unassigned
b6ac39915ec4759f9976e8975c902f40,Eukaryota,Chlorophyta,Ulvophyceae,Ulvophyceae,Ulvophyceae,Ulvophyceae,Unassigned
fa8209b7b9b1a26b4ca14d31554ae332,Eukaryota,Ciliophora,Intramacronucleata,Unassigned,Unassigned,Unassigned,Unassigned
ce3866fa0a80298ea86a8b7750562589,Eukaryota,Chlorophyta,Ulvophyceae,Ulvophyceae,Ulvophyceae,Ulvophyceae,Hazenia_basiliensis
d3a07ca48be8dec40db3b7d9dcb0bc6e,Eukaryota,Centrohelida,Centrohelida,Centrohelida,Unassigned,Unassigned,Unassigned
efd0f8d046256eb2fe53b88b8907ea98,Eukaryota,Ciliophora,Postciliodesmatophora,Heterotrichea,Heterotrichea,Stentor,uncultured_ciliate
e915d1b984edd6e7166279b8cec629ba,Eukaryota,Apicomplexa,Conoidasida,Gregarinasina,Eugregarinorida,Ascogregarina,Unassigned
b5c85b9a77b255683b57ddd29e861810,Eukaryota,Apicomplexa,Conoidasida,Gregarinasina,Eugregarinorida,Monocystis,Monocystis_agilis
ad471dd30174ad15e046e67f126bb0f7,Eukaryota,Ochrophyta,Chrysophyceae,Unassigned,Unassigned,Unassigned,Unassigned
c15bc85040854accb12652e89bdcf5a8,Eukaryota,Ochrophyta,Eustigmatophyceae,Eustigmatales,Eustigmatales,Nannochloropsis,Unassigned
a3ee3c634e111cfe8d45105ae0dee106,Eukaryota,Euglenozoa,Kinetoplastea,Unassigned,Unassigned,Unassigned,Unassigned
d8b06a0e00d49e35a6318842d9df7bba,Eukaryota,Diatomea,Bacillariophyceae,Bacillariophyceae,Bacillariophyceae,Navicula,Navicula_sp.
d2d40f80cc2fbb4789fb76fefd2424fb,Eukaryota,Ciliophora,Intramacronucleata,Conthreep,Oligohymenophorea,Tetrahymena,Unassigned
e2db9dbe3956dcdc7f2e0f49767544af,Eukaryota,Ciliophora,Intramacronucleata,Conthreep,Colpodea,Unassigned,Unassigned
a1d54e20637d86b0befe0b8e7d42c4ba,Eukaryota,Ciliophora,Intramacronucleata,Spirotrichea,Hypotrichia,Unassigned,Unassigned
c266d4a1c98b797f97b3634f28f1cd48,Eukaryota,Ciliophora,Intramacronucleata,Conthreep,Oligohymenophorea,Unassigned,Unassigned
a802e9f67a53a4848a94772db176f569,Eukaryota,Euglenozoa,Kinetoplastea,Unassigned,Unassigned,Unassigned,Unassigned
cda9386a2b386c6610489d0bb2d80ab1,Eukaryota,Ciliophora,Postciliodesmatophora,Heterotrichea,Heterotrichea,Stentor,Stentor_roeselii
c829a82c789004738d73192822bad587,Eukaryota,Ciliophora,Intramacronucleata,Spirotrichea,Choreotrichia,Unassigned,Unassigned
f30de2f120425fd008965c52fdfbac5a,Eukaryota,Chlorophyta,Chlorophyceae,Sphaeropleales,Sphaeropleales,Mychonastes,uncultured_Chlorophyta
fad2fef050eff3d9ec325c5f6ec37407,Eukaryota,Ciliophora,Intramacronucleata,Conthreep,Phyllopharyngea,Tokophrya,Unassigned
cb0b5906a49ce013062d6c3245615016,Eukaryota,Ciliophora,Intramacronucleata,Spirotrichea,Hypotrichia,Unassigned,Unassigned
edace50cd2f5a238365dc7891956d8fb,Eukaryota,Ciliophora,Intramacronucleata,Spirotrichea,Hypotrichia,Hypotrichia,Holostichides_heterotypicus
f26613dc66e4cd68136d0ab9e509f050,Eukaryota,Ciliophora,Intramacronucleata,Conthreep,Oligohymenophorea,Tetrahymena,Tetrahymena_empidokyrea
b46fc3ec6a7fdc8d8413a53bbafec8ed,Eukaryota,Euglenozoa,Kinetoplastea,Neobodonida,Neobodonida,Rhynchomonas,Unassigned
a55c47973c9df53dffd8882890a6d26a,Eukaryota,Euglenozoa,Kinetoplastea,Unassigned,Unassigned,Unassigned,Unassigned
e05fc28d630e09b10eff36841b23edfd,Eukaryota,Ciliophora,Intramacronucleata,Conthreep,Oligohymenophorea,Unassigned,Unassigned
a9bece7911354ffe558413144130bb62,Eukaryota,Ciliophora,Intramacronucleata,Conthreep,Phyllopharyngea,Acineta,Acineta_tuberosa
d18137f8e442ae28ec883bde46d4c14f,Eukaryota,Diatomea,Bacillariophyceae,Bacillariophyceae,Bacillariophyceae,Sellaphora,Unassigned
c4fbc788ccc8e1acbd24b79e12c2cdf9,Eukaryota,Diatomea,Unassigned,Unassigned,Unassigned,Unassigned,Unassigned
aedcfd3ca568b93d5929f9c32344f741,Eukaryota,Cercozoa,Thecofilosea,Unassigned,Unassigned,Unassigned,Unassigned
ced30f77f3328315dcdd779ad8bb5cd8,Eukaryota,Ciliophora,Intramacronucleata,Conthreep,Unassigned,Unassigned,Unassigned
c0f5b13328f1ba234a4b73b18476eb05,Eukaryota,Ciliophora,Intramacronucleata,Conthreep,Colpodea,Colpodida,Bresslaua_vorax
c196e70179a2ce82cab5c6f2ea6a8d71,Eukaryota,Heterolobosea,Tetramitia,Tetramitia,Tetramitia,Allovahlkampfia,Plasmopara_viticola
d216f204e99185dac34cae3953f706e5,Eukaryota,Diatomea,Bacillariophyceae,Bacillariophyceae,Bacillariophyceae,Gomphonema,Unassigned
e60811d7580359e898c8f3fe7a4187fe,Eukaryota,Ciliophora,Intramacronucleata,Conthreep,Oligohymenophorea,Unassigned,Unassigned
fb1941afd55c05bbec4493e72274b339,Eukaryota,Ochrophyta,Chrysophyceae,Chromulinales,Chromulinales,Chrysochaete,Chrysochaete_britannica
ecd60d2ec9e0100f8dae67e789345e0a,Eukaryota,Ciliophora,Intramacronucleata,Spirotrichea,Hypotrichia,Hypotrichia,Unassigned
fc52675b0925a7f9bbd76273b588e2f8,Eukaryota,Diatomea,Unassigned,Unassigned,Unassigned,Unassigned,Unassigned
b7d07f3600897e064428de84747237b5,Eukaryota,Ochrophyta,Chrysophyceae,Chrysophyceae,Chrysophyceae,Chrysophyceae,Hydrurus_foetidus
e69ce218c58b96d2563cc1a9f5aac0b0,Eukaryota,Chlorophyta,Ulvophyceae,Ulvophyceae,Ulvophyceae,Ulvophyceae,Unassigned
e4558ba64468398e124c9bce75844d71,Eukaryota,Euglenozoa,Kinetoplastea,Unassigned,Unassigned,Unassigned,Unassigned
aa8aa0c1a4c58279382713aa43266703,Eukaryota,Euglenozoa,Kinetoplastea,Neobodonida,Neobodonida,Rhynchomonas,marine_metagenome
c54ec4219a6aee6466f0caaf2b2e568a,Eukaryota,Ciliophora,Intramacronucleata,Conthreep,Colpodea,Unassigned,Unassigned
e566aa492d72b4cabb27d1b04d548b26,Eukaryota,Cercozoa,Incertae_Sedis,Incertae_Sedis,Incertae_Sedis,Kraken,metagenome
b20e3b90a7819a11d70447fc6473df97,Eukaryota,Ciliophora,Postciliodesmatophora,Heterotrichea,Heterotrichea,Stentor,Stentor_roeselii
f134e2c480fb6991c17a7e03c62a4bd8,Eukaryota,Ciliophora,Intramacronucleata,Conthreep,Unassigned,Unassigned,Unassigned
f17aaeac58b0f7e45f5844dd6c4ee349,Eukaryota,Diatomea,Coscinodiscophytina,Coscinodiscophytina,Melosirids,Melosira,Melosira_varians
a48770219634f30a61c34a630460fc77,Eukaryota,Ochrophyta,Chrysophyceae,Ochromonadales,Ochromonadales,Paraphysomonas,eukaryotic_picoplankton
f82ba19dc9e1bc125be8578859e2d335,Eukaryota,Centrohelida,Centrohelida,Centrohelida,Unassigned,Unassigned,Unassigned
fef49abb8cdd0806ebdcbfb1a6afe56a,Eukaryota,Chlorophyta,Ulvophyceae,Ulvophyceae,Ulvophyceae,Ulvophyceae,Unassigned
aac0bc245c4e488a35c3a1c1c9a13965,Eukaryota,Ochrophyta,Chrysophyceae,Chrysophyceae,Chrysophyceae,Chrysophyceae,Unassigned
a395d5e1010022338f619c79f3c76085,Eukaryota,Cercozoa,Cercomonadidae,Cercomonadidae,Cercomonadidae,Paracercomonas,metagenome
f57c7dcdf26bbf7631079b7e1b543eaf,Eukaryota,Ciliophora,Intramacronucleata,Conthreep,Oligohymenophorea,Peritrichia,Ophrydium_versatile
caee5d9eff80ae8bf14987c38252f945,Eukaryota,Ochrophyta,Eustigmatophyceae,Eustigmatales,Eustigmatales,Nannochloropsis,Unassigned
cdf6832d52d83f21c2a9d5ffa400db0f,Eukaryota,Ciliophora,Intramacronucleata,Spirotrichea,Hypotrichia,Hypotrichia,Unassigned
abce41b2ea2aa995f8b4f5ef122dcae3,Eukaryota,Cercozoa,Unassigned,Unassigned,Unassigned,Unassigned,Unassigned
b06eef2a447bb5e0b6c48785fbe4320c,Eukaryota,Chlorophyta,Chlorophyceae,Chlorophyceae,Chlorophyceae,Chlorophyceae,Unassigned
e94151a264e436785067ff10fe5cc75f,Eukaryota,Cercozoa,Glissomonadida,Glissomonadida,Glissomonadida,uncultured,metagenome
bff857c55735a1969c0a26daf8220e2f,Eukaryota,Ciliophora,Intramacronucleata,Litostomatea,Mesodiniidae,Mesodiniidae,Mesodinium_pulex
e21dc0ac6002d5447dfe973fab08e064,Eukaryota,Heterolobosea,Tetramitia,Tetramitia,Tetramitia,Allovahlkampfia,Plasmopara_viticola
e3451e196ba705789a7500668fc80314,Eukaryota,Bicosoecida,Bicosoecida,Bicosoecida,Bicosoecida,Bicosoeca,uncultured_stramenopile
eb463f0d85c7803ebd78e402924836ba,Eukaryota,Euglenozoa,Kinetoplastea,Prokinetoplastina,Prokinetoplastina,Ichthyobodo,Ichthyobodo_necator
bd68dab60504e4f1861f14019f97e059,Eukaryota,Ochrophyta,Chrysophyceae,Chromulinales,Chromulinales,Chrysochaete,Chrysochaete_britannica
b22e07bb0f15a0b614ef237ed724d9ea,Eukaryota,Ciliophora,Intramacronucleata,Litostomatea,Mesodiniidae,Mesodiniidae,Mesodinium_pulex
ab37adc29b8d998044525e8c8d366f3a,Eukaryota,Ciliophora,Intramacronucleata,Conthreep,Oligohymenophorea,Scuticociliatia,Unassigned
f44af249ee2ac997215c4856e6bd9310,Eukaryota,Ochrophyta,Chrysophyceae,Unassigned,Unassigned,Unassigned,Unassigned
ba0b76189fe53f5016875212eb4d2634,Eukaryota,Ochrophyta,Chrysophyceae,Unassigned,Unassigned,Unassigned,Unassigned
cce45b8c102e2d38ed02c8fb81e1cd06,Eukaryota,Ciliophora,Intramacronucleata,Litostomatea,Unassigned,Unassigned,Unassigned
fe8c24ee7ebcd21ee29630dae7bad6f1,Eukaryota,Chlorophyta,Chlorophyceae,Sphaeropleales,Sphaeropleales,Mychonastes,uncultured_Chlorophyta
c874e1dc946c8a0caaf2b218664b04b3,Eukaryota,Apicomplexa,Conoidasida,Gregarinasina,Eugregarinorida,Ascogregarina,Unassigned
ade3f46cf9d3e93ecdf3adf4c60b7312,Eukaryota,Ciliophora,Intramacronucleata,Conthreep,Oligohymenophorea,Unassigned,Unassigned
d259883593d81489c356e93ef8bdc5f7,Eukaryota,Ciliophora,Intramacronucleata,Spirotrichea,Choreotrichia,Unassigned,Unassigned
b008d994a4496b1c143f86fb9bbc7dfe,Eukaryota,Chlorophyta,Chlorophyceae,Sphaeropleales,Sphaeropleales,Mychonastes,uncultured_Chlorophyta
d8f34748080cede0ceb24c93e9bf7ac4,Eukaryota,Ciliophora,Intramacronucleata,Conthreep,Oligohymenophorea,Unassigned,Unassigned
ebe7d8fb0ec8dcda8399aae80edd425c,Eukaryota,Cercozoa,Novel_Clade_Gran-3,Novel_Clade_Gran-3,Novel_Clade_Gran-3,Novel_Clade_Gran-3,uncultured_freshwater
aa9bc23b0337fe839529f05cd6770bad,Eukaryota,Apicomplexa,Conoidasida,Gregarinasina,Eugregarinorida,Ascogregarina,Unassigned
da035dc68b1274f869f671178c757d11,Eukaryota,Ciliophora,Intramacronucleata,Conthreep,Oligohymenophorea,Unassigned,Unassigned
aeaa598fe480508915ebefdbf1967f00,Eukaryota,Cercozoa,Vampyrellidae,Vampyrellidae,Vampyrellidae,Vampyrellidae,Cercozoa_sp.
d4dfca357ef79bab176e68b1f17741b6,Eukaryota,Diatomea,Bacillariophyceae,Bacillariophyceae,Bacillariophyceae,Navicula,Navicula_phyllepta
b99a5574343df5e42ca16b8ff0f28c0b,Eukaryota,Chlorophyta,Ulvophyceae,Ulvophyceae,Ulvophyceae,Ulvophyceae,Unassigned
ce067605c058a768ffec55befdaf2083,Eukaryota,Diatomea,Coscinodiscophytina,Coscinodiscophytina,Melosirids,Aulacoseira,Unassigned
d1a3529f448f36a60ee54c87227e1ac4,Eukaryota,Dinoflagellata,Dinophyceae,Peridiniphycidae,Thoracosphaeraceae,Unassigned,Unassigned
e6b1bca0c074bd4f6d689f84f7bc7d28,Eukaryota,Diatomea,Bacillariophyceae,Bacillariophyceae,Bacillariophyceae,Unassigned,Unassigned
ad313e6e4062adb447a23bb74940c0c2,Eukaryota,Ciliophora,Intramacronucleata,Conthreep,Oligohymenophorea,Tetrahymena,Unassigned
e19d18be2e78219bbc97943b09824420,Eukaryota,Euglenozoa,Kinetoplastea,Neobodonida,Neobodonida,Neobodonida,Rhynchobodo_sp.
f9342a2c352d48629c565bb6a756b185,Eukaryota,Cercozoa,Cercomonadidae,Cercomonadidae,Cercomonadidae,Paracercomonas,Unassigned
d709eb491b167163da90c2acf1b150f5,Eukaryota,Ochrophyta,Chrysophyceae,Chrysophyceae,Chrysophyceae,Chrysophyceae,Unassigned
b15029b12012d8f70db4d26b4523aa2e,Eukaryota,Ciliophora,Postciliodesmatophora,Heterotrichea,Heterotrichea,Stentor,Stentor_roeselii
a89f4bbfa6adeb7ff5f8d3b5b07791b5,Eukaryota,Diatomea,Bacillariophyceae,Bacillariophyceae,Bacillariophyceae,Navicula,Navicula_phyllepta
e8513b987ba0e94a4cd6e9552090eb2e,Eukaryota,Euglenozoa,Kinetoplastea,Prokinetoplastina,Prokinetoplastina,Ichthyobodo,Ichthyobodo_necator
c6ccabf21d61933800c25de86a7e93e3,Eukaryota,Cercozoa,Cercomonadidae,Cercomonadidae,Cercomonadidae,Unassigned,Unassigned
b3ff42f6c202d773753188118261a40b,Eukaryota,Ciliophora,Intramacronucleata,Spirotrichea,Hypotrichia,Unassigned,Unassigned
d74780dd8a6dfcbbe4ffac0ab7e8a2a9,Eukaryota,Ciliophora,Intramacronucleata,Spirotrichea,Choreotrichia,Tintinnidium,Unassigned
f5c57b09a759800729e3ff1f86adc747,Eukaryota,Ciliophora,Intramacronucleata,Conthreep,Oligohymenophorea,Dexiotricha,Dexiotricha_elliptica
c501fb0ee323aa0dc75c8c8a11f5229b,Eukaryota,Cercozoa,Thecofilosea,Cryomonadida,Unassigned,Unassigned,Unassigned
ea595d1dd313e0da90ba51ee9d0d7f40,Eukaryota,Ochrophyta,Eustigmatophyceae,Eustigmatales,Eustigmatales,Nannochloropsis,Unassigned
a041f95e67f8fe2c2f4820c763c50ca2,Eukaryota,Apicomplexa,Conoidasida,Gregarinasina,Eugregarinorida,Gregarina,Enterocystis_dorypterygis
f5836ffd9915acc1947bcba174392b66,Eukaryota,Ciliophora,Intramacronucleata,Spirotrichea,Hypotrichia,Unassigned,Unassigned
f56d64229d3f3c53ed91aed26610002a,Eukaryota,Ochrophyta,Chrysophyceae,Chromulinales,Chromulinales,Chrysochaete,Chrysochaete_britannica
b3001c90fb5c0d495e6069c5dcc17e29,Eukaryota,Ciliophora,Intramacronucleata,Conthreep,Oligohymenophorea,Peritrichia,Carchesium_polypinum
b40aae8e8931365a388d7155f8c3a533,Eukaryota,Ciliophora,Unassigned,Unassigned,Unassigned,Unassigned,Unassigned
d97e3e986c81d7038535bc178d2386ce,Eukaryota,Ciliophora,Intramacronucleata,Spirotrichea,Hypotrichia,Hypotrichia,Unassigned
c270702ace63903f420ef5a6169e5132,Eukaryota,Dinoflagellata,Dinophyceae,Unassigned,Unassigned,Unassigned,Unassigned
ed6b89d574178fe9b2abed37a1d16da4,Eukaryota,Ochrophyta,Chrysophyceae,Ochromonadales,Ochromonadales,Paraphysomonas,eukaryotic_picoplankton
c74dd973ab3aa73e8c81c6589574283c,Eukaryota,Ciliophora,Intramacronucleata,Litostomatea,Haptoria,Unassigned,Unassigned
fb68122418cdd5cc44b6e3717c9c7e6d,Eukaryota,Ciliophora,Intramacronucleata,Litostomatea,Haptoria,Litonotus,Litonotus_sp.
c26f724f4402ee1ab4e6983a3e6b0469,Eukaryota,Ciliophora,Intramacronucleata,Conthreep,Oligohymenophorea,Zoothamnium,Unassigned
a159672f6d26062aafc11909a228b031,Eukaryota,Ciliophora,Intramacronucleata,Spirotrichea,Hypotrichia,Hypotrichia,Pseudonotohymena_antarctica
eab194a6b65eaced409d57a6ba7a41b4,Eukaryota,Cercozoa,Thecofilosea,Thecofilosea,Thecofilosea,Thecofilosea,metagenome
d562a98e5aeebe84c242f98b127c30d4,Eukaryota,Ciliophora,Intramacronucleata,Spirotrichea,Hypotrichia,Unassigned,Unassigned
f2388211bdf70e862fe3eb442d284688,Eukaryota,Ciliophora,Intramacronucleata,Litostomatea,Haptoria,Didinium,Fuscheria_nodosa
b58339f2a08782920a204b9a77588f80,Eukaryota,Ciliophora,Intramacronucleata,Conthreep,Oligohymenophorea,Unassigned,Unassigned
ba2e2bb16726f9935bd209056c8db5b9,Eukaryota,Ciliophora,Postciliodesmatophora,Heterotrichea,Heterotrichea,Stentor,Stentor_roeselii
e6472e0a510c6cd41e416b63b4d4cfe4,Eukaryota,Cercozoa,Incertae_Sedis,Incertae_Sedis,Incertae_Sedis,Gymnophrys,uncultured_eukaryote
ee1d405c36a0cbb5ad26f9abda85ff87,Eukaryota,Ochrophyta,Chrysophyceae,Unassigned,Unassigned,Unassigned,Unassigned
f33b5ff551a134e34b8d8dc1ecf41ee4,Eukaryota,Cryptophyceae,Cryptophyceae,Cryptomonadales,Cryptomonadales,Unassigned,Unassigned
c2aaeb93eaa0ac0e08cf13fbad8a12b4,Eukaryota,Ochrophyta,Chrysophyceae,Unassigned,Unassigned,Unassigned,Unassigned
ea569a640cd89bd1c3d5ea46932c8f0e,Eukaryota,Ochrophyta,Chrysophyceae,Ochromonadales,Ochromonadales,Paraphysomonas,eukaryotic_picoplankton
c1985368e84a00eacd39dabc62bca679,Eukaryota,Cercozoa,Incertae_Sedis,Incertae_Sedis,Incertae_Sedis,Gymnophrys,uncultured_eukaryote
a8452682a8a9105f566824294f26fcd0,Eukaryota,Euglenozoa,Kinetoplastea,Prokinetoplastina,Prokinetoplastina,Ichthyobodo,Ichthyobodo_necator
dcaa26932e052d3c9766b05b173e80b2,Eukaryota,Euglenozoa,Kinetoplastea,Unassigned,Unassigned,Unassigned,Unassigned
a0ba41e53b175848953bd0f171916884,Eukaryota,Amoebozoa,Discosea,Dactylopodida,Dactylopodida,Korotnevella,uncultured_eukaryote
a193db3488c154ea88df473c924b6993,Eukaryota,Euglenozoa,Euglenida,Euglenophyceae,Unassigned,Unassigned,Unassigned
f62f1f653e882cf2e9d17c074684626b,Eukaryota,Euglenozoa,Kinetoplastea,Unassigned,Unassigned,Unassigned,Unassigned
af9936d486cdfd6a4ec0b6cea1697888,Eukaryota,Ciliophora,Intramacronucleata,Spirotrichea,Hypotrichia,Hypotrichia,Holostichides_heterotypicus
af5c822c48d780dfe96940a501b09bfb,Eukaryota,Ochrophyta,Chrysophyceae,Chromulinales,Chromulinales,Chrysochaete,Chrysochaete_britannica
acb0f8724c7d144450872b953ae4fc5a,Eukaryota,Ciliophora,Postciliodesmatophora,Heterotrichea,Heterotrichea,Stentor,Stentor_roeselii
d52a66ef882c051edda50e76ba5b5379,Eukaryota,Euglenozoa,Kinetoplastea,Unassigned,Unassigned,Unassigned,Unassigned
cd3acf0d391a901cf49498c79c736b8d,Eukaryota,Ciliophora,Intramacronucleata,Conthreep,Oligohymenophorea,Unassigned,Unassigned
b0926ad2fd5ae287fc1bd4c0aa6d7a67,Eukaryota,Ochrophyta,Chrysophyceae,Unassigned,Unassigned,Unassigned,Unassigned
afdd2fc87b44660087218dfced3b4ca3,Eukaryota,Euglenozoa,Euglenida,Heteronematina,Heteronematina,Petalomonas,Petalomonas_cantuscygni
fc871e572da46dde4bec7c3b6146365f,Eukaryota,Diatomea,Coscinodiscophytina,Fragilariales,Fragilariales,Ulnaria,Synedra_angustissima
b7cab4471ed00aca834859bb73ec8f59,Eukaryota,Ochrophyta,Chrysophyceae,Chrysophyceae,Chrysophyceae,Chrysophyceae,Hydrurus_foetidus
b20d7214ff27f4c34967a447e58a2950,Eukaryota,Diatomea,Coscinodiscophytina,Fragilariales,Fragilariales,Fragilaria,Unassigned
ea29fbeb32528240dca302e6068f98cb,Eukaryota,Ciliophora,Intramacronucleata,Spirotrichea,Hypotrichia,Unassigned,Unassigned
b292b320298c926da9128f9d7944d102,Eukaryota,Ciliophora,Intramacronucleata,Conthreep,Colpodea,Unassigned,Unassigned
cf99d60c3a6ac9f4ce865e1527316e24,Eukaryota,Euglenozoa,Kinetoplastea,Prokinetoplastina,Prokinetoplastina,Ichthyobodo,Ichthyobodo_necator
a9f4ba927962989463ed44ee45966920,Eukaryota,Ciliophora,Intramacronucleata,Litostomatea,Haptoria,Unassigned,Unassigned
e94b8b91c2e9f37f7a850ce7c1c15708,Eukaryota,Ciliophora,Intramacronucleata,Litostomatea,Unassigned,Unassigned,Unassigned
a67564e648892a8d41a1bf6eebf57a86,Eukaryota,Ciliophora,Intramacronucleata,Conthreep,Oligohymenophorea,Peritrichia,Ophrydium_versatile
b01b96ff5cc469df808f45fa0432b987,Eukaryota,Centrohelida,Centrohelida,Centrohelida,Unassigned,Unassigned,Unassigned
ebb8117fe7a876267c28d0b966dc7bec,Eukaryota,Diatomea,Unassigned,Unassigned,Unassigned,Unassigned,Unassigned
e768b1031f05e3a5477491f4de897da2,Eukaryota,Euglenozoa,Kinetoplastea,Neobodonida,Neobodonida,Rhynchomonas,marine_metagenome
c328ffc4e0b404195ae54ab225bcc74d,Eukaryota,Dinoflagellata,Dinophyceae,Unassigned,Unassigned,Unassigned,Unassigned
a9622566f3911b817681610b7d2e87a9,Eukaryota,Ochrophyta,Chrysophyceae,Chromulinales,Chromulinales,Chrysochaete,Chrysochaete_britannica
a1c002a74025eb651aaf5ee7750026c4,Eukaryota,Ciliophora,Postciliodesmatophora,Heterotrichea,Heterotrichea,Stentor,Stentor_roeselii
a13a913e14a11fbc6799f09c4ff48e5e,Eukaryota,Ochrophyta,Chrysophyceae,Unassigned,Unassigned,Unassigned,Unassigned
eb5bccd105057ffd79c273a64deabcf8,Eukaryota,Ciliophora,Intramacronucleata,Unassigned,Unassigned,Unassigned,Unassigned
ecf0c060cea2c89958a1394d93b3856f,Eukaryota,Chlorophyta,Ulvophyceae,Ulvophyceae,Ulvophyceae,Ulvophyceae,Unassigned
a2dfec489c0eabe7b5552d61c6fe8ba9,Eukaryota,Centrohelida,Centrohelida,Centrohelida,Acanthocystidae,Pterocystis,Unassigned
bed1c927316d90261db914d8aad3ca11,Eukaryota,Euglenozoa,Kinetoplastea,Neobodonida,Neobodonida,Rhynchomonas,marine_metagenome
d8e0b421e01fed730d59b518fd1a8bf6,Eukaryota,Cercozoa,Vampyrellidae,Vampyrellidae,Vampyrellidae,Vampyrellidae,Cercozoa_sp.
bc03ae88837fce9d57355d72d872ea5c,Eukaryota,Amoebozoa,Discosea,Vannellida,Vannellida,Vannella,Amoebozoa_sp.
cf2b1a1fd5a4186e175bb7a819e970a8,Eukaryota,Ciliophora,Intramacronucleata,Conthreep,Phyllopharyngea,Tokophrya,Unassigned
ec06ed9af9b646582b36a1c4d3a744fe,Eukaryota,Cercozoa,Cercomonadidae,Cercomonadidae,Cercomonadidae,Cercomonas,Cercomonas_jendrali
da1ecc3424cf400853e1d1174ab18a55,Eukaryota,Cercozoa,Unassigned,Unassigned,Unassigned,Unassigned,Unassigned
a2b432de81fec45a1b1d8e5d49ace56e,Eukaryota,Apicomplexa,Conoidasida,Gregarinasina,Eugregarinorida,Eugregarinorida,Apicomplexa_sp.
e123362a4e07e4333442dde241c81fe2,Eukaryota,Euglenozoa,Kinetoplastea,Unassigned,Unassigned,Unassigned,Unassigned
e602d3494256ec284023d7d0712452b8,Eukaryota,Euglenozoa,Kinetoplastea,Unassigned,Unassigned,Unassigned,Unassigned
acad8b2f875d19aa68cfc871f0a65ec9,Eukaryota,Ochrophyta,Eustigmatophyceae,Eustigmatales,Eustigmatales,Nannochloropsis,Unassigned
d3933e6eadc8f267d261d9e0f35b8ebb,Eukaryota,Cercozoa,Thecofilosea,Cryomonadida,Unassigned,Unassigned,Unassigned
c4adcdf7ecd21bb48d70234395ac2e58,Eukaryota,Ciliophora,Intramacronucleata,Conthreep,Oligohymenophorea,Unassigned,Unassigned
cf85c7181b41591d66d70d140182a008,Eukaryota,Ciliophora,Intramacronucleata,Litostomatea,Unassigned,Unassigned,Unassigned
db1e41dc292ec8e26e685b717d83adde,Eukaryota,Euglenozoa,Euglenida,Euglenophyceae,Unassigned,Unassigned,Unassigned
b4f3b0e496383644190c02f2f46415fa,Eukaryota,Ciliophora,Intramacronucleata,Litostomatea,Haptoria,Unassigned,Unassigned
eb34679fd59cb9000157b9e100ec988e,Eukaryota,Ciliophora,Intramacronucleata,Spirotrichea,Hypotrichia,Unassigned,Unassigned
c3ac818361dbdb386d450803e0530c5f,Eukaryota,Ciliophora,Postciliodesmatophora,Heterotrichea,Heterotrichea,Stentor,Stentor_roeselii
df7591eb866edd84653bf3bb8f913b1a,Eukaryota,Ciliophora,Intramacronucleata,Conthreep,Phyllopharyngea,Cyrtophoria,metagenome
e2843279cba4af6cd2e64b3ab6bacc56,Eukaryota,Ciliophora,Intramacronucleata,Conthreep,Oligohymenophorea,Peritrichia,Ophrydium_versatile
a21be1cc5e06e02a7859d6e9e87c3542,Eukaryota,Euglenozoa,Kinetoplastea,Unassigned,Unassigned,Unassigned,Unassigned
a919ed29c11eb31625496b6b316d7153,Eukaryota,Cercozoa,Vampyrellidae,Vampyrellidae,Vampyrellidae,Vampyrellidae,Cercozoa_sp.
dbf913b816a2cc5d587a3c5029889c84,Eukaryota,Chlorophyta,Chlorophyceae,Chlorophyceae,Chlorophyceae,Chlorophyceae,Scenedesmus_armatus
a8120bbc372e1ff27ad9a993780ad955,Eukaryota,Cercozoa,Imbricatea,Imbricatea,Thaumatomonadida,Thaumatomonas,Thaumatomonas_sp.
ada4cb96791ec6c44252213708660d2e,Eukaryota,Ciliophora,Intramacronucleata,Litostomatea,Haptoria,Hemiophrys,Unassigned
bbbf0ce2e6fadfb38cbbf24980113056,Eukaryota,Apicomplexa,Conoidasida,Gregarinasina,Eugregarinorida,Unassigned,Unassigned
cbc5059a11b74855c221f77c21aa47a8,Eukaryota,Chlorophyta,Ulvophyceae,Ulvophyceae,Ulvophyceae,Ulvophyceae,Unassigned
a89f543eef8caa319facd9fa644eb75e,Eukaryota,Ciliophora,Intramacronucleata,Spirotrichea,Hypotrichia,Unassigned,Unassigned
c569328cd08d27781e5182a26dbd592a,Eukaryota,Chlorophyta,Chlorophyceae,Chlorophyceae,Chlorophyceae,Chlorophyceae,Stigeoclonium_farctum
b69ba6c4aced098b7b98b4f532b30b8c,Eukaryota,Ciliophora,Postciliodesmatophora,Heterotrichea,Heterotrichea,Stentor,Stentor_roeselii
cf311b46b63d879826a368cb3dd57102,Eukaryota,Apicomplexa,Conoidasida,Unassigned,Unassigned,Unassigned,Unassigned
e11691102f05da60399c9185710beeca,Eukaryota,Ciliophora,Intramacronucleata,Spirotrichea,Hypotrichia,Unassigned,Unassigned
d6af07371561889201bcdc71b7023eac,Eukaryota,Ochrophyta,Chrysophyceae,Chromulinales,Chromulinales,Chrysochaete,Chrysochaete_britannica
bc8555165c43a1c8fc54e54f0d562846,Eukaryota,Chlorophyta,Chlorophyceae,Sphaeropleales,Sphaeropleales,Mychonastes,uncultured_Chlorophyta
e9055f8a976b4b19f00ebbe5c643d786,Eukaryota,Ciliophora,Intramacronucleata,Litostomatea,Haptoria,Loxophyllum,Unassigned
cfaf8a71b0c4d7c7b1cb82cbde1bb50f,Eukaryota,Apicomplexa,Conoidasida,Gregarinasina,Eugregarinorida,Ascogregarina,Unassigned
d68c7e624c6ac015b535df8c229c5a5e,Eukaryota,Chlorophyta,Chlorophyceae,Unassigned,Unassigned,Unassigned,Unassigned
b984e61b825ba03b14a3783d6639dd97,Eukaryota,Diatomea,Bacillariophyceae,Bacillariophyceae,Bacillariophyceae,Navicula,Unassigned
e10676aaa932f35238e86d20e34a441c,Eukaryota,Ciliophora,Intramacronucleata,Conthreep,Oligohymenophorea,Peritrichia,Ophrydium_versatile
c9c07a49a677d759f94cb47eadbef6ec,Eukaryota,Cercozoa,Cercomonadidae,Cercomonadidae,Cercomonadidae,Paracercomonas,Unassigned
c4fc2d8c618492aa5ce347bba81a6183,Eukaryota,Ciliophora,Intramacronucleata,Litostomatea,Haptoria,Unassigned,Unassigned
e52c4fa2cb41e585a6268af7789468d4,Eukaryota,Ochrophyta,Chrysophyceae,P34.45,P34.45,P34.45,eukaryotic_picoplankton
ec1356bea1d3fdfb9247202e35dafa7e,Eukaryota,Euglenozoa,Kinetoplastea,Unassigned,Unassigned,Unassigned,Unassigned
aa9d83b237bf3fbd8ff66ae339072812,Eukaryota,Ochrophyta,Eustigmatophyceae,Eustigmatales,Eustigmatales,Nannochloropsis,Unassigned
f85ec1f61ab812fc127e1850b08907d7,Eukaryota,Cercozoa,Phytomyxea,Phytomyxea,Phytomyxea,Polymyxa,Polymyxa_graminis
b5a3a5a085fd438c9a629c99d11bcf4a,Eukaryota,Euglenozoa,Kinetoplastea,Prokinetoplastina,Prokinetoplastina,Ichthyobodo,Ichthyobodo_necator
dfb1e59829026799f7dad56aacfedc52,Eukaryota,Ochrophyta,Chrysophyceae,Unassigned,Unassigned,Unassigned,Unassigned
c8114e2d9c91f820773c93d2404b1f1b,Eukaryota,Ochrophyta,Eustigmatophyceae,Eustigmatales,Eustigmatales,Nannochloropsis,Unassigned
ae54ab0ef824845101dee00c4550b574,Eukaryota,Cercozoa,Cercomonadidae,Cercomonadidae,Cercomonadidae,Paracercomonas,metagenome
bd7204ed9fa9f67927a3aca7d96e7dcf,Eukaryota,Ciliophora,Intramacronucleata,Spirotrichea,Hypotrichia,Hypotrichia,Unassigned
a40a7b27f6337db871fde626addd3326,Eukaryota,Ciliophora,Intramacronucleata,Conthreep,Oligohymenophorea,Tetrahymena,Unassigned
f37a6509990d6bd684637082d97a61be,Eukaryota,Ciliophora,Intramacronucleata,Conthreep,Oligohymenophorea,Paramecium,Unassigned
a6241c0b06f5e767b773bbe7c9055229,Eukaryota,Ochrophyta,Eustigmatophyceae,Eustigmatales,Eustigmatales,Nannochloropsis,Unassigned
db490045a81b59a7bc7e71e6e3a1de67,Eukaryota,Ciliophora,Intramacronucleata,Spirotrichea,Hypotrichia,Unassigned,Unassigned
a4f78b10f4e3eacfd761c355b782d721,Eukaryota,Amoebozoa,Discosea,Discosea,Discosea,Discosea,metagenome
a2dddf7b57daaa203c67cfb50212cea3,Eukaryota,Ciliophora,Intramacronucleata,Litostomatea,Haptoria,Didinium,Unassigned
af41941aeab0a640b81d6169393324b7,Eukaryota,Ciliophora,Intramacronucleata,Conthreep,Unassigned,Unassigned,Unassigned
e05febd183e64508408de1c1052d7a94,Eukaryota,Chlorophyta,Chlorophyceae,Chlorophyceae,Chlorophyceae,Chlorophyceae,Stigeoclonium_farctum
c8b6f793d7ff82988da8bfb9c6b3295e,Eukaryota,Apicomplexa,Conoidasida,Gregarinasina,Unassigned,Unassigned,Unassigned
c56223bdfad734c31b94ea407483c2ce,Eukaryota,Ciliophora,Postciliodesmatophora,Heterotrichea,Heterotrichea,Stentor,Stentor_roeselii
a1b2351c7878d8c3eda84ea4c724bf54,Eukaryota,Ochrophyta,Chrysophyceae,Unassigned,Unassigned,Unassigned,Unassigned
b06b1d51e556e5e784b7a2fb8269c577,Eukaryota,Chlorophyta,Ulvophyceae,Ulvophyceae,Ulvophyceae,Ulvophyceae,Unassigned
d8a8682cbcb5c82bd3eb0fb460c069bc,Eukaryota,Ochrophyta,Chrysophyceae,Chrysophyceae,Chrysophyceae,Chrysophyceae,Hydrurus_foetidus
c9242bce6ec8a10f5dfa4e8cc928f47d,Eukaryota,Ochrophyta,Chrysophyceae,Chromulinales,Chromulinales,Poteriospumella,Unassigned
c0edc177685892d77ba034be79f17674,Eukaryota,Chlorophyta,Trebouxiophyceae,Trebouxiophyceae,Trebouxiophyceae,Trebouxiophyceae,Spongiococcum_tetrasporum
b13e6f8b19829087872ad8f9f5c851d4,Eukaryota,Euglenozoa,Kinetoplastea,Unassigned,Unassigned,Unassigned,Unassigned
f6e944bbe8a423b693d3b6f3d1e0e190,Eukaryota,Chlorophyta,Trebouxiophyceae,Trebouxiophyceae,Trebouxiophyceae,Trebouxiophyceae,Chloroidium_saccharophilum
baa6985ca56165e01eef44c0361c3274,Eukaryota,Cercozoa,Cercomonadidae,Cercomonadidae,Cercomonadidae,Cercomonas,Cercomonas_pellucida
e766b831fce380d9b40f17c8f2eef5a3,Eukaryota,Centrohelida,Centrohelida,Centrohelida,Unassigned,Unassigned,Unassigned
cecf61779855f37460691e0ecb914bbb,Eukaryota,Ochrophyta,Dictyochophyceae,Pedinellales,Pedinellales,Pteridomonas,Pteridomonas_danica
dcb1f12ad72e97abf9d4353eed896fa5,Eukaryota,Ochrophyta,Chrysophyceae,Chromulinales,Chromulinales,Chrysochaete,Chrysochaete_britannica
b0b2de994f08fd1b45fcf6dfb820ad0e,Eukaryota,Ochrophyta,Chrysophyceae,Unassigned,Unassigned,Unassigned,Unassigned
ee555528e7a7a94004deb4133cc8e044,Eukaryota,Cercozoa,uncultured,uncultured,uncultured,uncultured,uncultured_Cercozoa
b287ab74ded4ea3bd1cb43ca02892c63,Eukaryota,Florideophycidae,Nemaliophycidae,Nemaliophycidae,Nemaliophycidae,Nemaliophycidae,Nothocladus_nodosus
c592f2b67736771c0e20d7555e366312,Eukaryota,Apicomplexa,Conoidasida,Gregarinasina,Eugregarinorida,Unassigned,Unassigned
d06f914419512035334d2893b4dc9f4a,Eukaryota,Diatomea,Bacillariophyceae,Bacillariophyceae,Bacillariophyceae,Unassigned,Unassigned
dcf676d088217b1ccd356fd42ae96b52,Eukaryota,Euglenozoa,Kinetoplastea,Unassigned,Unassigned,Unassigned,Unassigned
b792f3c932e860895cf397591c1455af,Eukaryota,Ochrophyta,Unassigned,Unassigned,Unassigned,Unassigned,Unassigned
a5d94d247c6e0eda2059825ffe9dc91b,Eukaryota,Euglenozoa,Kinetoplastea,Prokinetoplastina,Prokinetoplastina,Ichthyobodo,Ichthyobodo_necator
a60fcf20d887779a8ab57c9304fa7865,Eukaryota,Ciliophora,Intramacronucleata,Litostomatea,Unassigned,Unassigned,Unassigned
d51ee7261e0365a90cf2ecde0c831a78,Eukaryota,Euglenozoa,Kinetoplastea,Trypanosomatida,Trypanosomatida,Unassigned,Unassigned
bb839f72de08bf18e67a5d4456ce5a3c,Eukaryota,Chlorophyta,Chlorophyceae,Chlorophyceae,Chlorophyceae,Chlorophyceae,Unassigned
dba128b3328472bb0373da3d656289ed,Eukaryota,Cercozoa,Vampyrellidae,Vampyrellidae,Vampyrellidae,Vampyrellidae,Cercozoa_sp.
ead4d033d0bc5a4712f5ac01c894991b,Eukaryota,Diatomea,Unassigned,Unassigned,Unassigned,Unassigned,Unassigned
e8e7801c055b894fa6591e5e9836747e,Eukaryota,Ochrophyta,Chrysophyceae,Unassigned,Unassigned,Unassigned,Unassigned
e137c7a94afcc5af433a6567ab9caf8e,Eukaryota,Chlorophyta,Trebouxiophyceae,Trebouxiophyceae,Trebouxiophyceae,Trebouxiophyceae,Unassigned
db8da8dce377430ca609c70db9b4b657,Eukaryota,Amoebozoa,Tubulinea,Arcellinida,Arcellinida,Arcellinida,metagenome
cd5d22ebfc43e55685176da1c6cd0c3f,Eukaryota,Ciliophora,Intramacronucleata,Conthreep,Unassigned,Unassigned,Unassigned
d494a5431024840346643f83006efcfe,Eukaryota,Ciliophora,Intramacronucleata,Conthreep,Prostomatea,Prorodon,Prorodon_teres
a6c02d237b953ba0b4b08342bab6560f,Eukaryota,Apicomplexa,Conoidasida,Gregarinasina,Unassigned,Unassigned,Unassigned
da52a38e13a77ab78886dca7f6975949,Eukaryota,Ciliophora,Intramacronucleata,Litostomatea,Haptoria,Unassigned,Unassigned
a1b4e30224a6d7e55b6aad3cdb0552cd,Eukaryota,Ochrophyta,Chrysophyceae,Ochromonadales,Ochromonadales,Paraphysomonas,eukaryotic_picoplankton
fc156a3ed676483a50b8a2d701d1375a,Eukaryota,Ciliophora,Intramacronucleata,Unassigned,Unassigned,Unassigned,Unassigned
f8f84c0fca8198e9ec70f238daa557f0,Eukaryota,Amoebozoa,Tubulinea,Euamoebida,Euamoebida,Euamoebida,Hartmannella_cantabrigiensis
ce5af361d023489b53e919801038519a,Eukaryota,Diatomea,Unassigned,Unassigned,Unassigned,Unassigned,Unassigned
bec6d36538043251f11cc5008a297d9e,Eukaryota,Cercozoa,Phytomyxea,Phytomyxea,Phytomyxea,Polymyxa,Polymyxa_graminis
fdc50a5df2d298c0536f966a660b710f,Eukaryota,Ochrophyta,Chrysophyceae,Unassigned,Unassigned,Unassigned,Unassigned
f970b963be8a6362084c920c1c3d04e9,Eukaryota,Ochrophyta,Chrysophyceae,Unassigned,Unassigned,Unassigned,Unassigned
decbeb20d5a186e087a5f30581a8281c,Eukaryota,Ciliophora,Intramacronucleata,Spirotrichea,Choreotrichia,Unassigned,Unassigned
e5c96fb06814ecf1ccdf67e4031284a2,Eukaryota,Ciliophora,Intramacronucleata,Conthreep,Unassigned,Unassigned,Unassigned
f8b8c5cffeec81ad4eb699000cc90a7e,Eukaryota,Bicosoecida,Bicosoecida,Bicosoecida,Bicosoecida,Bicosoeca,uncultured_stramenopile
edf2845510a5596099f7759148cd43b2,Eukaryota,Cercozoa,Thecofilosea,Incertae_Sedis,Incertae_Sedis,Unassigned,Unassigned
ecd2f477499c14cca5e09d00d7fff652,Eukaryota,Euglenozoa,Kinetoplastea,Prokinetoplastina,Prokinetoplastina,Ichthyobodo,Ichthyobodo_necator
d5f6959057f3b8ca54ebc697e340f134,Eukaryota,Centrohelida,Centrohelida,Centrohelida,Unassigned,Unassigned,Unassigned
eefd70812f3a916c0ba4996ffbc2a85f,Eukaryota,Diatomea,Bacillariophyceae,Bacillariophyceae,Bacillariophyceae,Gomphonema,Unassigned
a85e59fde3384705336eaea63a996c28,Eukaryota,Bicosoecida,uncultured,uncultured,uncultured,uncultured,uncultured_eukaryote
d175dc65bc8d8f86dccc8327e538282a,Eukaryota,Chlorophyta,Chlorophyceae,Chlorophyceae,Chlorophyceae,Chlorophyceae,Chlorococcum_isabeliense
c4e148086434475fc3f92f508600916f,Eukaryota,Ciliophora,Intramacronucleata,Litostomatea,Unassigned,Unassigned,Unassigned
bfcfa84ea8725fd4eaed23208d2cd666,Eukaryota,Ciliophora,Intramacronucleata,Conthreep,Oligohymenophorea,Tetrahymena,Unassigned
fa741a87788ae18286a1f882bfe36188,Eukaryota,Cercozoa,Imbricatea,Imbricatea,Euglyphida,Paulinella,Unassigned
a9b29111e4b9e2624987fef124d0bb6b,Eukaryota,Diatomea,Bacillariophyceae,Bacillariophyceae,Bacillariophyceae,Gomphonema,Unassigned
b995f55e8d64cf91426432eb7c34e9f6,Eukaryota,Ciliophora,Postciliodesmatophora,Heterotrichea,Heterotrichea,Stentor,Stentor_roeselii
a35bdd9780954ef95f4fe64c3c9a0656,Eukaryota,Retaria,Foraminifera,Rotaliida,Nummulitidae,Nummulitidae,Unassigned
fbbdd7a809f99355a8d8564f36de35eb,Eukaryota,Ciliophora,Unassigned,Unassigned,Unassigned,Unassigned,Unassigned
f38bff563b1097e581c7cfa135772fce,Eukaryota,Cercozoa,Unassigned,Unassigned,Unassigned,Unassigned,Unassigned
a36a9ef876a16c1c885cbd40e813c7b7,Eukaryota,Cercozoa,Clathrulinidae,Clathrulinidae,Clathrulinidae,Hedriocystis,uncultured_eukaryote
c79d1ba94e21bc61b7138445ec61a307,Eukaryota,Chlorophyta,Chlorophyceae,Chlorophyceae,Chlorophyceae,Chlorophyceae,Aphanochaete_sp.
e6d428b12a33cf8c328b76b0f062af3f,Eukaryota,Ciliophora,Intramacronucleata,Conthreep,Oligohymenophorea,Peritrichia,uncultured_eukaryote
b521425788485e7039afd15c17a8504c,Eukaryota,Ciliophora,Intramacronucleata,Conthreep,Nassophorea,Unassigned,Unassigned
baf6ac366260ce235e4153e48225b169,Eukaryota,Diatomea,Coscinodiscophytina,Coscinodiscophytina,Melosirids,Melosira,Melosira_varians
af34a5a982b08dee08154fc97fe5265e,Eukaryota,Retaria,Foraminifera,Rotaliida,Rotaliida,Rotaliida,Unassigned
b51353b7d6e052f0cca76a2b8ae253a1,Eukaryota,Heterolobosea,Tetramitia,Tetramitia,Tetramitia,Allovahlkampfia,Plasmopara_viticola
cf72b4f3db497d879568711e0abf6c1b,Eukaryota,Cercozoa,uncultured,uncultured,uncultured,uncultured,uncultured_Cercozoa
f13d39078a424b958d5adb3a4ae3db1f,Eukaryota,Ciliophora,Intramacronucleata,Litostomatea,Unassigned,Unassigned,Unassigned
f83d29ebc586125d658cfbeac7d88b84,Eukaryota,Chlorophyta,Ulvophyceae,Ulvophyceae,Ulvophyceae,Ulvophyceae,Planophila_laetevirens
a4be56b72f27a1ed615fd827a9abb7ba,Eukaryota,Cercozoa,Incertae_Sedis,Incertae_Sedis,Incertae_Sedis,Gymnophrys,uncultured_eukaryote
aaf76be48a28326616339008e49075d7,Eukaryota,Chlorophyta,Chlorophyceae,Chlorophyceae,Chlorophyceae,Chlorophyceae,Unassigned
e4ea57f8686c6b99110382968247955e,Eukaryota,Ciliophora,Intramacronucleata,Conthreep,Oligohymenophorea,Unassigned,Unassigned
cfffa98b39d0105ca3d08b27d0bbc21e,Eukaryota,Ciliophora,Intramacronucleata,Spirotrichea,Hypotrichia,Hypotrichia,metagenome
eed59eb0b3ddbf4ea62cb4b8f5ebd314,Eukaryota,Diatomea,Unassigned,Unassigned,Unassigned,Unassigned,Unassigned
ee8ce6dfd0a7f68538d5615a222315ce,Eukaryota,Chlorophyta,Trebouxiophyceae,Trebouxiophyceae,Trebouxiophyceae,Trebouxiophyceae,Chloroidium_saccharophilum
cbc7304f4f17a5cd69c0c46a7372b85a,Eukaryota,Cercozoa,Imbricatea,Imbricatea,Euglyphida,Unassigned,Unassigned
d6a523b22c01393c0071c5e1c7a98b9c,Eukaryota,Ciliophora,Postciliodesmatophora,Heterotrichea,Heterotrichea,Stentor,Stentor_roeselii
da964f00c0d04f6fac6cd55678c2f53f,Eukaryota,Ciliophora,Postciliodesmatophora,Heterotrichea,Heterotrichea,Unassigned,Unassigned
ef3d031f5e49d2945445fb0789ab2645,Eukaryota,Apicomplexa,Conoidasida,Gregarinasina,Unassigned,Unassigned,Unassigned
f3171ccfb1e8e6a8934ae748bec57418,Eukaryota,Ochrophyta,Chrysophyceae,Chrysophyceae,Chrysophyceae,Chrysophyceae,Unassigned
efac7af48193ecbb1c6931b9dea9faa0,Eukaryota,Ciliophora,Intramacronucleata,Conthreep,Oligohymenophorea,Tetrahymena,Unassigned
a124c55805d939c3617e22838cca9147,Eukaryota,Ochrophyta,Chrysophyceae,Unassigned,Unassigned,Unassigned,Unassigned
f2e9cbe7f71b718acf22c0db075e15ef,Eukaryota,Ochrophyta,Chrysophyceae,Chrysophyceae,Chrysophyceae,Chrysophyceae,Hydrurus_foetidus
ec65dd1a80a1e60741f5c958d512de7c,Eukaryota,Ciliophora,Intramacronucleata,Conthreep,Oligohymenophorea,Unassigned,Unassigned
e2dd855d91441b8f887d94eab9128a79,Eukaryota,Ciliophora,Intramacronucleata,Spirotrichea,Hypotrichia,Unassigned,Unassigned
e6df1aaf5b09c6fde7d93042f29315ec,Eukaryota,Ochrophyta,Chrysophyceae,Chrysophyceae,Chrysophyceae,Chrysophyceae,Unassigned
f25f87bf606ffc9f37fb2d3cadef8a83,Eukaryota,Cercozoa,Incertae_Sedis,Incertae_Sedis,Incertae_Sedis,Gymnophrys,uncultured_freshwater
bb9b8ea585d3209afc23e9d8f2ecd10b,Eukaryota,Ciliophora,Intramacronucleata,Conthreep,Oligohymenophorea,Unassigned,Unassigned
ee785e1cd9418162be2b2fb941495fa0,Eukaryota,Apicomplexa,Conoidasida,Gregarinasina,Eugregarinorida,Eugregarinorida,Apicomplexa_sp.
ec5509be9fda7be7f40331ce336f17ee,Eukaryota,Ciliophora,Intramacronucleata,Conthreep,Oligohymenophorea,Peritrichia,Ophrydium_versatile
fb75b5fc5e1eb0e42d9b913e431caee7,Eukaryota,Cercozoa,uncultured,uncultured,uncultured,uncultured,uncultured_Cercozoa
a91f4880fdfc532b0e29b3b5ee205aab,Eukaryota,Ochrophyta,Chrysophyceae,Chromulinales,Chromulinales,Chrysochaete,Chrysochaete_britannica
adf9ecd53e6fc78a9e1641d2db55f467,Eukaryota,Diatomea,Coscinodiscophytina,Coscinodiscophytina,Melosirids,Melosira,Melosira_varians
a99dd7d853f4c2ac0a4f64d631957b29,Eukaryota,Retaria,Foraminifera,Rotaliida,Unassigned,Unassigned,Unassigned
cdad99d4560e88c69618f148777cc1ee,Eukaryota,Ciliophora,Intramacronucleata,Conthreep,Oligohymenophorea,Peritrichia,Ophrydium_versatile
de099ff9756457394bd6626af0d27e0d,Eukaryota,Ciliophora,Intramacronucleata,Spirotrichea,Hypotrichia,Hypotrichia,Unassigned
df5fd9a66f54c537ea83639e6c797182,Eukaryota,Diatomea,Coscinodiscophytina,Coscinodiscophytina,Melosirids,Melosira,Melosira_varians
ee19a4bc193b2e684dcef9721d2c9a73,Eukaryota,Ciliophora,Intramacronucleata,Conthreep,Phyllopharyngea,Tokophrya,Unassigned
c178201ae2c580caf45ff1dbee18a152,Eukaryota,Amoebozoa,Discosea,Vannellida,Vannellida,Vannella,Amoebozoa_sp.
f5c0fb1238baa072f8603ee94d482b79,Eukaryota,Ciliophora,Intramacronucleata,Conthreep,Phyllopharyngea,Unassigned,Unassigned
bbf94730d6864ca3cc0cde7cadb56c87,Eukaryota,Diatomea,Unassigned,Unassigned,Unassigned,Unassigned,Unassigned
a5e53989871f4c6e4aeb6b69deef8c8a,Eukaryota,Amoebozoa,Tubulinea,Arcellinida,Arcellinida,Arcellinida,metagenome
ea77c2b598f14a7637970ff9cdefc5c5,Eukaryota,Apicomplexa,Conoidasida,Unassigned,Unassigned,Unassigned,Unassigned
c822285a11299f802f384ccd89196c1b,Eukaryota,Amoebozoa,Discosea,Dactylopodida,Dactylopodida,Korotnevella,Korotnevella_stella
c1479e98f02dec01bf972c80e61f15bf,Eukaryota,Chlorophyta,Trebouxiophyceae,Trebouxiophyceae,Trebouxiophyceae,Trebouxiophyceae,Chloroidium_saccharophilum
cf3f2be56cbe5a301ea6fc082a525289,Eukaryota,Amoebozoa,Tubulinea,Euamoebida,Euamoebida,Euamoebida,Saccamoeba_sp.
a521e0dfb46d7c140dea6487795f80ec,Eukaryota,Retaria,Foraminifera,Rotaliida,Rotaliida,Rotaliida,Haynesina_orbiculare
a2fda49cefb600c4a203d3c174ebe4bf,Eukaryota,Amoebozoa,Tubulinea,Arcellinida,Arcellinida,Arcellinida,metagenome
d10334575a76a86e8c30e1774b239b84,Eukaryota,Apicomplexa,Conoidasida,Gregarinasina,Eugregarinorida,Ascogregarina,Unassigned
af73aa55abb6b51a4e9a38def9929669,Eukaryota,Ciliophora,Intramacronucleata,Litostomatea,Haptoria,Unassigned,Unassigned
c9d4e2128c38c4ea0a45a2952427ece6,Eukaryota,Ciliophora,Intramacronucleata,Conthreep,Oligohymenophorea,Peritrichia,Ophrydium_versatile
c8eacbfd39c56532904fd7bbd0111b1d,Eukaryota,Ciliophora,Intramacronucleata,Conthreep,Phyllopharyngea,Tokophrya,uncultured_ciliate
fa051015f453eaf4545c593401a4f6b6,Eukaryota,Ciliophora,Intramacronucleata,Conthreep,Oligohymenophorea,Tetrahymena,Unassigned
aff1df7054fd773af90c8b9036b30ece,Eukaryota,Amoebozoa,Tubulinea,Euamoebida,Euamoebida,Euamoebida,Hartmannella_cantabrigiensis
c39918a13fc2126b045c21c4739cf44e,Eukaryota,Apicomplexa,Conoidasida,Gregarinasina,Eugregarinorida,Unassigned,Unassigned
e65eea1564f68c1d8abafc5a83962341,Eukaryota,Bicosoecida,Bicosoecida,Bicosoecida,Bicosoecida,Bicosoeca,uncultured_stramenopile
ca20a7a5aef19801fcb2cab9e9ec9e8e,Eukaryota,Ciliophora,Intramacronucleata,Conthreep,Oligohymenophorea,Peritrichia,Ophrydium_versatile
f4ca4dd223cac6eefe546206b949eb78,Eukaryota,Ciliophora,Intramacronucleata,Conthreep,Oligohymenophorea,Tetrahymena,Unassigned
f64bd1347f51df7e97a81d5341ea4f21,Eukaryota,Apicomplexa,Conoidasida,Gregarinasina,Eugregarinorida,uncultured,uncultured_alveolate
f770152b1387ff4f8732885d6fad1c89,Eukaryota,Cercozoa,Cercomonadidae,Cercomonadidae,Cercomonadidae,Unassigned,Unassigned
bb0bb13c7d8d432e71c56cd81ab4bb9e,Eukaryota,Heterolobosea,Tetramitia,Tetramitia,Tetramitia,Allovahlkampfia,Plasmopara_viticola
a04d062a28b483d855bb28cf71307b44,Eukaryota,Diatomea,Unassigned,Unassigned,Unassigned,Unassigned,Unassigned
f2b9f14629d948034c6b96460151af08,Eukaryota,Ciliophora,Intramacronucleata,Conthreep,Oligohymenophorea,Unassigned,Unassigned
dd6be016f7c55a0fc08f72984cbad971,Eukaryota,Amoebozoa,Tubulinea,Euamoebida,Euamoebida,Unassigned,Unassigned
e873cb29c8ac44770dce2812f2e87e67,Eukaryota,Ciliophora,Postciliodesmatophora,Heterotrichea,Heterotrichea,Stentor,Stentor_roeselii
ca8397099f6721abc772279648182fdb,Eukaryota,Ciliophora,Intramacronucleata,Conthreep,Oligohymenophorea,Peritrichia,Ophrydium_versatile
eb10db2c556e4f566d3acd2a2055a6cc,Eukaryota,Apicomplexa,Conoidasida,Gregarinasina,Eugregarinorida,Eugregarinorida,Apicomplexa_sp.
ea54c9c8e513944874fbb969b23f2d0c,Eukaryota,Centrohelida,Centrohelida,Centrohelida,Unassigned,Unassigned,Unassigned
a224fc4cee60fa2be92534936a6a1b13,Eukaryota,Apicomplexa,Conoidasida,Gregarinasina,Eugregarinorida,Ascogregarina,Unassigned
eb5ffbb34db3fc1d83ea6859864e3ab4,Eukaryota,Ciliophora,Intramacronucleata,Conthreep,Oligohymenophorea,Unassigned,Unassigned
a8efdafc59e7ff55e873e1e1389d5173,Eukaryota,Chlorophyta,Chlorophyceae,Chlorophyceae,Chlorophyceae,Chlorophyceae,Stigeoclonium_farctum
ada8d58f80d972c2c97cb961e2827441,Eukaryota,Cryptophyceae,Cryptophyceae,Cryptomonadales,Cryptomonadales,Unassigned,Unassigned
c72f21299e02b4872ff46372a8bb5c5d,Eukaryota,Ciliophora,Intramacronucleata,Conthreep,Oligohymenophorea,Unassigned,Unassigned
deb860338107942919d535089154e061,Eukaryota,Amoebozoa,Tubulinea,Tubulinea,Tubulinea,Tubulinea,Tubulinea_group
ff13ce55ed5b1c1ecc29672a31237c34,Eukaryota,Apicomplexa,Conoidasida,Gregarinasina,Eugregarinorida,Ascogregarina,Unassigned
e41ce12290a5b906be5c98e07ba694cd,Eukaryota,Cercozoa,Phytomyxea,Phytomyxea,Phytomyxea,uncultured,Unassigned
e154081ce7f5bb90209a5797d7a81995,Eukaryota,Cercozoa,Incertae_Sedis,Incertae_Sedis,Incertae_Sedis,Gymnophrys,uncultured_eukaryote
f76f46d60df3063660ae80915f725aee,Eukaryota,Ciliophora,Intramacronucleata,Conthreep,Oligohymenophorea,Hymenostomatia,Agolohymena_aspidocauda
ee1d1d22d117c146aa6fb036bb7f7140,Eukaryota,Ciliophora,Intramacronucleata,Conthreep,Oligohymenophorea,Unassigned,Unassigned
c7446bfbfd60ead4d33da1cac0a8c3a7,Eukaryota,Ciliophora,Intramacronucleata,Spirotrichea,Euplotia,Euplotes,Unassigned
be728198f40e0077afccf5c1bd78688d,Eukaryota,Chlorophyta,Chlorophyceae,Chlorophyceae,Chlorophyceae,Chlorophyceae,Aphanochaete_sp.
e82aa1c96d15cfb4e23ac60774c44fff,Eukaryota,Prymnesiophyceae,Prymnesiophyceae,Isochrysidales,Isochrysidales,ESS2202,uncultured_Emiliania
ac7d5cb28893a3d2bde081cb6c6371e4,Eukaryota,Ciliophora,Intramacronucleata,Conthreep,Oligohymenophorea,Unassigned,Unassigned
a99e6a216fa40109c1304e3628e1fcd2,Eukaryota,Euglenozoa,Kinetoplastea,Neobodonida,Neobodonida,Rhynchomonas,marine_metagenome
a5e2b65e7695001f7c05661f3408c4f8,Eukaryota,Apicomplexa,Conoidasida,Gregarinasina,Eugregarinorida,Eugregarinorida,Syncystis_mirabilis
e54b8efe0539d0d5496232fa129f7b01,Eukaryota,Apicomplexa,Conoidasida,Gregarinasina,Unassigned,Unassigned,Unassigned
f9c21ca7c8b2f84e35757610913cb6f2,Eukaryota,Retaria,Foraminifera,Rotaliida,Unassigned,Unassigned,Unassigned
c1363d9dafcd2557bf981a82b21fcb00,Eukaryota,Apicomplexa,Conoidasida,Gregarinasina,Eugregarinorida,Eugregarinorida,Apicomplexa_sp.
c317702150d80016099552a4215b0a1a,Eukaryota,Diatomea,Coscinodiscophytina,Coscinodiscophytina,Melosirids,Melosira,Melosira_varians
ff60acd8d5e00a1ced066c588d069917,Eukaryota,Ciliophora,Intramacronucleata,Conthreep,Oligohymenophorea,Unassigned,Unassigned
af885ac1050ebea229c15fbebc186627,Eukaryota,Ciliophora,Intramacronucleata,Conthreep,Phyllopharyngea,Tokophrya,Unassigned
ed1a5e793ea160b92d73e736f4d7c661,Eukaryota,Ciliophora,Intramacronucleata,Litostomatea,Unassigned,Unassigned,Unassigned
f0478122d4d21137462902e644b9387e,Eukaryota,Chlorophyta,Ulvophyceae,Ulvophyceae,Ulvophyceae,Ulvophyceae,Unassigned
db571427d4938771302c000a234d9ecb,Eukaryota,Cercozoa,Incertae_Sedis,Incertae_Sedis,Incertae_Sedis,Kraken,metagenome
a0635c99be897dfe7623170a2b40fdf5,Eukaryota,Ciliophora,Intramacronucleata,Conthreep,Unassigned,Unassigned,Unassigned
cbff2698917ff4e41380fe64fce19e03,Eukaryota,Ciliophora,Intramacronucleata,Spirotrichea,Hypotrichia,Unassigned,Unassigned
ddc5f365556bbcfffe44ccf80758806d,Eukaryota,Ciliophora,Intramacronucleata,Conthreep,Oligohymenophorea,Tetrahymena,Tetrahymena_empidokyrea
d62f9c48ef5b5132a132ffe73a88fcaf,Eukaryota,Apicomplexa,Conoidasida,Gregarinasina,Neogregarinorida,Neogregarinorida,Dendroctonus_ponderosae
f02553663d99895fc24f596ac40f82ca,Eukaryota,Retaria,Foraminifera,Rotaliida,Unassigned,Unassigned,Unassigned
dfdc5bb07a75dd2e1c9748a240826371,Eukaryota,Ciliophora,Intramacronucleata,Conthreep,Oligohymenophorea,Unassigned,Unassigned
feba3b055aa1fd96d46f946b38772081,Eukaryota,Euglenozoa,Kinetoplastea,Prokinetoplastina,Prokinetoplastina,Ichthyobodo,Ichthyobodo_necator
ebc08d50f19014559bbf20b92e3aeae2,Eukaryota,Ciliophora,Intramacronucleata,Conthreep,Oligohymenophorea,Peritrichia,Ophrydium_versatile
d779425d511efe5d1f6379e4722772e6,Eukaryota,Ciliophora,Intramacronucleata,Conthreep,Oligohymenophorea,Unassigned,Unassigned
ffc60a7a4c26c82d8a1b6b54d6fce26b,Eukaryota,Apicomplexa,Unassigned,Unassigned,Unassigned,Unassigned,Unassigned
f53b2b42fadd0183dbfa6384fc14951d,Eukaryota,Ochrophyta,Xanthophyceae,Mischococcales,Mischococcales,Unassigned,Unassigned
f7285a2307717f24a124e791a4b8108f,Eukaryota,Ciliophora,Postciliodesmatophora,Heterotrichea,Heterotrichea,Spirostomum,Unassigned
c7173857cdc927f331dcc32647634ee7,Eukaryota,Ciliophora,Intramacronucleata,Conthreep,Phyllopharyngea,Tokophrya,Unassigned
fb34dfdd1273e98c8aa64b2f328771a7,Eukaryota,Cercozoa,Cercomonadidae,Cercomonadidae,Cercomonadidae,Paracercomonas,Unassigned
d81b2ca8b1b22f9229e31a2237c84c07,Eukaryota,Ciliophora,Intramacronucleata,Litostomatea,Haptoria,Hemiophrys,Unassigned
e9b4d06fa77a7d97b6fd9827209eef10,Eukaryota,Ciliophora,Intramacronucleata,Litostomatea,Haptoria,Unassigned,Unassigned
ed196658b1d3981e8e50294a66391bd9,Eukaryota,Ciliophora,Intramacronucleata,Conthreep,Oligohymenophorea,Unassigned,Unassigned
c27981bb48876a99017d08e6ace7ad6e,Eukaryota,Euglenozoa,Unassigned,Unassigned,Unassigned,Unassigned,Unassigned
d366cc00788a9a591d4cbab67496df60,Eukaryota,Euglenozoa,Euglenida,Heteronematina,Heteronematina,Petalomonas,uncultured_eukaryote
e3cc36b399909b0432f8f25033e22452,Eukaryota,Apicomplexa,Conoidasida,Gregarinasina,Eugregarinorida,Eugregarinorida,Syncystis_mirabilis
cf575c7fd6f77eef7398d944d452a01b,Eukaryota,Cercozoa,Vampyrellidae,Vampyrellidae,Vampyrellidae,Vampyrellidae,Cercozoa_sp.
f2ef37ac125e8fdcef3b8303654e44ac,Eukaryota,Ochrophyta,Eustigmatophyceae,Eustigmatales,Eustigmatales,Nannochloropsis,Unassigned
fb5e0976d267cd6a6188cce7449ea5cd,Eukaryota,Apicomplexa,Conoidasida,Unassigned,Unassigned,Unassigned,Unassigned
e122d79f26853ec157521c1cc6c6e7a4,Eukaryota,Centrohelida,Centrohelida,Centrohelida,Unassigned,Unassigned,Unassigned
b554fd3b2f1874594460ca0fe4c5db4a,Eukaryota,Chlorophyta,Ulvophyceae,Ulvophyceae,Ulvophyceae,Ulvophyceae,Unassigned
d274d270f0ad4eea01cd3f0b05abc53c,Eukaryota,Ciliophora,Intramacronucleata,Spirotrichea,Hypotrichia,Unassigned,Unassigned
bb89873975afd50081d94e71f1e5d7e0,Eukaryota,Ciliophora,Intramacronucleata,Conthreep,Phyllopharyngea,Tokophrya,Unassigned
ea06261d208100db957faebc018a653b,Eukaryota,Amoebozoa,Tubulinea,Leptomyxida,Leptomyxida,Unassigned,Unassigned
f9c8b12ebff0701e3100c46830b2b0d2,Eukaryota,Amoebozoa,Discosea,Vannellida,Vannellida,Vannella,Vannella_miroides
ecc370ffd9f91b521ab5fe703a7feed6,Eukaryota,Apicomplexa,Conoidasida,Gregarinasina,Eugregarinorida,Unassigned,Unassigned
b9d84df5213f45311e048009d782e520,Eukaryota,Ciliophora,Postciliodesmatophora,Heterotrichea,Heterotrichea,Stentor,Stentor_roeselii
de9c49d13346ac03f98df0bdf8f5164a,Eukaryota,Amoebozoa,Tubulinea,Euamoebida,Euamoebida,Euamoebida,Unassigned
ed5211a50c07c4e1fc1d949001d1271b,Eukaryota,Euglenozoa,Euglenida,Euglenophyceae,Euglenaceae,Euglena,Unassigned
a7b52bfce068eda53eae770fff5ace92,Eukaryota,Diatomea,Unassigned,Unassigned,Unassigned,Unassigned,Unassigned
b14e10b0cae09e214159efed623e5816,Eukaryota,Ciliophora,Postciliodesmatophora,Heterotrichea,Heterotrichea,Stentor,Stentor_roeselii
c37264eda00496a16f508f47f0d1e156,Eukaryota,Ciliophora,Intramacronucleata,Spirotrichea,Euplotia,Euplotes,Unassigned
ae79280c7fa7af04727ecf58cd3e0040,Eukaryota,Ciliophora,Postciliodesmatophora,Heterotrichea,Heterotrichea,Stentor,Stentor_roeselii
ee66b0fb0723f098061cc2dba8304428,Eukaryota,Ciliophora,Intramacronucleata,Conthreep,Oligohymenophorea,Peritrichia,Ophrydium_versatile
bfef6e7db6086abceb0b9a39aa8e47f1,Eukaryota,Ciliophora,Postciliodesmatophora,Heterotrichea,Heterotrichea,Stentor,Stentor_roeselii
b6c3e55f1e864eb748932ba976b77a8b,Eukaryota,Ciliophora,Intramacronucleata,Conthreep,Oligohymenophorea,Peritrichia,Ophrydium_versatile
a884ed6f5574b9eb6d88ac85c875b810,Eukaryota,Apicomplexa,Conoidasida,Gregarinasina,Eugregarinorida,Ascogregarina,Unassigned
ad222e78e94f69da81c50af06417b470,Eukaryota,Ciliophora,Intramacronucleata,Conthreep,Oligohymenophorea,Peritrichia,Ophrydium_versatile
f6fc7df2d63d90a3ae1467724dcdd759,Eukaryota,Diatomea,Bacillariophyceae,Bacillariophyceae,Bacillariophyceae,Gomphonema,Unassigned
baecafba1bfe0d32c16daafeb807b9d3,Eukaryota,Heterolobosea,Tetramitia,Tetramitia,Tetramitia,Allovahlkampfia,Plasmopara_viticola
bd920cbd998a6de37067e273723837c1,Eukaryota,Ciliophora,Postciliodesmatophora,Heterotrichea,Heterotrichea,Stentor,Stentor_roeselii
e6f53459a765bf35faa018231d64ca82,Eukaryota,Ciliophora,Intramacronucleata,Conthreep,Oligohymenophorea,Peritrichia,Ophrydium_versatile
a7c7b9042ec568e3c75283a444d9dd03,Eukaryota,Chlorophyta,Chlorophyceae,Chlorophyceae,Chlorophyceae,Chlorophyceae,uncultured_Chlamydomonadales
b77b939ec67478aa5d4bdc62541a19c7,Eukaryota,Ochrophyta,Chrysophyceae,Chrysophyceae,Chrysophyceae,Chrysophyceae,Hydrurus_foetidus
a63b81882530f01680eef6ca792f8081,Eukaryota,Ciliophora,Intramacronucleata,Conthreep,Phyllopharyngea,Tokophrya,Unassigned
ebf66e9e2f7888852d75ceb0bb3c46e6,Eukaryota,Amoebozoa,Tubulinea,Tubulinea,Tubulinea,Tubulinea,Tubulinea_group
d2d1d2ec187249d5bb6b593b1186429c,Eukaryota,Ciliophora,Intramacronucleata,Conthreep,Oligohymenophorea,Peritrichia,Ophrydium_versatile
ad0e4a40cf403cc73774b20b775c3e20,Eukaryota,Amoebozoa,Tubulinea,Euamoebida,Euamoebida,Unassigned,Unassigned
b662f23e37fcf35875cf613cdc260007,Eukaryota,Ciliophora,Postciliodesmatophora,Heterotrichea,Heterotrichea,Stentor,Stentor_roeselii
b058dd97026d868d7a8cf906a8c564c6,Eukaryota,Amoebozoa,Tubulinea,Euamoebida,Euamoebida,Unassigned,Unassigned
b35aba056e315f92eefde7fefb8c7d11,Eukaryota,Cercozoa,Cercomonadidae,Cercomonadidae,Cercomonadidae,Paracercomonas,Paracercomonas_saepenatans
c2cd28f13e42cb775321b143f05c5536,Eukaryota,Ciliophora,Intramacronucleata,Conthreep,Oligohymenophorea,Unassigned,Unassigned
dcb4665f953e600ce939afb979413922,Eukaryota,Ciliophora,Intramacronucleata,Conthreep,Oligohymenophorea,Unassigned,Unassigned
eb798ba0590d7a34f5203dd9fa61f5e9,Eukaryota,Amoebozoa,Discosea,Vannellida,Vannellida,Vannella,Vannella_miroides
fd11299d0c2882e1d95faa3ed688f23a,Eukaryota,Amoebozoa,Tubulinea,Tubulinea,Tubulinea,Tubulinea,Tubulinea_group
a314007456cb8feb63940d1e35d1d290,Eukaryota,Ciliophora,Intramacronucleata,Conthreep,Oligohymenophorea,Unassigned,Unassigned
d2a98926eba2e3db16dabe348dfd81df,Eukaryota,Ciliophora,Intramacronucleata,Conthreep,Oligohymenophorea,Peritrichia,Ophrydium_versatile
fc9dd0591e67c7958d585be20280ed1a,Eukaryota,Ciliophora,Intramacronucleata,Conthreep,Oligohymenophorea,Peritrichia,Ophrydium_versatile
d3ff9d99a2f70df48e1a876e3b535336,Eukaryota,Ciliophora,Intramacronucleata,Conthreep,Phyllopharyngea,Tokophrya,Unassigned
fbeca95226b9b8d42b46fd27d9d82fa0,Eukaryota,Ciliophora,Postciliodesmatophora,Heterotrichea,Heterotrichea,Stentor,Stentor_roeselii
c6aab8882039d99429149f5ee2010508,Eukaryota,Amoebozoa,Tubulinea,Tubulinea,Tubulinea,Tubulinea,Tubulinea_group
d1b192f2350443c41fa0c62e8b3b0d75,Eukaryota,Ciliophora,Intramacronucleata,Conthreep,Oligohymenophorea,Peritrichia,Ophrydium_versatile
f1e5c4f1fc36fb57d7891de8051f9469,Eukaryota,Ciliophora,Intramacronucleata,Conthreep,Phyllopharyngea,Tokophrya,Unassigned
c47ef9c0cf4c61fd67f3be13726b741e,Eukaryota,Ciliophora,Intramacronucleata,Conthreep,Unassigned,Unassigned,Unassigned
b51571b451351a320e0d4e9db47c61a1,Eukaryota,Diatomea,Unassigned,Unassigned,Unassigned,Unassigned,Unassigned
cc0bb5a9b11dc3effa9af6fe76968cda,Eukaryota,Apicomplexa,Conoidasida,Gregarinasina,Eugregarinorida,Ascogregarina,Unassigned
e72a51aa4f1114f8d6a5325b054dec32,Eukaryota,Ciliophora,Postciliodesmatophora,Heterotrichea,Heterotrichea,Stentor,Stentor_roeselii
e4ffef76eef4b2bc64c7ee3692aa17ac,Eukaryota,Ciliophora,Postciliodesmatophora,Heterotrichea,Heterotrichea,Stentor,Stentor_roeselii
f86c7187a79aa366b8766cdaba63bd25,Eukaryota,Ciliophora,Intramacronucleata,Conthreep,Oligohymenophorea,Unassigned,Unassigned
eed384533daf017c68bb2b2e993a417d,Eukaryota,Apicomplexa,Conoidasida,Gregarinasina,Eugregarinorida,Eugregarinorida,Apicomplexa_sp.
