SampleID,SampleName,Group,I7_Index_ID,index,I5_Index_ID,index2,Description,Type,Site,replicate,replicate2,Unit,d13C,HIX,BIX,POC,DOC,TDN,TDP
Euk_010,T099,Sample,N703,AGGCAGAA,S511,TCTCTCCG,sediment_20_3,sediment_20,3,2,1,,N/A,N/A,N/A,N/A,N/A,N/A,N/A
Euk_012,T055,Sample,N710,CAGCCTCG,S507,AAGGAGTA,tile_d_2,tile_d,2,1,1,,N/A,N/A,N/A,N/A,N/A,N/A,N/A
Euk_013,T054,Sample,N710,CAGCCTCG,S506,ACTGCATA,tile_d_1,tile_d,1,2,3,,N/A,N/A,N/A,N/A,N/A,N/A,N/A
Euk_014,T052,Sample,N710,CAGCCTCG,S504,AGAGTAGA,tile_d_1,tile_d,1,2,1,,N/A,N/A,N/A,N/A,N/A,N/A,N/A
Euk_015,T056,Sample,N710,CAGCCTCG,S508,CTAAGCCT,tile_d_2,tile_d,2,1,2,,N/A,N/A,N/A,N/A,N/A,N/A,N/A
Euk_016,T050,Sample,N710,CAGCCTCG,S502,CTCTCTAT,tile_d_1,tile_d,1,1,2,,N/A,N/A,N/A,N/A,N/A,N/A,N/A
Euk_017,T096,Sample,N710,CAGCCTCG,S517,GCGTAAGA,sediment_20_3,sediment_20,3,1,1,,N/A,N/A,N/A,N/A,N/A,N/A,N/A
Euk_018,T053,Sample,N710,CAGCCTCG,S505,GTAAGGAG,tile_d_1,tile_d,1,2,2,,N/A,N/A,N/A,N/A,N/A,N/A,N/A
Euk_019,T051,Sample,N710,CAGCCTCG,S503,TATCCTCT,tile_d_1,tile_d,1,1,3,,N/A,N/A,N/A,N/A,N/A,N/A,N/A
Euk_020,T097,Sample,N710,CAGCCTCG,S513,TCGACTAG,sediment_20_3,sediment_20,3,1,2,A,-25.295,3.172,0.763,34.75043784,78.21346884,7.95,0.11615
Euk_022,T098,Sample,N710,CAGCCTCG,S515,TTCTAGCT,sediment_20_3,sediment_20,3,1,3,A,-25.295,3.172,0.763,34.75043784,78.21346884,7.95,0.11615
Euk_023,T082,Sample,N715,CCTGAGAT,S507,AAGGAGTA,sediment_5_3,sediment_5,3,2,2,A,-25.295,3.172,0.763,34.75043784,78.21346884,7.95,0.11615
Euk_024,T081,Sample,N715,CCTGAGAT,S506,ACTGCATA,sediment_5_3,sediment_5,3,2,1,A,-25.295,3.172,0.763,34.75043784,78.21346884,7.95,0.11615
Euk_025,T080,Sample,N715,CCTGAGAT,S504,AGAGTAGA,sediment_5_3,sediment_5,3,1,3,A,-25.295,3.172,0.763,34.75043784,78.21346884,7.95,0.11615
Euk_026,T084,Sample,N715,CCTGAGAT,S510,CGTCTAAT,sediment_5_4,sediment_5,4,1,1,A,-26.025,4.41,0.671,92.19381952,281.826078,11.3465,0.20615
Euk_027,T083,Sample,N715,CCTGAGAT,S508,CTAAGCCT,sediment_5_3,sediment_5,3,2,3,A,-26.025,4.41,0.671,92.19381952,281.826078,11.3465,0.20615
Euk_028,T078,Sample,N715,CCTGAGAT,S502,CTCTCTAT,sediment_5_3,sediment_5,3,1,1,A,-26.025,4.41,0.671,92.19381952,281.826078,11.3465,0.20615
Euk_030,T079,Sample,N715,CCTGAGAT,S503,TATCCTCT,sediment_5_3,sediment_5,3,1,2,A,-26.025,4.41,0.671,92.19381952,281.826078,11.3465,0.20615
Euk_045,T033,Sample,N705,GGACTCCT,S507,AAGGAGTA,tile_l_2,tile_l,2,1,3,A,-25.295,3.172,0.763,34.75043784,78.21346884,7.95,0.11615
Euk_046,T031,Sample,N705,GGACTCCT,S504,AGAGTAGA,tile_l_2,tile_l,2,1,1,A,-25.295,3.172,0.763,34.75043784,78.21346884,7.95,0.11615
Euk_047,T035,Sample,N705,GGACTCCT,S510,CGTCTAAT,tile_l_2,tile_l,2,2,2,A,-25.295,3.172,0.763,34.75043784,78.21346884,7.95,0.11615
Euk_048,T034,Sample,N705,GGACTCCT,S508,CTAAGCCT,tile_l_2,tile_l,2,2,1,A,-25.295,3.172,0.763,34.75043784,78.21346884,7.95,0.11615
Euk_049,T029,Sample,N705,GGACTCCT,S502,CTCTCTAT,tile_l_1,tile_l,1,2,2,A,-25.295,3.172,0.763,34.75043784,78.21346884,7.95,0.11615
Euk_051,T032,Sample,N705,GGACTCCT,S505,GTAAGGAG,tile_l_2,tile_l,2,1,2,A,-26.025,4.41,0.671,92.19381952,281.826078,11.3465,0.20615
Euk_052,T030,Sample,N705,GGACTCCT,S503,TATCCTCT,tile_l_1,tile_l,1,2,3,A,-26.025,4.41,0.671,92.19381952,281.826078,11.3465,0.20615
Euk_056,T048,Sample,N707,GTAGAGAG,S507,AAGGAGTA,tile_l_4,tile_l,4,2,3,A,NA,2.893,0.727,52.61356266,155.1982943,10.8815,0.12125
Euk_057,T047,Sample,N707,GTAGAGAG,S506,ACTGCATA,tile_l_4,tile_l,4,2,2,A,NA,2.893,0.727,52.61356266,155.1982943,10.8815,0.12125
Euk_058,T045,Sample,N707,GTAGAGAG,S504,AGAGTAGA,tile_l_4,tile_l,4,1,3,A,NA,2.893,0.727,52.61356266,155.1982943,10.8815,0.12125
Euk_059,T049,Sample,N707,GTAGAGAG,S510,CGTCTAAT,tile_d_1,tile_d,1,1,1,A,NA,2.893,0.727,52.61356266,155.1982943,10.8815,0.12125
Euk_060,T043,Sample,N707,GTAGAGAG,S502,CTCTCTAT,tile_l_4,tile_l,4,1,1,A,NA,2.893,0.727,52.61356266,155.1982943,10.8815,0.12125
Euk_061,T089,Sample,N707,GTAGAGAG,S517,GCGTAAGA,sediment_5_4,sediment_5,4,2,3,A,NA,2.893,0.727,52.61356266,155.1982943,10.8815,0.12125
Euk_062,T046,Sample,N707,GTAGAGAG,S505,GTAAGGAG,tile_l_4,tile_l,4,2,1,A,-24.785,2.829,0.8,54.63525529,152.162908,25.4175,0.13755
Euk_063,T044,Sample,N707,GTAGAGAG,S503,TATCCTCT,tile_l_4,tile_l,4,1,2,A,-24.785,2.829,0.8,54.63525529,152.162908,25.4175,0.13755
Euk_064,T090,Sample,N707,GTAGAGAG,S513,TCGACTAG,sediment_20_1,sediment_20,1,1,1,A,-24.785,2.829,0.8,54.63525529,152.162908,25.4175,0.13755
Euk_066,T091,Sample,N707,GTAGAGAG,S515,TTCTAGCT,sediment_20_1,sediment_20,1,1,2,A,-24.785,2.829,0.8,54.63525529,152.162908,25.4175,0.13755
Euk_075,T102,Sample,N711,TGCCTCTT,S511,TCTCTCCG,sediment_20_4,sediment_20,4,1,1,A,-26.025,4.41,0.671,92.19381952,281.826078,11.3465,0.20615
Euk_079,T005,Sample,N701,TAAGGCGA,S507,AAGGAGTA,leaf_1,leaf,1,2,2,A,-26.025,4.41,0.671,92.19381952,281.826078,11.3465,0.20615
Euk_080,T004,Sample,N701,TAAGGCGA,S506,ACTGCATA,leaf_1,leaf,1,2,1,A,NA,2.893,0.727,52.61356266,155.1982943,10.8815,0.12125
Euk_081,T002,Sample,N701,TAAGGCGA,S504,AGAGTAGA,leaf_1,leaf,1,1,2,A,NA,2.893,0.727,52.61356266,155.1982943,10.8815,0.12125
Euk_082,T007,Sample,N701,TAAGGCGA,S510,CGTCTAAT,leaf_2,leaf,2,1,1,A,NA,2.893,0.727,52.61356266,155.1982943,10.8815,0.12125
Euk_083,T006,Sample,N701,TAAGGCGA,S508,CTAAGCCT,leaf_1,leaf,1,2,3,A,NA,2.893,0.727,52.61356266,155.1982943,10.8815,0.12125
Euk_084,T085,Sample,N701,TAAGGCGA,S517,GCGTAAGA,sediment_5_4,sediment_5,4,1,2,A,NA,2.893,0.727,52.61356266,155.1982943,10.8815,0.12125
Euk_086,T001,Sample,N701,TAAGGCGA,S503,TATCCTCT,leaf_1,leaf,1,1,1,A,-24.785,2.829,0.8,54.63525529,152.162908,25.4175,0.13755
Euk_087,T086,Sample,N701,TAAGGCGA,S513,TCGACTAG,sediment_5_4,sediment_5,4,1,3,A,-24.785,2.829,0.8,54.63525529,152.162908,25.4175,0.13755
Euk_089,T087,Sample,N701,TAAGGCGA,S515,TTCTAGCT,sediment_5_4,sediment_5,4,2,1,A,-24.785,2.829,0.8,54.63525529,152.162908,25.4175,0.13755
Euk_090,T040,Sample,N706,TAGGCATG,S506,ACTGCATA,tile_l_3,tile_l,3,2,1,A,-24.785,2.829,0.8,54.63525529,152.162908,25.4175,0.13755
Euk_091,T038,Sample,N706,TAGGCATG,S504,AGAGTAGA,tile_l_3,tile_l,3,1,2,A,-24.785,2.829,0.8,54.63525529,152.162908,25.4175,0.13755
Euk_092,T042,Sample,N706,TAGGCATG,S510,CGTCTAAT,tile_l_3,tile_l,3,2,3,B,NA,NA,NA,NA,NA,NA,NA
Euk_093,T041,Sample,N706,TAGGCATG,S508,CTAAGCCT,tile_l_3,tile_l,3,2,2,B,NA,NA,NA,NA,NA,NA,NA
Euk_094,T036,Sample,N706,TAGGCATG,S502,CTCTCTAT,tile_l_2,tile_l,2,2,3,B,NA,NA,NA,NA,NA,NA,NA
Euk_096,T039,Sample,N706,TAGGCATG,S505,GTAAGGAG,tile_l_3,tile_l,3,1,3,B,NA,NA,NA,NA,NA,NA,NA
Euk_097,T037,Sample,N706,TAGGCATG,S503,TATCCTCT,tile_l_3,tile_l,3,1,1,B,-25.1,2.8,0.76,67.4389509,192.6538257,14.7225,0.13875
Euk_101,T075,Sample,N714,TCATGAGC,S507,AAGGAGTA,sediment_5_1,sediment_5,1,1,3,B,-25.1,2.8,0.76,67.4389509,192.6538257,14.7225,0.13875
Euk_102,T074,Sample,N714,TCATGAGC,S506,ACTGCATA,sediment_5_1,sediment_5,1,1,2,B,-25.1,2.8,0.76,67.4389509,192.6538257,14.7225,0.13875
Euk_104,T077,Sample,N714,TCATGAGC,S510,CGTCTAAT,sediment_5_1,sediment_5,1,2,2,B,-25.515,2.525,0.77,80.75967229,1007.906077,35.0125,0.23125
Euk_105,T076,Sample,N714,TCATGAGC,S508,CTAAGCCT,sediment_5_1,sediment_5,1,2,1,B,-25.515,2.525,0.77,80.75967229,1007.906077,35.0125,0.23125
Euk_106,T071,Sample,N714,TCATGAGC,S502,CTCTCTAT,tile_d_4,tile_d,4,2,2,B,-25.515,2.525,0.77,80.75967229,1007.906077,35.0125,0.23125
Euk_108,T073,Sample,N714,TCATGAGC,S505,GTAAGGAG,sediment_5_1,sediment_5,1,1,1,B,-25.515,2.525,0.77,80.75967229,1007.906077,35.0125,0.23125
Euk_109,T072,Sample,N714,TCATGAGC,S503,TATCCTCT,tile_d_4,tile_d,4,2,3,C,-24.9,3.215,0.78,48.07160836,146.2835414,13.6025,0.1225
Euk_113,T067,Sample,N712,TCCTCTAC,S506,ACTGCATA,tile_d_4,tile_d,4,1,1,C,-24.9,3.215,0.78,48.07160836,146.2835414,13.6025,0.1225
Euk_114,T065,Sample,N712,TCCTCTAC,S504,AGAGTAGA,tile_d_3,tile_d,3,2,2,C,-24.9,3.215,0.78,48.07160836,146.2835414,13.6025,0.1225
Euk_115,T070,Sample,N712,TCCTCTAC,S510,CGTCTAAT,tile_d_4,tile_d,4,2,1,C,-26.405,2.71,0.82,61.03862187,209.265503,12.7425,0.12375
Euk_116,T069,Sample,N712,TCCTCTAC,S508,CTAAGCCT,tile_d_4,tile_d,4,1,3,C,-26.405,2.71,0.82,61.03862187,209.265503,12.7425,0.12375
Euk_117,T064,Sample,N712,TCCTCTAC,S502,CTCTCTAT,tile_d_3,tile_d,3,2,1,C,-26.405,2.71,0.82,61.03862187,209.265503,12.7425,0.12375
Euk_119,T066,Sample,N712,TCCTCTAC,S505,GTAAGGAG,tile_d_3,tile_d,3,2,3,C,-26.405,2.71,0.82,61.03862187,209.265503,12.7425,0.12375
Euk_124,T025,Sample,N704,TCCTGAGC,S506,ACTGCATA,tile_l_1,tile_l,1,1,1,C,-25.415,2.55,0.795,79.32942345,3840.019223,33.3925,0.19175
Euk_125,T024,Sample,N704,TCCTGAGC,S504,AGAGTAGA,leaf_4,leaf,4,2,3,C,-25.415,2.55,0.795,79.32942345,3840.019223,33.3925,0.19175
Euk_126,T028,Sample,N704,TCCTGAGC,S510,CGTCTAAT,tile_l_1,tile_l,1,2,1,C,-25.415,2.55,0.795,79.32942345,3840.019223,33.3925,0.19175
Euk_127,T027,Sample,N704,TCCTGAGC,S508,CTAAGCCT,tile_l_1,tile_l,1,1,3,,N/A,N/A,N/A,N/A,N/A,N/A,N/A
Euk_128,T022,Sample,N704,TCCTGAGC,S502,CTCTCTAT,leaf_4,leaf,4,2,1,,N/A,N/A,N/A,N/A,N/A,N/A,N/A
Euk_129,T107,Sample,N704,TCCTGAGC,S517,GCGTAAGA,sediment_20_4,sediment_20,4,2,3,,N/A,N/A,N/A,N/A,N/A,N/A,N/A
Euk_130,T023,Sample,N704,TCCTGAGC,S503,TATCCTCT,leaf_4,leaf,4,2,2,,N/A,N/A,N/A,N/A,N/A,N/A,N/A
Euk_132,T106,Sample,N704,TCCTGAGC,S511,TCTCTCCG,sediment_20_4,sediment_20,4,2,2,,N/A,N/A,N/A,N/A,N/A,N/A,N/A
Euk_134,T061,Sample,N711,TGCCTCTT,S507,AAGGAGTA,tile_d_3,tile_d,3,1,1,,N/A,N/A,N/A,N/A,N/A,N/A,N/A
Euk_135,T060,Sample,N711,TGCCTCTT,S506,ACTGCATA,tile_d_2,tile_d,2,2,3,,N/A,N/A,N/A,N/A,N/A,N/A,N/A
Euk_136,T058,Sample,N711,TGCCTCTT,S504,AGAGTAGA,tile_d_2,tile_d,2,2,1,,N/A,N/A,N/A,N/A,N/A,N/A,N/A
Euk_137,T063,Sample,N711,TGCCTCTT,S510,CGTCTAAT,tile_d_3,tile_d,3,1,3,,N/A,N/A,N/A,N/A,N/A,N/A,N/A
Euk_138,T062,Sample,N711,TGCCTCTT,S508,CTAAGCCT,tile_d_3,tile_d,3,1,2,,N/A,N/A,N/A,N/A,N/A,N/A,N/A
Euk_140,T103,Sample,N711,TGCCTCTT,S517,GCGTAAGA,sediment_20_4,sediment_20,4,1,2,,N/A,N/A,N/A,N/A,N/A,N/A,N/A
Euk_141,T059,Sample,N711,TGCCTCTT,S505,GTAAGGAG,tile_d_2,tile_d,2,2,2,,N/A,N/A,N/A,N/A,N/A,N/A,N/A
Euk_142,T057,Sample,N711,TGCCTCTT,S503,TATCCTCT,tile_d_2,tile_d,2,1,3,,N/A,N/A,N/A,N/A,N/A,N/A,N/A
Euk_143,T104,Sample,N711,TGCCTCTT,S513,TCGACTAG,sediment_20_4,sediment_20,4,1,3,,N/A,N/A,N/A,N/A,N/A,N/A,N/A