ASV,T001,T002,T003,T004,T005,T006,T007,T012,T013,T016,T018,T019,T023,T024,T025,T027,T028,T029,T030,T031,T032,T033,T034,T035,T037,T038,T039,T040,T041,T042,T043,T044,T045,T046,T047,T048,T049,T050,T051,T053,T054,T055,T056,T057,T058,T059,T060,T061,T062,T063,T064,T065,T066,T067,T069,T070,T071,T072,T073,T074,T075,T076,T077,T078,T080,T081,T082,T084,T085,T086,T087,T089,T090,T094,T096,T102,T103,T105
0159fbde605b8b7ea2b1304bfd276b82,0,14,0,4,0,0,0,0,0,0,0,0,0,0,56,4,14,7,0,0,0,0,0,0,0,0,0,0,0,0,0,0,0,0,0,0,0,51,0,99,31,0,0,0,0,0,0,2,0,0,0,0,0,0,0,0,0,0,0,803,530,0,244,0,0,0,0,0,0,0,0,0,0,0,0,0,0,0
0167ba52b37db72a6e74b1ffdf1e8c7c,0,0,0,0,0,0,0,0,0,0,0,0,0,0,0,0,0,0,0,26,0,0,0,45,0,0,0,0,0,0,0,0,0,0,0,0,0,0,0,0,0,186,0,0,0,0,0,131,0,0,2362,17,0,0,0,0,0,83,0,0,0,0,0,49,0,0,0,0,0,0,0,0,0,11,11,0,0,0
01eac8bbcb29488982fcff6a1bc04847,0,0,0,0,0,0,0,0,0,0,0,0,0,0,0,0,0,0,0,0,0,0,0,0,0,0,0,0,0,0,81,65,218,0,15,267,0,0,0,0,0,0,0,0,0,0,0,0,0,0,0,0,0,0,78,106,133,59,0,0,0,0,0,0,0,0,0,0,0,15,0,0,0,56,17,0,0,0
02366a28671be3d5b7de54f132fdabe0,0,0,0,0,0,0,0,0,26,21,41,0,0,0,0,0,0,0,0,0,0,0,0,0,30,57,62,61,220,137,0,0,0,0,0,4,0,0,0,0,0,0,0,13,0,0,0,0,126,34,203,0,20,0,0,0,0,0,0,0,0,0,0,59,93,0,34,0,0,0,0,0,0,0,0,0,0,0
0524318733f878058e4606b2306dc1a5,0,0,0,0,0,0,0,0,0,0,0,0,0,0,0,0,0,0,0,0,72,152,64,0,9,0,0,268,208,173,0,0,170,0,0,0,0,0,0,0,0,119,0,1158,175,354,24,340,0,0,1642,0,0,11,44,73,0,0,0,0,0,0,0,0,0,0,0,0,0,0,0,0,0,0,0,0,0,0
06cfcbf25674fdf39cf677004d947765,0,0,0,0,0,0,0,0,0,4,0,11,0,0,0,0,0,0,0,0,0,0,0,0,10,9,38,82,185,94,0,205,482,0,156,499,0,0,0,0,0,0,0,0,7,0,0,0,3,0,0,0,0,0,0,0,0,0,0,0,0,0,0,0,0,0,0,0,0,0,0,0,2,0,0,0,0,0
06e6ea6ae4b943568ace88db8128520b,204,673,4865,0,0,39,11,0,0,0,0,0,29,0,0,0,0,0,0,0,0,59,0,0,0,0,0,0,0,0,0,0,0,0,0,0,6,15,9,116,66,0,0,0,32,34,0,0,0,98,9,0,0,0,0,0,0,0,0,0,0,0,0,0,0,158,0,0,0,0,64,79,0,0,0,0,73,0
06f8d41be81eaee8ce118fd6a6917570,0,5,4,0,0,2,0,0,0,0,0,9,0,0,0,0,0,4,0,0,0,8,4,61,20,27,0,0,77,11,160,11,22,573,17,66,7,13,0,0,0,75,0,35,0,0,3,20,7,276,711,3,0,11,24,23,80,6,0,0,0,0,276,3,40,136,0,0,0,0,0,0,1119,0,0,0,87,320
0729e9fcffd1962b7a39b3d93902e0f3,0,56,0,26,0,0,16,0,0,0,0,0,25,0,161,0,0,79,0,100,49,320,90,209,13,0,47,0,37,28,0,11,44,0,39,115,0,59,23,532,198,90,77,466,286,68,489,70,28,131,232,0,0,11,41,0,27,14,0,0,0,0,178,59,0,0,53,0,0,0,58,0,0,0,0,0,0,0
09f70a3943cbdf8905cd01a456c50098,0,0,9,0,0,0,0,0,0,0,0,8,0,0,21,0,0,11,0,70,18,80,52,69,0,11,20,7,18,10,0,0,45,0,45,90,0,0,0,237,0,29,36,209,83,25,295,15,5,102,83,6,0,0,43,10,26,33,0,0,0,0,0,60,0,0,20,72,0,12,0,0,0,0,0,0,0,295
0a78cfc5f61db7e320fd3b2466e8d884,0,0,0,0,0,0,0,0,0,0,0,0,0,0,0,0,0,0,0,0,0,0,0,0,0,16,0,39,0,31,0,0,274,0,93,153,0,0,0,0,0,0,0,123,0,0,0,103,62,0,609,0,0,0,7,0,0,0,0,0,0,0,0,0,52,105,0,162,0,71,0,0,0,149,49,0,54,0
0aa84d7f105e25afc127f6dd778d8ca6,0,0,0,0,0,0,65,0,32,0,8,0,0,0,0,0,0,0,0,10,7,25,26,69,5,7,4,0,0,0,0,0,0,0,0,6,0,0,0,112,0,45,20,70,57,206,0,19,0,15,73,0,0,0,0,6,0,0,0,0,0,0,0,0,0,0,4,0,0,0,0,0,0,0,0,0,0,0
0c71d1a914a5652a162cb96453c9c31d,0,0,0,0,0,0,0,0,0,0,0,0,0,0,0,0,0,0,0,0,0,0,0,0,0,203,0,8,8,11,0,0,0,0,0,0,0,0,0,0,0,0,0,0,0,0,0,263,0,135,125,0,0,0,3,0,0,0,0,0,0,0,0,2,0,0,3,0,0,0,0,0,0,40,0,0,0,0
0caff3ea96200df0218aa344b0f3dc1e,0,0,2,0,0,0,0,0,0,0,0,0,0,0,0,0,0,0,0,0,7,211,13,470,0,0,0,0,0,0,0,0,89,0,71,46,0,0,0,0,0,72,0,320,15,21,514,0,0,0,0,0,0,114,39,108,13,22,0,0,0,0,0,0,0,0,0,0,0,0,0,0,0,33,5,0,0,0
0cbb44bb9bc91c77e8f74ad2ace1d58c,3,21,24,0,0,0,0,0,0,0,0,0,0,0,251,18,14,59,51,0,0,0,0,0,0,0,0,0,0,0,0,0,0,0,0,0,0,0,0,0,0,0,0,15,0,0,0,0,0,0,0,0,0,0,0,0,0,0,0,0,0,2,569,0,0,0,0,0,0,0,0,0,0,0,0,0,0,0
0cefc2f0bcb2fe7c323cb28ac235e7d7,11,86,835,121,0,0,139,125,0,0,8,0,0,0,0,0,0,0,0,16,0,0,7,0,0,0,0,0,0,0,6,0,0,0,0,0,0,0,0,38,5,0,0,0,0,0,0,0,0,0,10,0,0,0,0,0,0,0,0,0,377,0,0,0,0,0,0,0,0,0,0,0,0,0,0,0,0,0
0d31e3334880aee4eb26713a0e4104a5,0,0,0,11,0,3,0,0,0,0,0,0,0,0,0,0,298,317,0,18,6,0,0,0,0,0,85,0,0,0,0,0,0,0,0,0,0,705,5,236,7,702,0,0,14,0,0,0,0,0,0,0,0,0,0,0,0,0,0,0,0,0,137,0,0,0,0,0,0,0,0,0,0,0,0,0,0,0
0e4a4b1cd4283317ad2fe0dc25a07b9d,0,0,0,0,0,0,0,0,10,0,0,0,6,0,13,0,0,0,0,0,0,0,0,4,26,0,0,0,0,21,82,17,0,0,14,0,0,0,0,0,0,22,0,125,0,2,0,0,124,496,0,13,0,22,0,16,0,0,0,1127,0,98,0,0,111,0,0,80,0,0,721,0,0,0,0,0,183,1114
0e9e31f5b9fc1235aaa1f8238c384a26,0,258,37,46,0,0,0,0,0,0,0,0,0,0,90,0,206,118,28,0,0,0,0,0,0,0,6,0,25,0,0,0,0,0,15,54,0,0,4,317,0,0,0,0,0,0,0,31,0,509,0,0,4,0,0,0,0,0,0,0,0,0,0,0,0,0,0,0,0,0,0,0,0,0,0,0,0,0
0f2391ae814368a77e456e4357192e31,5,17,36,0,0,0,0,0,22,0,52,9,28,0,54,0,11,16,13,0,0,0,0,0,103,27,521,233,259,390,109,83,42,0,76,86,8,0,0,0,64,0,0,0,25,0,0,0,0,0,0,4,0,0,17,0,0,0,0,0,0,0,0,0,0,0,0,0,126,0,0,0,0,0,44,0,0,0
0f32da71e26972640eb84b6a3fcc774e,0,0,0,0,0,0,0,0,0,0,0,0,0,0,0,0,0,0,0,0,0,45,0,36,0,21,33,20,46,19,0,33,69,0,39,272,0,62,0,0,0,32,20,151,52,0,39,0,0,0,73,0,0,0,63,37,107,35,0,0,0,4,390,15,0,0,0,0,0,0,0,0,0,0,0,0,0,0
10b7a3ca6b1444c66f3b28fed3f26c99,71,337,575,256,44,89,0,48,0,49,0,0,51,0,0,0,0,0,0,0,0,9,0,0,0,0,0,0,0,0,0,0,0,0,0,0,0,0,0,110,0,0,0,0,0,0,107,0,0,0,0,0,0,0,0,0,7,0,0,0,0,0,0,0,2,555,0,38,0,0,0,145,0,0,0,0,53,0
118c0ccd7f3578d17e0db218e80ec7ba,0,0,0,0,0,0,0,0,0,0,0,0,0,0,56,11,67,31,18,111,0,160,45,75,0,0,0,15,0,0,12,0,0,0,0,0,46,90,0,170,128,36,86,235,86,0,186,29,0,0,101,0,0,0,0,26,0,0,0,0,0,0,204,19,0,0,0,0,0,14,0,0,0,0,0,0,0,0
125198c1c805330221b886a492c2c4c6,0,0,0,0,0,0,0,0,0,0,0,0,0,0,5,0,68,23,0,8,0,0,0,0,0,0,0,0,0,0,0,0,0,0,0,0,55,0,0,190,0,0,0,0,0,0,0,0,0,0,0,0,0,0,0,0,0,0,0,0,0,24,942,0,0,0,0,0,0,0,0,0,0,0,0,0,0,0
1291d36523a6c20f273c7e5c4496df94,110,464,554,427,126,50,18,40,20,19,17,31,20,8,0,0,0,0,0,0,0,0,0,0,0,0,0,0,0,0,13,0,0,0,0,0,6,40,10,29,35,0,19,27,8,0,27,0,0,0,33,0,0,0,0,14,0,0,0,0,0,41,0,0,0,0,0,0,206,0,0,423,781,0,0,0,77,0
12b1abb4808bf2b265863e72f762a584,0,0,0,0,0,0,0,0,0,0,0,0,0,0,0,0,0,0,0,0,0,0,0,0,0,0,0,0,0,0,269,39,81,63,269,88,0,0,0,0,0,0,0,0,0,0,0,26,0,0,0,0,0,9,17,81,47,23,0,0,0,0,0,0,0,0,0,45,0,5,0,0,0,7,0,0,0,0
1455565e7c2198d1f5f87a6915b8e5a2,0,21,27,4,0,0,0,0,0,0,0,0,0,0,199,5,23,34,15,0,0,0,0,0,3,0,0,0,0,0,0,0,0,0,0,0,0,12,0,153,118,2,0,6,0,0,0,0,0,0,0,0,0,0,0,0,0,0,0,0,241,0,0,0,0,0,0,0,0,0,0,0,0,0,0,0,0,0
1949eec497be87ab032fa3316b754479,0,0,0,0,0,0,0,0,19,24,12,6,18,20,0,0,0,0,0,0,0,0,0,0,8,58,49,175,941,472,110,69,906,0,183,1715,8,0,0,0,45,0,0,0,0,0,0,7,2,13,165,0,0,0,0,0,0,0,0,0,0,0,0,0,0,0,0,0,0,0,0,0,0,0,0,0,0,0
1a4c8a00ffd3e3463eba4bb201d91747,0,0,0,0,0,0,0,0,0,0,0,0,0,0,0,0,0,0,11,0,0,0,0,0,22,0,0,0,0,0,0,0,12,4,0,16,0,0,0,0,0,0,0,0,0,14,0,0,3,0,77,0,0,0,0,13,0,0,0,0,0,0,0,0,0,0,0,38,0,0,0,134,0,76,0,0,69,0
1b9d7859cdab8b86d6b8b62f84b1334d,0,25,40,0,0,14,0,0,0,0,0,0,0,0,48,12,0,37,14,84,15,72,25,52,0,0,8,0,0,12,0,0,0,0,0,10,19,52,18,182,151,38,50,161,99,49,102,0,0,35,0,0,0,0,0,0,0,0,0,0,0,0,573,0,0,0,0,0,0,0,0,0,0,0,0,0,0,0
1c402e380e09d35cfb2c8852e229f8a9,0,0,0,0,0,0,0,0,0,0,0,0,0,0,146,0,0,0,0,0,0,0,37,453,0,0,0,0,0,0,0,0,0,0,0,0,29,0,0,350,23,0,0,0,0,0,62,0,0,0,0,0,0,0,0,0,0,0,0,0,0,3,2783,0,0,0,0,0,0,0,0,0,0,0,0,0,0,0
1c44ba6433bec9b7aff23fb35d73b03b,20,0,64,0,0,0,0,0,0,0,0,0,0,0,698,54,0,137,71,0,0,0,0,0,0,0,0,0,12,0,19,0,0,0,0,0,0,12,0,0,0,0,0,0,0,0,0,0,0,3,0,0,0,0,0,0,0,0,0,0,0,0,0,0,0,0,0,0,38,0,0,40,0,0,0,0,0,0
1c676f4ebdcb691f888fa38f57182cef,0,0,0,0,0,0,0,0,34,12,0,0,0,0,0,0,0,0,0,0,0,0,255,0,72,213,360,277,0,0,0,0,228,0,0,375,0,0,0,0,66,0,0,0,0,0,0,0,0,51,531,0,0,11,0,0,434,0,11,0,2,0,0,0,0,0,0,0,0,0,0,0,0,0,8,0,0,0
2065255edb28245468bc8518f66b4742,0,0,0,0,0,0,0,0,47,33,8,0,0,3,0,0,0,0,0,0,0,0,0,0,25,98,55,390,28,693,28,0,31,89,23,16,0,0,0,0,0,0,0,0,0,0,0,72,75,484,365,6,0,5,7,0,12,6,0,0,0,0,0,12,37,0,13,0,0,0,0,0,0,0,0,0,0,0
210459b7b6a2a456b09f184f6d939bc8,0,12,0,3,0,0,0,0,0,0,0,0,0,35,30,0,0,7,0,0,0,0,0,0,0,0,0,0,144,128,0,0,0,0,0,0,0,0,0,0,0,0,0,0,0,0,0,0,4,3,0,0,0,0,0,0,0,0,0,0,0,67,47,0,0,0,0,0,0,0,0,0,0,0,0,0,0,0
21374689d42d16d788e3396df574d047,0,0,0,0,0,0,0,0,0,0,0,43,46,0,0,0,0,0,0,0,0,0,0,0,0,12,0,0,3,5,367,174,399,117,112,228,0,0,0,0,0,0,0,0,0,9,0,0,16,10,0,0,0,155,44,71,62,22,0,0,0,0,0,0,0,0,0,58,105,132,106,4,0,19,18,97,0,738
214a4f3065fc3759698e72be652c9a34,0,0,0,0,0,0,0,0,0,0,0,0,0,0,0,0,0,0,0,0,0,0,0,0,0,0,0,0,1078,0,257,180,668,0,383,912,0,0,0,0,0,0,0,0,0,0,36,0,0,0,60,0,0,0,32,0,62,0,0,0,0,0,0,0,0,0,0,0,0,0,0,0,0,0,0,0,0,0
2158fe2489e1b9614d067a49c9384d32,0,0,0,0,0,0,0,0,29,6,0,0,0,0,0,0,0,0,0,0,0,0,0,0,76,175,825,9,9,448,620,46,347,147,137,11,0,0,0,0,0,0,0,18,0,0,0,0,94,319,477,4,0,34,0,19,0,0,0,0,0,0,0,280,155,0,162,56,129,108,94,3,0,0,0,68,0,376
2180096d9fae52c2811c7cd308dbd207,0,0,0,0,0,0,0,0,0,0,0,0,0,0,10,0,0,129,0,0,0,0,0,0,0,3,0,0,0,0,0,0,0,0,0,0,5,0,46,0,0,0,0,0,0,0,0,0,0,0,8,55,0,0,0,0,0,0,0,0,0,0,792,0,0,0,0,0,0,0,0,0,0,0,0,0,0,0
22d760b5ec59a5f4627ad7dd81871970,0,0,0,0,0,0,0,0,23,8,37,0,0,0,8,0,0,0,0,0,0,0,0,0,207,568,545,1147,901,1984,229,108,333,0,29,442,0,0,0,0,9,46,0,14,0,0,55,105,51,170,634,0,0,8,14,31,0,25,0,0,0,0,0,9,0,0,18,0,0,0,0,162,0,3,0,0,0,0
2371d49a803099d8e644da25bb974f68,0,0,0,0,0,0,0,0,0,36,0,92,0,0,16,13,0,28,0,0,0,0,0,0,0,40,15,39,87,155,1,7,204,0,230,303,36,0,0,0,0,0,0,10,0,0,0,45,0,0,0,0,0,0,10,0,9,0,0,0,0,0,0,0,0,0,0,0,0,0,0,0,0,0,18,0,0,0
23740c3775b854c52cdd2e3ec2b940e2,0,0,0,0,0,0,0,0,0,0,0,0,0,0,0,0,0,0,0,0,0,0,0,21,0,0,0,83,0,135,148,761,1644,0,352,2234,0,0,0,0,0,0,0,0,0,0,0,0,0,0,0,0,0,7,0,0,0,0,0,0,0,0,0,0,0,0,0,0,0,0,0,0,4,0,0,0,0,0
23d38fc6ca5b5310dd498f79ef490349,0,0,0,0,0,0,0,0,0,0,0,0,0,0,0,0,0,0,0,0,0,0,0,0,3,0,0,3,0,19,4,0,0,0,0,0,0,0,0,0,0,0,42,5,44,0,0,0,12,0,0,6,0,0,0,0,0,0,0,0,0,0,0,11,59,0,106,0,0,0,0,0,0,0,0,0,0,0
24748da7031194752cdf0424cc549d7d,0,0,0,0,0,0,0,0,0,0,0,0,7,0,0,0,0,0,0,0,0,0,0,0,0,0,0,0,0,0,98,41,28,26,32,70,0,0,0,0,0,2,0,0,0,0,0,0,0,7,0,0,0,29,0,0,0,0,0,0,0,0,0,0,0,0,0,0,0,59,0,0,0,0,5,69,0,54
250faf103554228cad8216e1e460fbb5,0,15,0,0,0,0,2,0,0,0,0,0,0,0,39,5,28,0,13,0,15,52,48,106,0,0,0,0,0,0,0,0,22,0,0,0,35,111,0,250,105,64,89,121,78,0,107,0,15,12,93,0,0,0,0,7,0,0,0,0,0,0,0,0,0,0,0,0,0,0,0,0,0,0,0,0,0,285
272443635e47bb81359b7a9340b5a7ae,0,0,0,0,0,0,0,0,0,0,0,17,0,0,0,0,0,0,0,0,0,0,0,0,0,0,28,0,0,0,0,23,133,66,141,545,0,0,0,0,0,9,0,0,0,0,0,0,0,0,0,0,0,13,86,10,14,34,0,0,0,0,206,0,0,0,0,0,0,0,0,0,0,0,0,0,0,0
277ab749a662c377adefa6a032102c63,525,2356,5375,913,330,994,88,53,0,0,0,0,10,0,64,0,59,26,16,0,12,69,0,0,0,0,20,0,0,0,86,0,0,102,0,9,28,147,46,509,217,62,130,187,67,69,412,38,17,226,184,0,14,109,0,34,22,0,742,2952,302,0,1496,0,4,925,0,0,97,0,4,160,1011,127,85,270,187,501
286a6e26cac82848def0b0d2c83577c8,0,0,0,0,0,0,17,0,78,81,113,45,94,27,0,0,0,0,0,0,0,0,0,0,0,0,0,0,0,0,13,0,0,0,0,0,0,0,0,0,0,0,0,0,0,0,0,0,0,54,20,0,0,0,0,0,0,0,0,0,0,0,0,0,0,0,0,0,0,47,0,354,0,0,0,0,113,0
29086701d1f5919659e2739cc0a37d82,55,75,895,119,21,85,0,46,70,0,37,49,39,0,0,0,0,0,0,0,0,0,0,0,0,0,0,0,0,0,67,0,0,0,0,0,0,0,9,44,472,0,0,0,0,0,0,0,0,0,0,0,0,42,0,0,0,0,0,1015,134,0,266,0,0,88,0,217,0,0,0,0,1261,63,97,0,0,272
2a36166a3e8c57be47ff72951a9274f3,0,0,0,0,0,0,0,0,0,7,3,0,0,0,0,0,0,0,0,0,0,0,0,0,22,13,132,65,104,25,0,0,6,0,0,13,0,0,0,0,0,0,0,0,0,0,0,39,0,185,1093,5,9,0,0,0,0,0,0,0,0,0,0,37,26,130,8,0,0,0,0,0,0,0,0,0,0,0
2bab4593bcd7c556ff6027b87b2f296b,0,0,0,0,0,0,0,0,0,0,0,14,0,0,0,0,0,0,0,0,0,0,0,0,0,34,0,39,0,245,0,0,992,0,267,216,7,0,0,0,0,0,0,92,0,0,0,62,200,0,673,0,153,0,0,0,0,0,0,0,0,0,0,8,0,0,0,77,0,0,0,0,0,294,204,0,188,0
2c0f51e54f8a497135bb1bcbb8650032,0,20,10,0,0,0,0,0,16,14,30,23,119,25,33,0,0,11,5,0,2,0,0,0,62,53,107,516,344,1341,8,196,1502,52,227,647,5,33,0,143,7,24,0,0,0,7,0,68,8,18,47,0,0,20,6,20,25,5,0,0,0,0,0,0,0,0,0,0,0,0,0,3,0,0,0,0,0,20
2d22ab2c6ddb63e71fce2897076dd31e,0,0,0,0,0,0,0,0,48,5,13,7,0,0,0,0,0,0,0,0,0,0,0,0,175,57,242,84,35,126,0,0,92,0,0,13,0,0,8,0,0,0,0,0,0,0,0,104,0,317,540,3,4,0,0,0,0,14,0,0,0,0,0,26,0,0,41,0,0,0,0,0,0,0,0,0,0,0
2f193ba4d56d6ca5c5067ca0dc12388e,0,0,0,0,0,0,0,0,12,0,0,0,7,0,0,0,0,0,0,0,0,0,0,0,17,13,94,43,76,105,8,0,0,0,0,12,0,0,0,0,37,0,0,0,0,0,0,209,94,411,2394,19,20,7,0,8,0,0,0,0,0,0,0,208,58,0,143,0,0,10,0,0,0,3,0,0,110,0
2f60b972271a751f58655719fc6e6cff,0,0,0,0,0,0,0,0,0,0,0,0,0,41,32,0,0,0,0,0,0,0,0,0,0,0,0,0,0,0,0,0,0,0,0,0,9,0,0,0,0,0,0,0,12,0,0,0,24,30,0,0,0,0,0,0,0,0,0,0,6,24,35,0,0,0,0,0,0,0,0,0,0,0,0,0,0,0
2fd4823aefdc5d0cff20c9b343f59dfa,33,120,100,135,48,0,0,58,0,0,0,0,0,0,0,0,0,0,0,0,0,0,0,0,0,0,0,0,0,0,0,0,0,0,0,0,0,42,0,53,0,0,0,0,0,0,22,0,0,0,0,0,0,0,0,0,0,0,0,0,0,0,0,0,0,0,0,0,0,0,0,0,0,0,0,0,0,0
312d2c41e878eee9e2aa0950d232cb8e,0,0,0,0,0,0,0,0,0,0,0,0,0,0,0,0,37,0,0,0,0,0,0,0,0,0,0,0,0,0,116,0,0,0,0,0,0,22,0,16,21,0,0,0,0,6,0,0,0,0,0,0,0,27,0,12,0,0,0,133,316,0,0,0,0,0,5,90,0,12,53,327,0,8,40,0,0,0
324f1d12782a2ba758714f2368f7bf92,0,0,0,0,0,0,0,0,0,0,0,0,0,0,0,0,0,0,0,0,0,0,0,0,0,5,0,0,0,7,57,0,68,36,567,0,0,0,0,0,0,0,0,0,0,0,0,0,0,0,83,3,0,13,6,15,0,0,0,0,0,0,0,5,0,0,12,0,0,18,0,0,0,0,0,0,0,474
3386ce75410a8cb8e2231bf46ce924f5,0,0,0,0,0,0,0,0,0,0,0,0,0,0,0,0,0,18,0,0,18,0,0,160,34,38,50,50,85,43,0,0,0,0,0,0,0,0,0,0,31,0,0,33,0,0,0,66,33,164,310,0,0,0,0,0,0,0,0,0,0,0,0,0,0,0,0,0,0,0,0,0,0,0,0,0,0,0
33937cc1c82a2529593b9b0f935a8e90,0,0,0,0,0,0,0,0,0,0,0,21,0,14,2,0,0,0,0,0,0,0,0,0,7,3,19,0,0,265,198,133,483,0,54,55,0,0,0,0,0,14,0,0,0,0,0,6,0,0,0,0,0,10,19,27,0,10,0,0,0,0,0,0,0,0,0,0,0,35,0,0,0,0,0,0,0,0
347c44753e7c2ad2ae6a717b38a8afd7,0,0,0,0,0,0,0,0,0,0,0,0,0,0,0,0,0,0,0,0,0,0,11,0,0,0,0,0,0,0,0,0,91,0,0,73,0,164,0,35,0,0,0,8,0,0,0,0,0,0,0,0,0,0,9,0,0,0,0,0,0,2,835,0,0,0,0,0,0,0,0,0,1590,0,6,0,0,0
3487e7a66b1216ab236c1206ef2508a3,0,0,0,0,0,0,0,0,0,0,0,3,0,0,0,0,0,0,0,13,0,0,0,0,0,0,0,0,0,0,9,0,20,79,18,66,0,0,0,0,0,0,32,0,0,10,0,5,0,17,22,0,0,0,16,26,0,0,0,0,0,0,0,0,0,0,0,0,247,0,0,0,0,6,3,0,112,0
355aca9bcdfb0c7d8402753c5a694b05,0,13,0,0,0,0,0,0,0,0,0,0,0,0,21,0,0,0,0,304,152,733,16,0,0,0,0,0,0,0,0,0,0,30,0,0,0,0,0,30,0,0,0,20,0,0,0,0,0,0,0,0,0,0,0,0,0,0,0,0,0,18,0,0,0,0,0,0,0,0,4,0,0,0,0,0,0,0
35c8eddcaf7b0073ec6884d8565d05e1,0,0,0,0,0,0,0,0,0,0,0,0,0,0,0,0,0,0,0,0,0,0,0,0,14,4,131,78,136,47,20,20,36,0,25,108,0,0,0,0,0,0,0,0,0,0,0,208,124,830,2999,32,25,19,9,12,0,20,0,0,0,0,0,65,16,0,11,0,0,0,0,0,0,0,9,0,0,0
38040dfe5f383720bf6bea322fc619aa,0,0,0,0,0,0,0,0,0,0,0,0,0,0,0,18,0,0,48,18,0,14,0,200,0,0,0,0,0,0,0,0,0,0,0,0,0,0,0,0,48,58,0,108,42,0,0,0,0,0,0,0,0,0,0,0,0,0,0,0,0,0,0,0,0,0,0,0,0,0,0,0,0,0,0,0,0,0
3875ccee852875404be496b5604364c4,3,0,8,0,0,0,0,0,0,0,0,0,0,0,222,21,0,63,143,0,0,0,0,0,0,0,0,0,0,0,0,0,0,0,0,0,0,0,0,0,0,8,0,0,0,0,0,0,0,0,0,0,0,3,0,0,0,0,0,0,0,0,0,0,0,0,0,0,0,0,0,0,0,0,0,0,0,0
3a4e315f23c99e5c84668dfabba21f89,0,0,0,0,0,0,0,0,38,23,0,0,0,0,0,0,0,0,0,0,0,0,0,0,0,28,167,115,20,85,0,5,22,3,0,26,0,0,0,0,0,0,0,0,0,0,0,4,49,36,163,0,0,18,0,0,0,0,0,0,0,0,0,0,0,0,18,0,0,12,0,313,0,0,0,0,0,0
3c915d279379b12fc2ed878e1cacf341,0,33,7,0,4,0,0,0,0,0,0,0,0,0,91,0,85,29,25,0,0,0,0,0,17,16,26,31,1082,33,0,9,0,0,0,21,0,0,0,0,0,0,0,0,124,0,0,0,0,0,0,0,0,0,0,0,0,0,0,0,0,0,0,0,0,0,0,0,0,0,0,0,0,0,0,0,0,0
3cb3c6cd8442b957da3c4552abe5155d,16,359,41,57,5,0,0,0,0,0,0,0,0,0,182,25,144,160,60,0,0,0,0,0,0,0,0,0,0,0,0,0,0,0,0,3,36,42,18,99,93,0,30,0,0,0,0,0,0,0,0,0,0,0,0,0,0,0,0,0,0,8,344,0,0,0,0,0,0,0,0,0,0,0,0,0,0,0
4193543e36d7cbfcdcb829680e8252cc,146,361,255,37,0,95,49,0,0,0,0,0,23,0,0,0,25,0,0,0,0,0,0,0,0,0,0,0,0,0,53,0,0,21,0,0,0,37,8,253,46,0,8,0,36,18,47,0,0,28,0,0,0,10,0,0,0,0,0,134,0,0,843,0,0,121,0,0,0,0,0,156,1557,0,0,0,0,0
41f4e5b0f33bad087229b6f6815f964c,0,0,0,0,0,0,0,0,0,0,0,268,64,42,0,0,0,0,0,0,0,52,0,0,15,265,0,132,48,5,236,2147,3650,5,1446,4604,37,0,0,62,9,96,14,0,0,13,0,458,60,7944,78,3,0,20,3189,1140,2656,1197,95,20,19,0,5,0,0,0,137,81,0,95,194,5,0,0,21,0,76,2212
4221a9af1d4a745332f707c0406fc7bc,0,0,0,0,0,0,0,0,0,0,0,0,0,0,35,0,0,0,0,0,0,0,0,0,99,96,0,0,70,69,0,63,208,0,0,0,0,0,0,0,0,0,0,27,0,0,0,0,0,53,52,0,0,0,0,0,0,0,0,1127,0,0,0,12,0,2,0,0,0,0,0,0,0,0,0,0,0,0
4234e9e9b70e7d95205dfd5784dc5843,0,0,0,0,0,0,0,0,0,0,10,0,0,0,0,0,0,0,0,0,0,0,0,0,61,31,85,340,143,471,102,66,156,0,136,1647,0,0,0,0,0,0,0,0,0,8,0,0,0,0,81,11,0,0,0,0,0,0,0,0,0,0,0,0,0,0,0,0,0,0,0,0,0,0,0,0,0,0
42842fcfe5fb451b64c00a371bcdd108,16,64,116,10,0,0,0,0,0,0,0,0,0,0,261,0,47,71,0,0,0,0,0,0,0,0,0,0,0,0,40,0,185,0,0,39,0,0,0,0,0,0,0,0,0,12,0,22,0,0,0,0,0,0,0,0,0,0,0,0,0,0,0,0,0,0,0,0,0,0,0,0,0,0,0,0,0,0
45260e08bac348031173be2f3f20040e,0,0,0,0,0,0,0,0,33,18,57,0,0,0,0,0,0,0,0,0,0,0,0,0,26,69,99,63,187,195,13,0,0,0,0,0,0,0,0,0,0,0,0,0,0,0,0,5,130,22,396,0,44,0,3,0,0,0,0,0,0,0,0,29,77,0,31,0,0,0,0,0,0,0,0,0,0,0
45631d9c65545ed312005b3293a0946b,0,0,0,0,0,0,0,13,0,0,0,0,0,0,0,17,0,0,43,27,23,87,52,345,0,11,7,32,16,74,0,0,0,0,0,0,0,0,11,74,146,105,95,341,53,0,40,0,0,0,16,0,0,0,0,0,0,0,0,0,0,0,463,0,0,0,0,0,0,0,0,0,454,0,0,0,0,0
45f557eea46f548fbcdabafae321dacd,0,0,0,0,0,0,0,0,0,0,0,0,2,0,0,0,0,0,0,0,0,0,0,0,98,15,0,4,7,24,0,18,89,0,0,65,0,0,0,0,0,0,0,0,0,0,0,6,7,0,160,0,2,0,0,0,0,4,0,0,0,0,0,39,0,0,0,0,0,55,111,0,0,0,0,0,55,0
46bb506cd300f76f0f75d8a7f9a681b4,0,22,0,0,0,0,0,0,8,0,0,28,14,0,0,0,0,104,0,0,0,0,95,0,0,111,496,0,373,140,0,40,0,86,3,165,0,0,0,0,0,0,0,0,0,0,0,0,105,1103,1473,0,26,0,0,66,0,0,0,0,0,179,201,0,0,0,0,0,0,97,103,0,0,0,0,186,0,0
47353298fec24beb6ed1f5bad1c76001,0,15,7,7,0,0,4,0,0,0,0,0,0,0,21,0,34,8,0,63,10,159,24,79,0,4,23,9,8,4,24,0,23,0,18,52,13,0,0,75,65,49,27,161,126,7,242,8,0,0,41,0,0,0,17,27,0,6,0,0,0,0,0,4,0,0,0,0,0,0,202,0,0,0,0,0,0,0
47e902ad3c281748949aba844185f99c,0,0,0,0,0,0,0,0,0,0,0,26,0,0,0,0,0,0,0,0,0,0,0,0,0,32,27,138,85,201,111,431,1086,0,189,1368,0,0,0,0,0,29,0,0,0,0,0,24,0,0,0,0,0,0,0,0,0,0,0,0,0,0,0,0,0,0,0,0,0,0,0,0,0,0,0,0,0,0
47f2d9bfe6e31100ef4427446a831781,86,179,482,111,31,78,52,41,37,59,37,0,58,0,0,0,0,0,0,0,0,0,0,0,0,0,0,0,0,0,0,0,0,0,0,0,0,0,0,28,26,0,35,0,0,0,29,0,0,0,0,0,0,0,0,0,0,0,0,918,0,0,117,0,0,0,0,31,0,0,0,0,0,0,0,0,0,0
4934890b83229e4f3cb22c3b915e25d4,0,0,0,0,0,0,0,0,0,7,0,0,0,0,0,0,0,0,0,0,0,0,0,0,0,32,60,5,15,0,0,0,43,0,49,2555,0,0,0,0,0,0,0,0,0,0,0,0,18,16,260,0,158,0,0,0,0,0,0,0,0,0,0,236,0,0,0,0,0,0,0,0,0,0,0,0,0,0
4998b3c120cb4912ddcc77878ac45df2,3,21,27,0,0,0,0,0,0,0,0,0,0,0,562,10,85,76,37,0,5,27,12,0,0,0,12,35,0,0,0,3,0,0,0,0,6,14,0,0,98,7,0,0,0,8,0,0,0,0,30,0,0,0,0,0,0,0,0,314,0,0,67,0,0,0,0,0,0,0,0,101,0,0,0,76,0,0
49fe0c39a70290e6d28a25b3ceb1498b,0,0,0,0,0,0,0,0,0,0,0,0,0,0,0,0,0,0,0,0,0,0,0,0,0,0,0,32,0,0,0,0,345,0,0,60,0,0,0,0,0,0,0,168,0,0,0,94,77,31,957,0,0,0,27,0,0,0,0,0,0,0,0,0,111,65,0,0,0,91,0,0,0,46,42,0,46,211
4bcb8c7f816497c699847b2ea5e2314a,0,0,0,0,0,0,0,0,0,0,0,3,0,0,0,0,0,0,5,0,0,0,0,0,0,0,0,0,0,0,8,25,118,0,56,132,0,0,0,0,0,12,0,0,0,0,0,0,0,0,0,0,0,50,50,16,32,25,0,0,0,0,0,6,0,0,0,66,57,17,115,0,0,0,4,192,227,582
4c6ff3598dcaf6a9a7e11a65442a751c,6,70,17,21,0,10,0,0,0,0,0,0,0,4,103,0,52,81,12,55,0,96,44,48,0,20,62,0,34,15,45,0,128,0,109,307,54,98,0,320,159,38,30,300,59,30,62,0,0,74,138,0,0,29,73,19,55,73,10,4,0,0,59,0,0,0,0,0,0,12,0,0,0,21,0,0,0,0
4f0ab95b8153df635b9641d712c2920f,16,152,95,43,0,85,0,0,0,0,0,0,0,0,0,0,18,0,0,0,0,0,0,18,0,0,0,0,0,0,0,0,0,0,0,0,0,0,0,54,0,0,0,0,0,0,0,0,0,0,0,0,0,0,0,0,0,0,0,0,0,21,95,0,0,0,0,0,0,0,0,173,0,35,0,0,0,0
4f2e20c8dc695a9a789127c38e1278e1,0,0,0,0,0,0,0,0,0,0,0,0,0,0,0,0,0,0,0,0,60,22,35,289,9,12,83,0,64,10,7,13,12,0,99,0,0,0,0,0,0,7,16,169,68,6,52,0,11,137,4737,30,28,3,0,0,0,0,0,0,0,0,0,0,0,0,9,0,0,0,0,0,0,0,0,0,0,0
4f319a726690a5fd7721d15536198d81,0,0,0,0,0,0,0,0,0,0,0,0,0,0,0,0,0,0,0,15,13,0,25,0,0,9,0,7,11,0,24,10,47,0,11,38,0,0,0,0,0,41,28,53,14,16,20,41,17,58,250,2,0,30,20,0,24,25,0,0,0,0,0,31,48,0,56,0,0,12,0,0,0,0,0,0,149,149
5333855fb32945a487d3331c6c793040,0,0,0,0,0,0,0,0,0,0,0,7,0,0,0,0,0,0,0,0,0,0,0,0,0,0,0,0,0,0,0,55,225,0,124,47,0,0,0,0,0,0,0,0,0,0,0,0,0,0,0,0,0,171,75,0,159,179,4,3,0,0,0,0,0,0,0,0,0,0,0,0,0,79,23,0,0,0
536498ad86c36727ebca33f47cfada00,0,0,0,0,0,0,0,0,40,36,45,0,0,0,0,0,0,0,0,0,0,0,0,0,0,5,9,16,0,25,0,0,0,0,0,0,0,0,0,0,0,0,0,0,0,0,0,0,6,0,0,0,0,0,0,0,0,0,0,0,0,0,0,0,0,0,0,0,0,0,0,268,0,0,0,0,0,0
53e2f66ea5c9838b53638808c5eee304,12,10,5,7,0,0,0,0,0,0,0,0,0,0,128,10,6,86,13,17,0,29,8,122,0,0,0,0,0,0,0,0,0,0,0,0,0,0,3,27,136,0,6,0,14,0,20,0,0,0,0,0,0,0,0,0,0,0,0,0,0,0,0,0,0,0,0,0,0,0,0,0,0,0,0,0,0,0
54264f5a5422c3cc71ccc6d49629d74a,487,3172,4949,686,166,921,455,136,31,70,61,9,138,10,25,0,0,0,0,0,8,0,0,0,0,0,0,0,6,0,51,0,0,172,0,7,23,66,24,419,66,44,64,84,55,36,213,22,22,148,259,0,15,73,0,0,7,5,1115,1780,134,56,348,21,0,0,12,0,0,11,323,997,527,21,163,423,99,149
54335873164e6a3e028c2e5eeaa76392,10,0,0,0,0,0,0,0,0,0,0,0,0,0,0,0,0,0,0,0,95,0,13,1879,0,0,0,0,0,0,0,0,0,0,0,0,0,0,0,0,0,0,0,12,0,6129,29,0,0,3,0,0,0,0,0,0,0,0,0,276,0,0,0,0,0,0,0,0,0,0,0,0,0,0,0,0,0,0
55b50249d94b6971e097c54f10ce9f1e,0,0,0,0,0,0,0,0,6,0,26,0,0,0,0,0,0,0,0,0,0,0,0,0,15,41,28,45,20,40,1,0,37,0,0,4,0,1,0,0,0,0,0,0,0,0,0,0,16,28,0,18,0,0,0,15,0,0,0,0,0,0,0,27,0,0,0,0,0,0,0,0,0,0,0,0,0,0
567718e73bc1b502fc38a82bb73e6879,0,0,0,0,0,0,0,0,0,0,0,41,39,6,0,0,0,0,0,0,0,26,0,0,0,0,0,0,0,8,277,467,1202,53,903,1591,22,0,0,90,7,0,0,0,0,0,0,0,0,0,0,0,0,0,232,67,62,20,0,0,0,0,0,0,0,0,2,0,0,0,0,0,9,0,0,0,0,0
57c1928602d19022a67038d35c851d21,0,13,0,0,0,0,0,0,0,0,0,0,0,0,22,0,0,0,0,0,0,0,0,0,0,30,18,31,28,0,5,0,21,0,40,0,3,27,0,0,0,0,0,104,0,15,15,26,0,116,58,0,0,0,9,0,13,11,0,0,0,0,138,34,6,0,0,59,45,12,61,0,0,2,0,0,65,261
5848680771618eee66bc844e2db4ebd4,0,8,44,7,74,10,0,0,11,4,45,10,7,8,0,0,56,9,0,0,19,0,0,0,17,0,0,8,68,69,0,0,185,0,132,0,9,0,14,0,356,26,380,26,0,7,0,0,26,0,807,0,25,0,28,0,73,0,0,0,378,0,280,0,0,0,0,43,0,0,0,0,0,39,11,0,0,0
58c1e23d5186fc6f1a15b0453213b3b1,0,38,42,0,0,19,0,0,0,0,0,0,0,0,169,14,99,89,24,41,18,111,50,170,0,0,0,0,0,0,6,0,0,0,0,0,53,164,33,746,195,44,18,209,117,39,145,0,25,27,12,0,0,0,0,0,0,0,0,0,128,0,2829,0,0,0,0,0,0,0,0,0,0,0,0,0,0,0
5a5ae0e4fa677fdd087c0f6764761214,223,0,193,0,0,2,0,0,6,0,24,11,9,7,1746,138,115,790,256,0,0,24,0,23,184,118,353,1930,2673,3234,187,68,2227,179,75,653,20,23,6,0,51,0,81,0,0,21,117,10,0,28,58,0,0,0,3,24,8,0,0,0,442,0,0,0,0,0,0,46,164,0,0,5,828,0,0,199,0,0
5ce49492d8d11e0bd521e99d998bc824,0,0,0,0,0,0,0,0,0,0,0,7,3,0,0,0,0,0,0,0,0,0,0,0,0,0,0,0,0,0,0,63,285,0,315,838,0,0,0,0,0,0,0,0,0,0,0,0,0,0,0,0,0,0,136,0,232,64,6,3,0,0,0,0,0,0,0,0,0,32,0,0,0,37,13,0,0,0
5f0b44624870e672b82fc6716b8aad01,0,196,0,0,0,0,0,0,0,0,0,0,0,0,85,0,175,101,0,0,0,9,0,27,0,0,0,0,0,0,31,0,0,0,0,0,0,0,0,0,0,0,31,0,0,0,0,0,0,0,0,0,0,5,0,0,0,0,0,0,0,0,357,0,0,0,0,0,0,6,0,0,0,0,0,0,0,0
6111450ab5adf32b633de5d3dfd4b46e,0,0,0,0,0,0,0,0,0,0,0,0,15,6,0,0,0,0,0,0,0,0,0,0,0,0,0,0,0,0,54,114,1148,0,33,604,3,0,0,0,0,0,0,0,0,0,0,27,0,0,0,0,0,31,6,11,0,19,0,1168,0,0,0,0,0,0,0,0,0,0,0,0,0,8,5,0,0,0
62d78f5707b8cd9911c1593d8015a879,0,0,0,0,0,0,0,0,0,0,17,12,0,0,0,0,0,0,0,0,0,0,0,0,0,49,80,228,110,554,91,60,341,0,0,97,0,0,0,0,0,0,0,0,0,0,0,36,0,0,0,0,0,10,0,36,0,0,0,0,0,0,0,0,0,0,0,0,0,0,0,0,0,0,0,0,0,0
65751f8875fa9a4cc49e87f0f9edc80d,0,0,0,0,0,0,0,0,0,0,0,0,0,0,0,0,0,0,0,0,0,0,0,0,0,0,0,0,0,0,214,195,493,0,201,371,0,0,0,0,0,0,0,0,0,0,0,0,7,0,41,0,0,50,65,0,40,39,0,0,0,0,0,0,0,0,0,0,0,0,0,0,0,0,0,0,0,0
6599bfe42d8c3709907478178bacae76,6,0,0,0,0,0,0,0,0,0,0,0,0,0,0,0,0,0,0,51,51,20,44,92,4,0,0,0,0,25,354,0,0,0,0,0,0,0,0,0,0,19,72,0,0,0,0,0,53,255,0,0,0,0,0,0,0,0,0,0,0,0,0,0,0,0,0,48,0,0,0,0,0,0,0,0,0,0
66743b133436023aad67942e15edd8f9,49,324,608,47,16,0,0,0,0,0,0,0,0,0,343,0,42,80,76,0,0,14,0,0,0,0,21,0,13,27,44,0,68,0,0,0,20,0,9,97,16,0,0,47,11,0,0,0,0,0,0,0,0,15,0,0,0,0,401,0,0,0,0,0,0,0,0,62,0,0,114,0,0,0,0,0,0,0
6726e9d29c0fca426c4f440cf6cb046f,0,0,0,0,0,0,0,0,0,0,0,0,0,0,0,0,0,0,0,254,0,163,40,2996,0,0,0,0,0,0,0,0,0,0,0,0,0,0,0,0,193,466,75,465,0,0,57,0,0,0,63,6,8,0,0,0,0,0,0,0,0,0,0,130,0,3,300,44,0,0,109,0,0,0,0,0,0,611
683724960932ba975963b2447692db7e,9,0,0,0,0,0,0,0,0,0,0,18,0,0,0,0,0,0,0,72,0,0,0,0,0,0,236,0,65,0,222,0,154,202,85,197,0,0,0,126,329,0,0,86,0,32,284,49,51,137,538,0,0,37,43,51,97,54,0,0,334,34,458,0,0,0,42,72,313,0,0,550,0,0,0,464,0,971
693613c84c44f7140cc3d15e45e0bfd7,0,0,0,0,0,0,0,0,9,8,50,0,387,5,0,0,0,0,0,0,0,0,0,0,0,0,0,0,0,0,0,0,0,0,5,0,0,0,0,0,0,0,0,0,0,9,0,0,6,0,17,0,0,0,0,15,0,2,0,0,0,0,0,0,0,0,0,0,0,0,0,0,0,0,0,0,0,0
69f67412f6d0f6ed8537b40d0f34e8bc,0,0,0,0,0,0,0,0,0,0,0,0,0,0,0,0,0,0,0,26,0,0,0,83,0,0,14,0,0,0,12,0,14,47,0,10,10,15,0,0,0,0,37,21,0,6,28,0,0,17,56,0,0,0,0,0,0,0,672,1630,203,39,0,0,23,163,7,244,0,0,187,0,0,0,0,204,0,0
6b4ac75d52740dfbcbe2d6a3a1664755,0,0,0,0,0,0,0,0,22,0,35,0,0,0,0,0,0,0,0,0,0,0,0,0,72,78,166,219,42,175,101,0,107,0,0,43,0,47,0,0,0,0,0,0,0,0,0,0,35,51,86,0,0,0,0,0,0,0,0,0,0,0,0,126,0,4,39,0,0,0,0,0,0,0,0,0,0,0
6b7b3153f86ee62a0aacee90a0d0118c,0,0,0,0,0,0,0,0,0,0,0,0,0,0,0,0,0,0,0,7,247,2464,20,31,0,0,0,0,0,0,22,0,0,0,0,0,0,0,0,0,0,125,201,1371,1595,14,1687,14,0,5,35,0,0,0,0,23,0,0,0,371,343,0,0,0,40,292,0,0,135,0,0,4,1049,0,54,0,60,0
6c2e7b127282a35015d4e99765091247,0,48,16,11,0,0,0,0,0,0,0,0,0,0,64,0,76,37,23,9,9,32,28,83,0,0,0,0,0,0,0,0,0,0,0,0,52,30,13,915,100,43,10,132,29,16,100,0,0,0,0,0,0,0,0,0,0,0,0,0,106,0,705,0,0,0,0,0,0,0,0,0,0,0,0,0,0,0
6d6e4661cedc4e067006f6428d3ccbd9,0,21,0,0,0,0,0,0,0,0,0,0,0,0,66,0,66,44,15,0,10,159,35,51,0,0,0,0,0,0,0,0,7,0,0,15,14,115,0,136,128,40,0,247,67,0,101,0,0,21,0,0,0,13,0,0,0,0,0,0,0,63,918,0,0,0,0,0,0,0,0,0,0,0,0,0,0,0
6e4dcfce19b437c5fa5b0d8d738578af,0,0,0,0,0,0,0,0,0,0,0,0,0,0,0,0,0,0,0,0,0,0,0,0,0,149,177,0,420,108,0,524,1324,0,0,1211,0,0,0,0,0,0,0,0,0,0,0,0,0,0,968,0,0,0,0,0,0,129,0,0,0,0,0,0,0,0,0,0,0,0,0,0,0,0,0,0,0,0
6e5acbe22fbc6a684db46a120e9f74ea,22,135,138,0,0,0,0,0,0,0,0,0,0,0,272,15,91,24,97,0,0,9,0,0,0,0,0,0,0,0,0,0,0,0,0,0,0,12,6,133,81,0,0,0,17,0,22,0,0,0,0,0,0,0,0,0,0,0,0,0,0,6,1000,0,18,0,0,0,0,0,0,160,0,0,0,0,0,0
70dc98390207e1854c846db18b1ecf63,0,0,0,0,0,0,0,0,0,9,0,31,21,13,0,0,0,0,0,0,0,0,0,0,0,0,0,0,0,0,0,0,0,0,0,0,0,0,0,0,0,0,0,0,0,0,0,3,0,0,0,0,0,0,0,0,0,0,0,0,0,0,0,0,0,0,0,0,159,0,64,0,0,0,0,0,0,341
714f6a34e95c5e894dc374f0c399001f,62,209,143,43,0,5,0,0,0,0,0,0,0,0,186,35,20,83,75,19,0,0,0,0,0,0,0,0,0,10,0,0,58,0,0,34,0,0,0,0,43,53,42,108,20,0,0,0,0,0,0,0,0,19,0,0,0,0,0,0,0,0,270,0,0,0,0,0,0,0,0,0,0,0,0,0,0,0
720b2e766a3be1cfe3d9f9451e50a1cb,0,0,0,0,0,0,0,0,0,0,0,0,0,0,0,0,0,0,0,0,0,0,0,0,0,54,0,129,338,41,0,34,183,0,76,895,0,0,0,0,0,0,0,0,0,0,0,0,294,637,0,9,63,0,238,639,92,112,10,8,3,0,3,0,0,0,0,0,0,0,0,0,0,124,0,0,122,0
729dbff0ad56f74f16f888c72f9dd00f,0,0,0,0,0,0,0,0,0,0,0,0,0,0,0,0,0,39,0,0,0,58,0,83,0,17,0,0,0,18,0,0,0,0,0,14,0,66,16,301,150,49,34,115,52,48,110,0,0,0,0,0,0,0,0,0,19,0,0,0,0,0,0,0,0,0,18,0,0,0,0,0,0,0,0,0,0,0
74f42ee4275efc25354737b3abee424f,0,0,0,0,0,0,0,0,12,14,12,0,0,0,0,0,0,0,0,0,0,0,0,0,0,0,35,49,77,71,0,0,45,42,0,0,0,0,0,0,0,0,0,0,0,0,0,49,0,0,148,0,10,0,0,0,29,0,0,0,0,0,0,0,0,0,0,59,0,0,0,0,0,0,0,0,0,228
7562647057cc54e8f62f2bad26b87179,0,0,9,0,0,0,0,0,0,0,0,0,0,0,109,0,12,0,11,0,0,35,0,0,0,2,52,1041,268,32,0,0,26,0,0,51,0,0,0,0,0,0,0,6,10,0,0,6,0,0,0,0,0,0,0,0,0,0,0,0,0,0,0,0,0,0,0,0,0,0,37,0,0,0,0,0,0,0
79df431e4af83054cf3aea0465a2b5ea,0,69,43,30,0,17,11,7,0,19,5,0,47,17,237,0,143,106,42,388,54,428,181,573,97,115,358,186,325,207,420,114,589,382,283,715,99,394,63,1458,376,217,382,1270,530,149,1890,164,174,542,2862,40,0,96,180,121,253,134,458,5042,488,79,3109,83,0,732,114,359,370,172,609,345,2039,99,125,690,213,987
79f1fc8642d1a265f3f8ef5188e671ed,391,2610,2245,882,154,1029,34,18,0,0,0,0,0,0,0,0,15,0,0,0,0,20,0,8,0,0,0,0,0,0,54,5,0,41,0,0,18,105,20,182,55,0,13,46,41,45,296,10,7,94,187,0,0,51,0,2,0,0,0,1485,170,0,80,0,0,179,0,0,4,13,62,456,1054,37,83,5,163,731
7a1c2fe35bf31b3e2090c15ed19bdeae,0,0,20,0,0,0,0,0,0,0,0,0,0,0,13,0,0,0,0,32,3,20,8,0,24,0,12,18,30,0,0,0,24,56,35,51,17,0,2,162,160,29,0,96,0,16,0,0,21,49,249,5,0,19,26,12,18,0,0,0,0,0,0,0,0,0,0,0,0,0,0,0,0,0,0,0,0,0
7a8e93e9b7bf5e8cdc7cad953c244980,16,252,8,7,0,0,0,0,0,0,0,0,0,0,83,11,0,4,0,10,0,0,16,0,0,0,0,0,0,0,0,0,0,0,0,0,61,39,14,0,116,0,0,0,133,0,0,0,0,0,0,0,0,6,0,0,0,0,0,547,205,0,0,0,0,0,0,0,0,0,0,0,1169,0,0,0,0,0
7c935208489995e87e119cb9abc79654,0,0,30,0,0,69,122,40,0,0,0,0,0,8,0,0,0,0,0,36,0,0,0,0,0,0,0,0,0,0,0,0,0,0,0,0,0,0,0,0,0,19,0,47,0,0,0,0,0,0,0,0,0,0,0,0,0,0,0,0,0,0,0,0,0,0,0,0,176,0,0,0,0,0,0,0,0,0
7cfd3dce3e2f93d64db98db66391538b,0,0,0,0,0,0,0,0,0,0,0,0,0,0,38,0,0,0,0,0,0,0,0,0,0,0,0,0,0,0,0,0,0,0,0,0,0,10,0,42,0,0,0,0,0,0,41,76,0,0,0,0,0,0,3,321,0,0,3,0,0,0,0,0,0,0,5,0,0,0,0,0,0,0,0,0,0,0
7e6a90c3cfbacd00bd0b0d450c46c517,0,0,0,0,0,0,0,0,5,0,0,0,0,0,0,0,0,0,0,0,0,0,0,0,5,15,33,13,3,0,63,118,412,0,23,15,0,0,0,0,0,0,0,0,0,0,0,17,17,0,311,0,0,5,15,10,0,4,0,0,0,0,0,16,0,0,8,0,0,0,127,0,0,0,0,0,0,0
7e910b6456109c70bda898a1744096d4,156,69,43,10,0,0,0,0,0,0,0,0,0,0,245,47,70,422,139,19,0,25,0,3,0,0,0,0,0,0,0,0,0,0,0,0,0,18,0,195,131,10,21,0,0,61,87,0,0,16,95,0,0,13,0,0,0,4,1619,0,0,0,0,0,0,0,0,0,0,0,0,4,429,0,0,274,0,206
7fe76ee825b3c77e28a7d1e70aabd4c5,38,630,455,107,0,0,0,0,23,49,39,30,31,9,146,23,137,191,15,12,0,0,0,0,95,152,227,751,742,1429,156,39,412,109,24,231,0,40,0,89,62,15,30,12,0,0,34,17,31,100,285,0,0,0,0,0,0,0,364,0,0,0,0,0,0,0,0,0,0,0,0,0,0,0,0,121,0,243
81ea074dda3d567a71d9003ad53a1e52,0,0,0,0,0,0,3,0,0,0,0,0,0,0,22,0,3,33,0,0,0,51,23,0,0,0,0,0,0,0,0,0,0,0,0,0,0,95,0,243,97,38,0,205,71,21,152,0,0,0,0,0,0,0,0,0,0,0,0,0,0,0,1020,0,0,0,0,0,0,0,0,0,0,0,0,0,0,0
85982f92d15dd424dd886ed97cdb9953,0,0,0,0,0,0,0,38,0,0,0,0,15,0,0,0,0,0,0,152,53,231,113,509,0,0,0,18,0,153,44,58,90,0,59,212,0,0,0,0,0,128,147,74,140,186,32,0,0,0,0,0,0,0,6,23,0,0,0,0,0,0,0,0,0,0,0,0,0,0,0,0,0,0,0,0,0,0
85b555e22d19d03795638e9d49023b94,192,341,832,238,24,108,34,0,0,0,15,0,11,0,0,0,0,0,0,10,0,32,3,0,0,0,0,0,0,0,21,0,0,0,0,0,5,0,0,176,40,10,0,26,21,19,32,0,0,0,14,0,0,0,0,3,0,0,0,0,200,0,0,0,0,0,0,0,0,0,27,0,922,0,0,102,0,0
86dd6cf93b827a3558b2d1db2b624e72,0,16,0,0,0,0,0,0,0,0,0,0,0,0,25,0,0,17,0,16,0,0,0,36,0,0,27,27,21,14,0,0,0,0,11,0,15,0,0,425,121,0,0,65,35,31,85,0,25,0,161,0,0,22,14,0,0,0,0,0,0,0,57,0,0,0,16,0,0,0,0,0,0,7,0,0,0,0
89a9d43450c83d1766c918b03ef5a1dd,0,0,0,0,0,0,0,0,0,0,0,10,0,0,0,0,0,0,0,0,0,0,0,0,0,0,0,0,0,0,0,159,289,0,120,59,0,0,0,63,0,0,0,0,0,0,0,0,0,0,0,0,0,19,80,67,92,127,6,0,0,0,0,0,0,0,0,0,0,0,0,0,0,0,12,0,0,0
8b8e1c2535a9671eabc277830c4fe8b5,0,0,0,0,0,0,0,0,0,0,0,0,3,0,0,0,0,0,0,0,0,0,0,0,0,0,0,0,36,0,0,0,214,0,131,215,0,0,0,0,0,0,0,0,0,0,0,0,0,554,109,0,0,41,139,50,114,54,0,0,0,0,0,0,0,0,0,0,0,0,54,0,0,9,7,0,0,0
8b9004935e8dcd6f085d5c15bbc0f31e,0,0,0,0,0,0,0,0,0,0,0,0,0,0,0,0,0,0,0,26,0,0,0,39,16,106,16,108,90,99,0,20,132,0,50,34,3,0,0,0,0,0,0,102,7,0,0,160,165,240,623,25,28,0,16,77,42,22,2,2,0,0,0,0,0,0,17,0,0,0,882,0,0,0,0,0,0,0
8c97ac471880e482d370a14e3f3ae4a6,0,0,0,0,0,0,0,0,108,93,97,0,0,16,0,0,0,0,0,54,0,26,0,0,526,160,745,640,247,855,120,39,389,0,23,49,0,54,0,0,0,0,0,17,24,0,0,81,321,104,566,30,30,18,0,0,20,30,0,0,0,0,0,313,0,0,152,0,0,27,0,0,1222,15,0,0,143,0
8ccb4b24614a0cff2d35bc9f15b91856,0,0,0,0,0,0,0,0,0,0,0,0,0,0,0,0,0,0,0,0,0,0,0,0,0,0,0,0,0,0,0,0,20,0,0,0,0,0,0,0,0,0,0,0,0,0,0,89,80,486,0,0,4,0,92,0,0,5,0,0,0,0,0,0,0,0,0,0,0,0,0,0,0,6,5,0,0,0
8d2bad89e7f124724887d4e3036be646,0,0,0,0,0,0,0,0,0,0,0,0,0,0,0,2,0,0,0,0,0,0,0,10,0,0,0,0,0,0,0,0,23,10,0,0,0,7,0,0,31542,4,7,7,0,0,4,0,0,0,0,0,0,0,0,0,0,0,0,0,0,0,0,0,0,0,0,0,0,0,0,0,0,0,0,5,0,0
8fc4fac85ee8640e9500bb5831afe6b0,0,0,0,0,0,0,0,0,0,0,0,10,16,0,0,0,0,0,0,8,0,0,0,0,0,4,0,0,0,0,8,30,141,0,159,218,0,0,0,0,0,0,9,9,0,0,0,0,0,0,12,0,0,68,70,37,49,30,0,0,0,0,0,0,0,0,0,0,0,0,126,0,0,0,0,150,0,589
90c24eb9a39afa6a01bc2d0f213e805a,0,0,0,5,0,0,0,0,0,0,0,27,32,8,0,0,0,0,0,0,0,0,0,0,0,0,0,60,5,0,0,13,114,0,17,66,0,0,0,0,0,5,0,0,16,0,0,59,33,0,981,4,0,0,17,10,310,26,7,2,0,0,0,30,0,0,45,0,0,0,0,0,0,0,409,0,0,0
9169f78999dd31b424dbd92a56a8c647,0,0,0,0,0,0,0,0,0,0,0,0,0,0,119,46,0,154,85,0,0,0,0,0,0,0,0,0,0,0,35,0,46,0,0,16,0,0,0,0,0,0,0,0,0,0,58,0,0,0,0,0,0,0,0,0,0,0,0,0,0,0,0,0,24,0,0,0,0,0,0,0,0,0,0,0,0,0
91fb579e83cb7ff05a1d8869e5e7a783,0,0,0,0,0,0,0,0,0,0,26,0,0,0,0,0,0,0,0,0,0,0,0,0,240,106,100,13,0,0,26,0,0,0,0,0,0,0,0,0,0,0,0,0,0,0,0,0,355,0,0,0,78,0,0,0,0,0,0,0,0,0,0,0,0,0,0,0,0,0,0,0,0,0,0,0,0,0
922fba29d22372624435605d293f3a28,0,226,598,0,0,0,418,131,0,0,0,0,0,0,0,0,0,0,0,0,0,0,19,32,0,0,0,0,0,0,0,0,0,0,0,0,0,18,0,0,0,48,19,0,0,0,30,0,0,0,93,0,0,0,0,0,0,0,0,0,0,45,626,0,0,234,0,0,0,24,0,0,1032,0,57,0,0,0
927027479da55fe3e3a292bfe1c77169,0,0,0,0,0,0,0,0,21,0,45,106,61,0,0,0,0,31,61,0,21,40,47,0,70,101,567,777,1172,421,79,47,937,4,510,2510,0,0,0,0,0,0,0,0,0,0,0,79,0,0,110,8,0,0,104,0,270,0,0,0,0,0,0,0,0,0,0,0,0,0,0,282,0,18,0,0,0,0
94d917a9acb7c9f18e9f7fa62225cdf6,0,0,0,0,0,0,0,0,122,7,65,11,10,20,0,0,0,0,0,0,0,0,0,0,304,140,603,683,530,315,0,42,653,37,106,1372,0,0,0,0,0,0,6,0,0,31,0,27,43,1379,164,31,37,0,273,18,0,47,0,0,0,0,0,15,66,0,370,0,0,0,0,0,0,0,0,0,0,0
95b8f9cc2c8671f62fe85fb53f4289f3,0,0,0,0,0,0,11,78,219,41,137,0,0,0,5,3,0,12,0,631,562,4567,5649,4996,291,78,1437,617,722,544,8545,372,3949,0,1120,3586,23,7,0,321,573,2462,3818,13950,7428,270,48425,330,616,2290,14362,241,180,305,681,68,412,347,36,14,9,0,5,81,211,0,67,0,105,0,0,991,1423,4,280,3,6,234
967d3a3c39f2f5a5891827e7cab6e5fe,0,0,0,0,0,0,0,0,0,0,0,0,9,0,0,0,0,0,0,0,0,0,0,0,0,0,0,0,0,0,0,49,1155,0,198,1572,0,0,0,0,19,0,0,0,0,0,0,0,0,0,0,0,0,0,51,0,76,0,0,0,0,0,0,0,0,0,0,0,0,0,99,0,0,0,0,0,0,0
96976bd08a056451c9329025f1f9596a,0,0,0,0,0,0,0,3,0,0,0,0,0,0,0,0,0,0,0,0,6,0,75,7,0,0,0,0,0,0,0,0,0,0,0,0,0,0,0,0,0,0,0,1131,1214,0,2032,0,0,0,0,0,0,192,0,0,0,17,0,0,0,0,0,0,0,0,0,0,0,0,0,0,0,0,0,0,0,0
96bd7367a2b284e906e524c0d3ea12bc,279,809,1541,541,138,268,274,345,166,187,173,185,221,35,0,0,9,0,0,17,0,0,0,0,0,0,0,0,0,0,48,0,0,0,0,0,28,72,5,268,51,17,74,24,26,21,0,12,0,69,106,0,0,52,0,10,0,0,0,341,0,0,0,0,45,0,0,0,0,0,36,119,781,69,29,0,46,0
9855be302a9726bcdb688cf8fbb97533,49,126,339,111,28,52,0,0,0,0,0,0,0,0,0,0,0,0,0,0,0,0,0,0,0,0,0,0,0,0,0,0,0,0,0,0,0,0,0,0,0,0,0,0,0,17,0,0,0,0,0,0,0,0,0,0,0,0,0,732,0,0,0,0,0,0,0,0,0,0,42,0,0,0,0,0,0,0
9896f7b3cf9bd0b0839caa8fffa94a43,0,0,0,0,0,0,0,0,0,0,0,0,0,0,0,0,13,0,0,0,0,55,0,21,0,0,0,0,0,0,179,0,0,0,0,0,0,0,0,0,0,0,53,0,0,25,0,0,0,23,29,0,0,0,0,0,0,0,0,699,455,0,0,0,0,0,0,0,0,16,61,272,0,44,111,127,33,0
9a35064261c9384a6740bbf3bd32e5d9,0,0,0,0,0,0,0,0,0,0,0,0,0,0,0,0,0,0,0,0,0,0,34,21,0,0,0,0,0,0,0,0,0,0,0,0,0,0,0,102,21,10,0,22,0,0,4341,0,5,0,0,0,0,0,0,0,0,0,0,0,0,0,0,0,0,0,0,0,0,0,0,0,0,0,0,0,0,0
9f43298cab5ca5ee9c3b780bb5045e11,0,0,0,0,0,0,0,0,0,0,0,0,0,0,0,0,0,0,0,0,0,322,0,0,0,0,0,0,0,0,0,0,0,0,0,0,6,65,277,227,445,0,0,0,20,0,0,31,26,0,0,0,0,0,0,0,0,0,0,0,0,0,0,0,0,0,0,0,0,0,0,0,0,0,0,0,0,0
9fd168d363baaa01b1e4d633e18a9eeb,0,0,0,0,0,0,0,0,0,7,0,24,15,5,0,16,0,0,8,171,13,0,0,152,19,11,5,74,67,0,437,135,117,295,78,291,0,0,0,0,0,3,0,13,0,115,0,0,0,0,0,5,0,77,9,0,0,9,0,0,0,0,0,0,0,0,0,0,0,0,102,0,551,0,23,0,71,0
9fdb180e75a8ad5624a0328db1fa0ba9,0,21,12,0,0,0,0,0,0,0,0,0,0,0,55,6,0,24,8,19,6,53,21,73,0,0,20,13,18,19,0,0,23,0,0,38,29,56,0,268,83,42,44,218,54,6,118,20,0,51,33,0,0,0,0,0,0,0,0,0,0,0,221,0,0,0,0,0,0,0,0,0,0,0,0,0,41,0
a19d8244a29617590ac41ece10a1da1e,0,0,0,0,0,0,0,0,0,0,0,0,0,0,0,0,0,0,0,0,0,0,0,0,0,0,0,0,0,0,0,689,140,0,125,4,0,0,0,0,5,0,0,0,0,0,0,0,0,0,0,0,0,0,29,30,201,68,4,0,0,0,0,0,0,0,0,509,0,0,0,0,0,0,0,0,0,0
a1d92bd186f42a95349519ddf9aa91fb,0,0,103,0,0,0,0,0,0,0,0,0,0,0,0,0,16,0,0,0,0,0,0,0,0,0,0,0,0,0,87,0,127,0,56,70,0,0,0,0,0,78,0,0,0,0,0,0,0,0,0,0,0,17,0,0,0,0,0,518,0,0,0,0,0,0,10,0,0,0,0,0,502,0,19,0,0,308
a28ee535e8e8fa5859930f429660433e,0,0,0,5,0,0,0,0,0,0,0,0,0,0,12,0,0,4,0,61,10,38,10,0,0,0,0,0,0,0,0,0,0,0,0,0,8,142,11,374,217,38,0,0,94,0,0,0,0,0,73,0,0,0,0,0,0,0,0,0,0,0,98,0,0,0,0,0,0,0,0,0,0,0,0,0,0,0
a3a2dd5aa3151535dd8270ae478a8401,0,0,0,0,0,0,0,0,0,0,0,0,0,0,0,0,0,0,0,0,0,89,16,40,0,0,11,0,0,0,0,0,0,0,0,0,0,0,0,179,0,22,0,89,89,0,42,24,0,0,33,0,0,0,0,0,0,0,0,0,0,0,376,0,0,0,0,0,0,0,0,0,1098,0,0,0,0,0
a475788ef659929871471c1744ec7f3d,0,0,0,0,0,0,0,0,0,0,6,0,5,4,0,0,0,0,0,1780,0,0,0,0,0,183,31,0,23,0,0,0,27,0,8,37,0,16,0,0,0,0,0,0,0,0,0,0,0,0,0,0,0,0,0,0,17,0,0,0,0,0,0,0,0,0,0,0,0,0,0,0,0,0,0,0,0,0
a4fe255622c164fec3c18952aadf3cd7,0,0,0,0,0,0,0,0,0,0,0,0,0,0,0,0,0,0,0,54,0,63,19,948,0,0,0,0,0,0,0,0,0,0,0,0,0,0,0,0,45,413,29,996,260,389,265,0,0,0,0,0,0,0,0,0,0,0,0,0,0,0,0,0,0,0,0,0,0,0,0,0,0,0,0,0,0,0
a50d58895924c58e58f8b8495530da54,0,0,0,0,0,0,0,0,0,0,0,0,0,0,0,0,0,0,0,36,31,16,101,25,0,0,0,0,0,0,0,0,0,0,0,0,0,0,0,0,0,121,223,257,104,5,530,0,0,0,0,0,0,0,0,0,0,0,0,0,0,0,0,0,0,0,0,0,0,0,0,0,0,0,0,0,0,0
a5add3cb41a06fe3777ec66eafa0d201,0,0,0,0,0,0,0,0,23,0,0,9,0,0,0,0,0,0,0,0,0,0,0,0,0,0,22,7,0,0,8,652,2051,0,194,289,8,0,0,0,0,0,0,0,13,0,0,13,0,0,0,0,0,0,0,0,0,0,0,0,0,0,0,0,0,0,0,0,0,0,0,0,0,0,0,0,0,0
a8daa63b2104c88f19db8eced34b6dfb,0,0,0,0,0,0,0,0,0,0,0,0,0,0,0,0,158,0,0,0,0,0,0,0,10,37,49,164,180,147,0,10,175,0,93,48,0,0,0,0,0,0,0,0,0,0,0,237,182,715,997,11,31,0,0,0,0,0,0,0,0,0,0,0,0,0,0,0,0,0,0,0,0,0,0,0,0,0
abd808bd07f1d21933ef5ef5050116db,0,52,29,23,0,11,0,0,0,0,0,0,0,0,101,6,44,38,14,10,0,44,19,29,0,0,0,0,0,0,0,0,0,0,0,0,52,79,7,957,133,0,17,65,15,8,0,0,0,21,0,0,0,0,0,0,0,0,0,0,0,0,1299,0,0,0,8,0,0,0,0,0,531,0,2,0,0,0
ad9da3724a49f61b50680ba7ee3947f4,0,0,0,0,0,0,0,0,0,0,0,0,0,0,0,0,0,0,0,0,0,0,0,0,0,0,0,0,0,0,0,0,0,0,0,0,0,0,0,0,0,0,0,0,0,0,23,0,0,0,0,0,0,19,0,0,19,0,0,321,0,0,0,0,0,79,0,0,27,0,63,110,0,33,73,0,0,0
b163c0b164dead2a98defe2c37ed3cbd,0,0,0,0,0,0,0,0,0,0,0,0,61,11,0,0,0,0,0,0,0,0,0,0,0,0,0,0,0,0,41,42,176,0,0,151,0,0,0,0,0,0,0,0,0,0,0,0,0,110,0,0,0,61,106,35,0,90,20,0,0,0,0,0,0,0,0,0,0,14,47,0,0,34,24,120,0,545
b1f9817e510086a5b0fe9a4b0b515f39,30,202,275,40,0,0,0,0,0,0,0,0,0,0,104,0,0,31,0,0,0,46,0,0,0,0,22,58,43,100,0,0,188,0,0,25,0,0,0,0,17,34,23,95,0,12,0,0,23,0,0,0,0,0,0,0,0,0,179,0,0,0,0,0,0,0,0,0,0,0,0,0,0,0,0,0,0,0
b3e776671dcc86dc99a4b20300b8a204,11,52,64,18,0,14,0,0,7,9,30,586,938,119,140,31,3956,228,55,242,0,299,9,114,50,78,123,118,211,66,693,1658,6264,1035,4629,16784,111,342,28,1116,929,79,29,49,13,15,109,424,97,267,1237,39,12,77,1761,312,1814,1278,92,965,348,0,349,0,0,1116,0,0,97,74,764,732,5,84,13,0,447,3528
b52a3ea4fd6069420679caf4241c801b,9,3,0,0,0,0,0,13,0,0,0,0,0,0,0,0,0,0,19,0,9,0,19,218,0,0,74,0,20,0,0,107,55,0,0,82,0,0,0,0,0,48,0,95,0,14,0,50,6,513,0,0,0,31,12,0,0,29,0,0,0,0,0,62,0,0,0,0,0,0,0,0,0,0,0,0,0,0
b6155a78d66e06baed759508b47f4ec8,41,137,206,45,0,0,0,0,0,0,0,0,0,0,326,0,57,87,0,0,0,0,0,0,0,0,0,0,0,0,0,0,0,0,0,0,26,64,0,0,0,0,0,0,0,33,0,0,0,0,0,0,0,0,0,0,0,0,0,0,0,0,0,0,0,0,0,0,0,0,0,0,0,0,0,0,0,151
b69f758c15c65176a498709815701b3b,0,4,0,0,0,0,0,0,0,0,0,0,0,0,0,0,0,0,0,0,0,0,0,14,5,2,7,63,261,22,22,0,0,0,0,0,13,71,0,281,56,0,42,32,0,12,32,8,0,31,45,0,0,10,0,9,0,0,437,1386,502,49,0,5,74,0,0,70,0,10,115,196,124,27,12,211,0,0
b6c17784863d8ca0df880e4d5c4c2170,0,0,0,0,0,0,0,0,0,0,0,0,0,0,6,0,35,0,0,18,0,43,0,0,0,2,3,3,0,0,0,0,0,0,0,0,0,0,8,0,58,4,0,6,0,0,0,5,0,0,31,9,0,8,0,0,0,0,0,0,0,0,0,0,0,96,0,0,0,0,0,182,0,0,0,0,33,0
b7c051829ba00c5bda26815a626d5010,0,0,0,0,0,0,0,0,49,0,0,0,0,0,0,0,0,0,0,0,0,0,0,0,106,76,323,103,73,225,43,0,102,0,0,0,0,0,0,0,0,0,0,0,0,0,0,0,44,0,137,0,0,0,0,0,0,0,0,0,0,0,0,63,52,0,52,0,0,0,0,0,0,0,0,0,0,0
b8f3c964119deead9855eedce61cb5eb,4,12,239,87,0,0,3,4,0,0,0,32,0,4,15,0,0,0,0,0,0,0,0,0,2,0,0,0,5,0,22,0,0,0,0,0,0,0,0,28,32,0,0,8,20,0,0,14,0,0,0,0,0,0,0,0,0,0,0,0,0,0,287,0,19,0,0,0,0,0,0,0,0,0,0,0,0,0
b9366da8994c36aa73c3fccf6dd7dd8d,0,0,0,12,0,0,0,0,0,0,0,2,0,0,0,0,0,0,0,0,0,0,20,0,0,0,0,0,0,0,0,0,0,0,0,38,0,0,0,0,0,0,0,0,0,0,0,0,0,0,0,0,4,88,46,5,22,23,4,0,0,0,0,44,0,0,41,0,0,0,0,0,0,0,0,0,0,0
b9f011d775ce8542c757dc538bf63a1f,74,428,518,328,124,88,122,150,75,0,61,41,28,31,0,0,0,0,0,0,0,0,0,0,0,0,0,0,0,0,21,3,0,33,0,0,0,0,0,0,36,0,22,0,0,0,65,0,0,36,59,0,10,17,0,0,0,7,714,0,103,7,250,0,0,0,0,0,0,0,0,411,0,75,72,0,0,40
bb99bd6ab9f193dc1ed44c3bc8e10652,0,0,0,0,0,0,0,0,13,0,7,16,9,0,5,0,0,0,0,0,0,0,0,0,32,71,56,164,181,26,0,0,202,0,193,108,0,0,0,0,78,0,0,0,0,0,0,3,108,0,0,0,0,0,55,0,0,0,0,619,0,0,0,73,0,0,0,0,0,0,0,0,0,0,122,0,107,335
bbd407d31e7038a38ba850fb80da18cf,0,0,0,0,0,0,0,0,0,0,0,18,23,0,0,0,0,0,0,0,0,0,0,0,0,0,0,0,0,0,36,29,169,42,0,106,0,0,0,0,0,0,0,0,0,0,0,0,0,0,0,0,0,34,61,17,15,39,0,0,0,0,0,0,0,0,0,0,0,0,0,0,0,41,18,0,82,0
be936537d543df721d2d6e465a097971,17,32,106,21,0,9,0,0,60,0,0,0,0,0,0,0,0,0,0,0,0,0,0,0,0,0,0,0,0,0,0,0,0,0,0,0,0,0,0,0,0,0,0,0,0,0,0,0,0,0,0,0,0,0,0,0,0,0,631,0,0,0,0,0,0,0,0,27,0,0,0,0,0,0,0,0,0,0
beefa685a70929e4573b559a14f4167c,0,0,0,39,9,2,278,76,0,0,0,0,0,0,0,0,0,0,0,0,0,0,0,0,0,0,0,0,0,0,0,0,0,0,0,0,0,0,0,0,0,0,0,0,0,0,49,0,0,0,8,0,0,0,0,0,0,0,0,0,0,0,0,0,0,0,0,0,0,0,0,316,0,0,0,197,0,0
bef14d5fca5e566de33c2d6935befb01,5,447,0,0,0,0,0,0,0,0,0,0,0,0,14,0,0,0,9,0,0,8,43,0,0,0,0,0,0,0,0,0,0,0,0,0,0,7,0,0,0,10,81,122,37,0,0,0,0,0,0,0,0,0,0,0,0,0,0,644,0,0,397,0,0,0,0,0,0,0,0,0,0,0,0,0,0,0
c1a407678371dac108feea65bf6985cf,0,0,0,0,0,0,0,0,21,13,23,0,0,0,0,0,0,0,0,0,0,0,0,0,19,47,13,57,118,134,14,0,0,0,0,0,0,0,0,0,0,0,0,0,0,0,0,0,64,0,68,0,22,0,0,0,0,0,0,0,0,0,0,20,0,0,14,0,0,0,0,0,0,0,0,0,0,0
c1a9e87b41cdbdd611acf419998c12ca,0,0,0,0,0,0,0,0,0,0,0,0,0,0,0,0,0,0,0,0,0,0,0,0,0,0,0,0,0,0,78,0,0,0,0,0,0,0,6,0,23,0,15,0,0,4,24,0,0,0,0,0,0,0,0,0,0,0,789,0,94,42,0,0,0,95,4,81,97,0,0,178,722,0,79,75,0,0
c37dd1e535482014cbb5bd9aa864c2d3,30,318,95,72,0,0,0,0,0,0,0,0,0,0,135,27,0,343,70,0,0,30,0,119,0,0,0,0,0,0,56,0,0,0,0,0,72,187,0,477,782,21,17,36,0,34,0,0,0,0,29,0,0,0,0,0,0,0,0,0,0,72,485,0,0,0,0,0,0,0,0,0,0,0,0,0,0,0
c43e10fa3b25ac02e6a37f070df3263b,0,0,0,0,0,0,0,0,0,0,0,0,0,0,0,0,0,0,0,0,3,0,0,0,7,5,22,8,7,0,9,0,7,0,0,0,0,0,0,102,0,6,0,33,0,0,0,7,0,0,68,0,0,0,0,0,0,0,767,2,0,50,0,0,0,0,0,0,0,0,0,0,0,0,0,0,0,0
c50f5ad0d4d11e01c9d20523193b6072,0,110,8,32,4,5,0,0,0,0,0,0,0,0,60,0,0,42,11,0,0,19,7,0,0,0,0,0,0,0,0,0,0,0,0,0,20,45,6,0,227,0,0,56,41,0,0,0,0,0,0,0,0,0,0,0,0,0,232,0,0,38,0,0,0,0,0,0,0,0,0,0,0,0,0,0,0,0
c5c27a42a0e914a13a8d53ed4690a8f3,0,0,0,0,0,0,0,0,0,11,0,0,16,0,0,0,0,0,0,0,0,0,0,0,8,17,0,34,13,144,46,0,27,0,5,21,0,0,0,0,0,0,0,0,0,0,0,0,51,161,442,0,0,6,45,0,0,22,0,0,0,0,0,0,0,0,0,0,50,0,0,0,0,0,0,0,33,184
c82b27575fa9351a88fd14041f56c01a,14,105,122,0,0,0,0,0,0,0,0,0,0,0,367,0,51,32,21,0,0,0,0,0,0,0,0,0,0,0,16,0,0,0,0,0,0,28,0,0,123,0,0,0,31,0,0,0,0,0,0,0,0,0,0,0,0,0,0,0,0,0,0,0,0,0,0,0,0,0,0,0,0,0,0,200,0,0
c91240be916b85f78ecb59fc7058895b,0,0,0,0,0,0,0,0,0,0,2,0,0,0,0,0,0,0,0,0,0,0,0,0,0,0,18,55,281,95,0,0,42,0,0,92,0,0,0,0,0,0,0,0,0,0,0,195,70,215,147,0,0,0,0,5,0,25,0,0,0,0,0,0,0,0,0,0,0,0,0,0,0,0,0,0,0,0
c9e8f335f00d3b1f318d2c091ecfae60,0,7,12,9,0,0,0,0,0,0,0,0,0,0,75,0,50,29,19,62,0,56,29,12,0,0,0,0,0,0,13,0,0,0,0,0,11,117,16,317,46,11,23,62,26,5,55,0,0,0,0,0,0,0,0,0,0,0,0,0,0,30,1166,0,0,0,0,0,0,0,0,0,0,0,0,0,0,0
cc387c913621b6d6192ba9110f13b0a9,0,0,15,0,0,0,0,0,0,0,0,0,0,0,27,0,39,0,0,0,0,80,12,31,13,0,15,0,31,22,0,21,91,0,53,176,26,0,0,258,45,37,0,112,0,7,228,50,35,166,227,0,0,0,49,0,0,33,0,0,0,0,486,101,0,0,125,0,0,43,231,0,0,0,0,0,154,0
cde515636353f7be08077d22dc8ff61f,0,0,0,0,0,0,0,18,0,0,0,0,0,0,0,0,0,0,0,0,9,0,0,35,0,3,0,0,0,0,0,0,0,0,12,0,0,0,0,0,0,0,0,0,132,0,0,42,0,65,0,0,0,0,12,0,0,0,0,0,0,0,0,0,0,0,0,29,0,46,0,0,0,61,44,0,0,0
cdf4caaa323d4c5489f16391d139813c,0,0,0,0,0,0,0,0,0,0,0,0,10,0,0,0,0,0,0,0,0,0,0,0,23,34,0,0,0,0,0,0,0,198,0,686,0,0,0,0,0,0,0,0,0,0,0,32,0,224,0,11,17,0,52,0,152,0,5,0,0,0,0,7,336,436,55,0,0,0,0,0,0,0,18,0,0,0
ce2e769554618c58d9ebf96e0fed8762,0,9,0,0,2,0,0,0,4,0,0,0,0,0,0,11,0,3,9,0,0,0,0,68,9,0,23,3,0,7,13,16,69,0,6,9,0,21,6,0,0,16,0,0,37,19,0,0,15,0,0,0,3,0,2,57,0,6,0,0,0,0,0,0,0,0,0,0,0,63,178,0,0,15,0,0,179,0
cf618880c7f0ace7a7bdb6820ad1afa5,80,219,498,183,53,125,0,0,0,0,0,0,32,0,0,0,0,0,0,0,0,0,2,0,0,0,0,0,0,0,0,0,0,0,0,0,0,0,0,0,0,0,0,0,0,0,0,0,0,0,0,0,0,19,0,0,0,0,0,0,0,0,0,0,0,0,0,0,0,0,0,0,0,0,0,0,130,0
cfa651347c94e676f6c5fa749f7f1cf8,0,0,0,0,0,0,0,0,0,0,0,0,0,0,0,0,64,0,0,0,0,102,0,62,0,0,0,0,0,0,0,0,0,0,0,0,40,0,0,191,0,0,37,0,0,0,64,0,0,37,0,0,0,0,0,0,0,0,0,0,0,38,0,0,0,0,0,0,0,0,0,0,0,0,0,0,0,0
d1d3ea70e6d57e97a362666d1a7a7ec0,0,0,0,0,0,0,0,0,0,0,0,0,0,0,0,0,0,0,0,80,24,80,29,806,0,0,0,0,0,0,0,0,0,0,0,0,0,0,0,0,20,157,0,205,465,113,458,0,0,0,0,0,0,0,0,0,0,0,0,0,0,0,0,0,0,0,0,0,0,0,0,0,0,0,0,0,0,0
d23114abc4325b750a4be8c35cf3da99,18,409,23,28,8,16,0,0,0,0,0,0,0,0,11,0,17,65,17,0,0,0,0,0,0,0,0,0,0,0,0,0,0,0,0,0,8,16,0,92,160,0,0,9,0,0,0,0,0,0,0,0,0,0,0,0,0,0,0,0,0,0,0,0,0,0,0,0,0,0,0,0,0,0,0,0,0,0
d292815810aa92389848a499c131f1f0,0,0,0,0,0,0,0,0,0,0,0,19,18,38,0,0,13,28,0,0,5,0,0,0,40,255,0,0,231,27,891,25,170,0,289,346,0,30,0,1363,0,6,235,0,0,0,0,0,27,696,148,26,55,0,66,0,0,0,0,0,0,0,0,0,0,0,0,0,0,0,0,5,0,0,0,0,0,0
d40be4ff5cf29f494c04116d28565485,0,0,0,0,0,0,0,0,0,0,0,0,0,0,0,0,0,0,0,10,0,0,0,0,3,8,118,8,3,5,0,43,33,59,30,48,0,26,0,0,0,0,0,0,0,0,0,0,21,0,136,0,0,0,4,24,40,10,0,0,0,0,0,110,0,0,0,0,0,30,0,0,0,0,0,0,52,0
d4872bb4ed88fee9b87f6d9fa33e7ce6,0,0,0,0,0,0,0,0,0,0,0,10,0,0,0,0,0,0,0,0,0,0,0,0,0,12,40,20,12,166,925,69,35,0,0,4,7,0,0,0,0,0,0,13,0,0,0,0,0,0,0,0,0,0,0,0,0,0,0,0,0,0,0,0,0,0,0,0,0,0,0,0,0,0,0,0,0,0
d6401113e9c8f82041604baeabc6b187,0,0,0,0,0,0,0,0,0,0,4,120,527,140,0,0,0,0,0,0,0,31,0,21,13,0,0,0,0,0,78,199,2276,0,1524,7123,31,32,0,0,0,0,26,0,0,0,0,25,0,21,0,0,0,25,412,336,466,330,22,3,0,2,255,0,0,353,0,0,0,0,89,153,0,8,25,0,67,0
d854488b6221f9df4bdf40fd52992a59,0,0,0,0,0,0,0,0,0,0,0,0,0,0,46,0,36,0,0,0,0,73,46,185,42,104,299,107,258,73,171,71,502,456,286,760,3,0,0,153,319,75,0,116,112,58,656,115,92,536,2011,0,0,184,198,195,214,84,0,0,0,35,880,46,0,0,0,88,89,0,308,386,0,0,0,0,110,626
daf5ad437741d76e56bec505f7560e38,0,0,0,0,0,0,0,0,41,25,33,0,11,0,0,0,0,0,0,0,0,0,0,0,30,54,55,47,53,93,51,3,19,0,9,18,0,0,0,0,38,0,0,0,0,0,0,92,53,279,825,20,18,0,11,21,18,9,0,0,0,0,0,16,0,0,52,0,0,0,0,0,0,0,0,0,0,0
dc5110758b11f79a75227a78213c4d1f,0,0,0,0,0,0,0,0,0,0,0,56,43,15,0,0,0,0,0,0,19,0,0,0,0,5,40,73,687,15,560,785,2656,56,1363,3181,67,0,0,0,19,0,0,0,0,0,0,62,0,0,224,0,0,0,194,34,175,154,8,5,6,0,0,0,0,0,0,0,0,0,0,20,18,31,22,0,0,0
dd394169cc6ef13eb9b3fa39a501c038,162,1347,1836,229,44,41,15,0,0,0,0,18,20,7,882,115,73,403,178,0,0,0,0,12,11,21,40,98,75,177,75,29,283,31,0,82,0,117,31,468,247,13,41,46,19,21,74,16,0,24,53,0,0,8,0,0,7,0,344,525,0,0,718,0,75,383,0,134,0,4,0,385,388,82,0,0,0,0
df30f1edf3c23405b2d24d2705cf7707,80,0,20,0,0,0,0,0,0,0,0,0,3,3,941,132,22,318,128,0,0,0,0,0,0,0,0,0,0,0,6,0,0,0,0,0,7,19,0,143,0,7,11,7,24,5,0,0,0,0,114,0,0,0,0,5,0,0,0,0,0,0,0,0,30,0,0,0,0,0,0,0,0,0,0,0,66,0
e006c22456bda68d9c4113992dcfd9e7,7,106,22,38,0,0,0,0,0,0,0,0,0,0,94,0,74,55,10,0,9,73,0,42,0,0,0,0,0,0,0,0,0,0,0,0,56,85,18,625,512,59,60,210,76,25,113,0,0,0,0,0,0,0,0,0,2,0,0,822,0,6,1056,0,0,0,0,0,0,0,0,0,0,0,0,0,0,0
e008eedc46fb56a7e7a0b1a2bdfdf8a4,0,0,4,0,0,0,0,0,0,0,0,0,0,0,38,0,26,0,8,16,19,15,32,0,0,6,0,0,0,0,0,0,27,0,0,31,0,59,0,259,0,30,36,88,42,43,101,25,0,77,98,0,0,0,0,0,0,0,0,0,0,0,0,10,0,0,0,0,0,0,57,0,0,0,0,0,0,100
e09e76cd7cbe91138eb577f7abec19b2,48,1062,49,106,11,11,0,0,0,0,0,0,0,0,492,33,31,187,51,0,30,39,25,42,0,8,0,0,0,0,0,0,17,0,0,0,41,184,22,1231,1637,0,14,5,107,0,0,0,0,0,0,0,0,0,0,0,0,0,0,0,0,0,193,0,0,0,0,0,0,0,0,0,0,0,0,0,0,0
e104cbfccb60e47d3442725eb62e2831,0,0,0,0,0,0,0,0,0,0,0,0,0,0,0,0,0,0,0,0,0,0,0,0,0,0,0,0,0,5,30,0,0,0,0,4,0,0,0,0,0,0,0,0,0,0,0,0,0,0,61,0,0,4,0,0,15,0,0,0,0,0,0,7,0,0,0,0,200,0,0,0,0,0,0,303,0,0
e11ae9481b4e3e572aff32650e706ed1,0,0,0,0,0,0,0,0,0,0,0,0,0,52,0,0,0,36,0,0,0,0,0,0,0,0,212,78,199,665,137,26,929,0,355,778,0,0,0,0,11,0,0,0,0,0,0,0,0,34,97,0,0,0,55,0,135,0,7,0,0,0,0,0,3,266,0,0,0,0,0,0,0,0,0,0,0,0
e1e1ab7b143b6aa0345451e1f681c5ea,0,0,0,0,0,0,0,0,0,0,0,0,0,0,0,0,0,0,0,27,17,41,25,162,0,0,3,0,0,0,67,0,53,0,13,18,0,0,0,0,0,101,0,59,27,16,183,0,0,0,0,0,0,10,21,91,64,14,0,0,0,0,0,0,0,0,0,0,0,0,0,0,0,5,12,0,0,0
e2df03c4f8c4626f954265a0a08ce968,0,0,0,0,0,0,0,0,19,28,17,0,0,8,0,0,0,0,0,0,0,0,0,0,54,116,176,260,144,427,86,21,69,0,80,99,0,16,0,0,0,0,0,0,0,0,0,41,40,251,368,0,6,0,0,0,0,11,0,0,0,0,0,21,0,0,26,0,0,0,0,0,0,0,0,0,0,0
e56fa2fae3901d608b8afcbfa6d34246,0,0,0,0,0,0,0,0,0,0,0,0,0,0,0,0,0,0,0,158,0,132,0,0,0,73,0,0,0,0,0,23,174,0,23,0,0,0,0,0,1184,0,0,152,38,227,3,246,151,13,924,0,0,0,12,154,38,19,0,345,0,0,0,78,0,0,0,0,0,0,263,0,1463,5,0,0,0,0
e5bf6cacfa2148602d1019a699e9204f,0,38,0,0,0,0,0,0,0,0,0,0,0,0,6,0,19,8,0,0,0,23,2,0,0,0,0,0,0,0,0,0,0,0,0,0,8,0,0,0,62,0,9,0,0,11,0,0,0,0,0,0,0,0,0,0,0,0,574,0,0,0,144,0,0,0,0,0,0,0,0,0,0,0,0,0,0,0
e5f64e3d3b97684a8bc7e69deeb67de8,0,0,0,0,0,0,0,0,0,0,0,0,0,0,0,0,0,0,0,0,0,150,0,0,13,10,26,6,0,18,0,0,0,0,9,6,0,4,0,0,0,0,667,23,0,0,0,0,0,0,760,13,0,0,0,0,0,0,0,0,0,0,0,12,0,0,0,0,0,0,0,0,0,0,0,0,0,0
e6abf7e30e9be514548e9c2289410cb9,0,0,0,0,0,0,0,0,0,8,8,0,0,0,0,0,0,0,0,0,0,0,0,0,115,37,342,147,129,122,63,43,0,0,0,0,0,0,0,0,0,6,0,0,0,0,0,135,323,655,2630,11,41,15,0,0,0,0,0,0,0,0,0,312,47,0,138,0,0,10,0,0,0,0,60,0,0,0
e6f3fb7d31bdd7686398707942491537,40,52,760,77,0,57,22,61,108,22,42,63,44,13,11,0,14,0,0,7,3,52,17,42,31,9,0,36,89,26,157,0,26,0,67,115,0,36,0,134,2604,21,29,27,11,0,96,108,138,182,643,4,22,0,36,57,85,17,0,1111,198,55,342,13,41,386,9,81,241,0,120,327,572,34,157,0,0,752
e8104086057ebd5e7750091566260a02,0,0,0,0,0,0,0,0,0,0,0,0,0,0,0,0,0,0,0,0,0,0,0,0,0,0,51,78,158,113,205,93,889,0,404,1441,0,0,0,0,0,0,0,0,0,0,0,0,0,0,0,0,0,0,0,0,37,62,0,0,0,0,0,0,0,0,0,0,0,0,0,0,0,0,0,0,0,0
e852926963eba0d5fdad3a9f4fe568b6,0,0,0,0,0,0,0,0,24,46,88,17,877,31,0,0,0,0,0,0,0,0,0,0,0,0,0,0,0,0,0,0,0,0,0,0,0,0,0,27,0,0,0,10,0,0,0,0,0,13,0,0,0,0,0,0,0,0,421,0,0,27,0,0,44,140,0,0,0,0,0,0,0,0,35,0,0,0
ea444593948c664d061b7bf45776df49,0,0,0,0,0,0,0,0,0,0,0,0,0,0,5,0,33,0,0,71,17,69,46,139,0,0,0,2,0,2,0,0,0,0,0,0,0,0,0,0,0,151,60,293,108,221,605,0,0,0,214,0,0,0,2,0,0,0,0,0,0,0,0,0,0,0,0,0,0,0,0,0,0,0,0,0,0,0
ecc0925f4392de6c08c6a061329fd378,8,149,0,0,19,0,0,0,0,0,0,0,0,0,0,0,113,111,0,0,6,0,0,18,0,0,0,0,0,0,4,0,0,0,0,0,0,0,0,0,0,0,33,0,0,0,0,0,14,0,0,0,0,0,0,0,0,0,0,0,0,0,0,0,0,0,0,0,0,0,0,0,0,0,0,0,0,0
ecda94593e7d6c88cc53f98bf695da16,0,11,0,0,0,0,0,0,595,191,267,23,9,58,7,0,0,0,3,25,0,0,4,0,1098,1007,4666,734,1065,2071,363,149,1192,72,74,193,0,61,0,0,84,28,14,42,0,56,0,241,512,543,1915,56,139,63,45,24,0,42,8,0,0,0,0,976,188,0,330,43,3,115,226,0,0,0,6,0,0,365
ef75ceb1455f5561224cd50f122108e9,58,0,0,0,0,0,0,0,0,0,0,0,0,0,18,15,0,531,58,0,0,0,0,0,0,0,0,0,0,0,13,0,0,0,0,0,0,0,0,0,0,0,0,0,0,13,21,0,0,0,0,0,0,17,0,0,0,0,0,0,0,0,0,0,0,0,0,0,0,0,0,0,0,0,0,0,0,203
f051e70aa867848fd8e5fd826f7256cc,0,0,0,0,0,0,0,0,0,0,0,0,19,6,0,0,0,0,0,0,0,13,0,0,0,0,0,0,0,0,16,28,115,0,148,397,0,0,0,75,0,0,0,0,0,0,0,0,0,0,47,0,0,0,85,22,70,61,0,0,0,0,0,0,0,0,0,0,0,22,0,0,0,0,0,0,78,394
f1a7fec31a86379af6c0e886ce615217,0,0,0,0,0,0,0,0,0,0,0,0,18,0,0,0,0,0,0,13,0,0,0,0,17,44,0,70,0,170,56,20,95,0,0,61,0,0,0,0,0,0,14,0,0,0,0,31,60,28,267,0,23,26,37,14,8,17,0,0,0,0,0,0,0,0,0,0,0,0,0,0,0,19,6,0,0,303
f1b21f756b44e75b41c8a37408af48f5,0,0,0,0,0,0,0,0,0,0,0,0,0,0,15,0,0,0,0,0,0,0,0,0,13,13,26,73,156,112,0,313,625,0,148,316,0,0,0,0,3,0,0,0,0,0,0,0,0,0,0,0,0,0,0,0,0,0,0,0,0,0,0,0,0,0,0,0,0,0,0,0,0,0,0,0,0,0
f25341d99350562755613772d36a40a0,0,747,78,94,0,24,3,0,0,0,0,0,5,0,63,0,68,50,49,0,0,0,0,0,0,0,0,0,3,0,0,0,0,0,7,0,0,29,0,366,99,0,0,0,0,5,0,0,0,9,0,0,0,0,0,0,0,0,0,1013,0,0,0,0,0,0,0,0,0,0,0,0,0,0,0,0,0,0
f2fd13c8184b9fd3e3b9720be9cca2e6,110,713,0,215,73,0,0,0,0,0,0,0,0,0,0,0,0,0,0,0,0,0,0,0,0,0,0,0,0,0,0,0,0,0,0,0,0,0,0,52,42,0,0,0,0,0,52,0,0,0,0,0,0,0,0,0,0,0,0,0,0,2,95,0,0,0,8,0,0,0,0,104,0,0,0,0,0,0
f39f4c420e993636ee325e7a01eec5c4,0,501,26,41,23,0,0,0,0,0,0,0,0,0,0,0,39,30,0,0,0,0,0,0,0,0,0,0,0,0,0,0,0,0,0,0,15,0,0,29,0,0,0,0,0,0,0,0,0,0,0,0,0,0,0,0,0,0,0,0,0,0,0,0,0,0,0,0,0,0,0,0,0,0,0,0,0,0
f3fe88aa407ee2dc2c7e826f575fdfb4,0,0,0,0,0,0,0,0,66,5,34,3,2,0,0,0,0,0,0,0,4,0,0,40,185,128,531,171,2030,371,321,34,924,0,106,62,5,69,0,0,0,0,3,166,0,3,0,149,456,311,588,6,68,36,11,43,16,3,0,0,0,0,0,242,0,0,78,0,0,169,0,2,0,0,4,146,0,2753
f43ee544958c6f04ee300ed42bd8ab7f,0,0,0,0,0,0,51,143,9,23,31,0,9,0,0,0,0,0,0,0,0,15,0,14,0,0,0,0,4,0,0,0,0,0,0,0,0,0,0,0,0,0,0,0,8,0,11,0,0,8,32,0,0,0,0,0,0,0,0,0,0,0,0,0,0,0,0,0,0,0,0,0,0,0,0,0,0,0
f706a24cd4738a2b24c2671115b26148,0,0,0,0,0,0,0,0,0,0,0,0,0,0,40,0,0,5,0,0,0,0,0,0,0,0,0,42,65,102,0,0,65,0,0,13,0,0,0,0,0,0,0,0,0,0,0,0,0,0,0,0,0,0,0,0,0,0,0,0,0,0,0,0,0,0,0,0,0,0,0,0,1650,0,0,0,0,0
fa0a4fa10b65a1a6f7cb82185fb8d973,0,0,0,0,0,0,0,0,0,0,0,6,7,0,0,0,0,12,0,0,0,0,0,0,6,23,0,7,48,22,0,17,31,0,49,37,0,0,0,0,0,0,0,0,0,0,0,0,82,82,385,4,8,0,74,0,132,17,0,0,0,0,0,0,0,0,0,0,0,0,0,0,0,0,0,0,0,0
fa78b6a254cff46e42889f9436d013dc,0,0,0,0,0,0,0,0,0,0,0,0,0,0,14,0,0,0,0,0,0,0,0,0,0,0,0,87,0,0,0,6,0,1626,0,323,0,0,0,0,0,0,140,0,0,0,0,0,0,0,567,0,0,0,0,0,0,93,0,0,0,0,325,0,0,0,0,0,0,0,0,0,0,0,0,0,0,0
faa089d82d13274e9860ea4eca1b7d44,27,527,20,10,6,98,0,0,0,0,0,0,0,0,0,0,8,0,0,0,0,0,0,0,0,0,0,0,0,0,0,0,0,0,0,0,6,0,0,0,13,0,0,9,0,0,0,0,0,0,15,0,0,0,0,0,0,0,0,0,0,16,0,0,0,0,0,0,0,0,0,0,0,0,0,0,0,0
fb2832a28e377bb3e5702f77807dd28e,13,49,44,32,0,13,18,9,0,0,0,0,12,0,138,0,79,59,34,93,44,486,103,154,17,24,29,17,24,30,0,14,26,0,24,118,83,97,24,1567,171,114,130,458,242,66,461,23,0,87,267,0,10,20,50,0,20,20,7,0,0,0,1469,52,0,0,41,0,306,21,0,0,546,0,0,0,28,0
fb75326ddc4fb977b3b9d5b576072c4d,62,198,453,23,8,120,12,0,11,14,22,9,91,0,0,0,0,0,0,0,0,0,0,7,0,0,4,0,0,0,0,0,0,0,0,0,0,20,7,61,7,0,0,11,14,10,0,4,0,6,51,0,0,5,0,8,0,0,0,0,0,0,0,0,18,0,0,0,0,0,0,0,1097,0,26,0,0,0
fc103118419fa58af686fe80d693fb9e,0,162,983,428,38,6,103,150,0,0,0,36,0,0,0,0,0,0,0,0,0,16,0,0,0,0,0,0,0,0,0,0,0,0,0,0,8,9,0,0,0,11,17,0,8,0,0,0,0,0,0,0,0,0,0,0,0,0,0,0,0,0,0,0,0,0,0,0,0,31,0,0,0,0,0,0,0,0
fd3684453f856dcc4dd937a3544c61fc,0,10,0,34,0,0,0,0,0,0,0,0,0,0,0,0,18,0,0,0,0,0,0,0,0,0,0,0,0,0,0,0,0,0,0,0,0,0,11,1917,0,0,0,0,0,0,0,0,0,0,0,0,0,0,0,0,0,0,0,0,0,62,318,0,0,0,0,0,0,0,0,0,545,0,0,0,0,0
fd49afeea05ea589b5d01bc1387bc139,686,4340,6322,762,303,1461,1097,571,275,359,238,21,446,24,6,0,24,7,0,43,17,48,27,19,22,6,30,18,16,10,112,8,12,196,10,21,58,225,44,428,229,81,211,281,149,107,341,45,23,160,546,6,15,91,0,26,8,5,1003,3228,0,77,446,8,0,896,12,37,57,40,268,902,761,418,141,344,0,2366
fd9887a5036ac9da632d6843d5b3fb70,71,4,0,29,41,0,0,0,0,0,0,0,0,0,139,0,0,0,0,0,0,0,0,0,0,0,0,0,0,0,0,0,0,0,0,0,0,23,0,0,149,0,0,0,0,0,84,0,0,0,0,0,0,0,0,0,0,0,0,0,0,5,2440,0,0,0,0,0,200,0,0,0,0,0,0,0,0,0
fe2ac47fcfb209c2b977b6ba54f1f5fd,0,0,0,0,0,0,0,0,0,0,0,0,0,0,115,0,0,0,0,91,0,182,4,0,0,11,0,0,0,0,4267,8,90,266,9,247,0,0,0,0,48,0,0,0,15,0,281,0,23,184,392,0,9,335,16,0,0,0,0,0,0,0,190,308,0,5,246,99,0,55,0,13,0,228,5,0,0,2041
