SampleID,SampleName,Group,I7_Index_ID,index,I5_Index_ID,index2,Description,Type,Site,replicate,replicate2,Unit,d13C,HIX,BIX,POC,DOC,TDN,TDP,Temp,DO,EC,qpcr
T001,T001,Sample,N701,TAAGGCGA,S503,TATCCTCT,leaf_1,leaf,1,1,1,A,-25.295,3.172,0.763,34.75043784,78.21346884,7.95,0.11615,7.8,10.79,2.33,1560524.121
T002,T002,Sample,N701,TAAGGCGA,S504,AGAGTAGA,leaf_1,leaf,1,1,2,A,-25.295,3.172,0.763,34.75043784,78.21346884,7.95,0.11615,7.8,10.79,2.33,N/A
T003,T003,Sample,N701,TAAGGCGA,S505,GTAAGGAG,leaf_1,leaf,1,1,3,A,-25.295,3.172,0.763,34.75043784,78.21346884,7.95,0.11615,7.8,10.79,2.33,1436817.097
T004,T004,Sample,N701,TAAGGCGA,S506,ACTGCATA,leaf_1,leaf,1,2,1,A,-25.295,3.172,0.763,34.75043784,78.21346884,7.95,0.11615,7.8,10.79,2.33,3478233.213
T005,T005,Sample,N701,TAAGGCGA,S507,AAGGAGTA,leaf_1,leaf,1,2,2,A,-25.295,3.172,0.763,34.75043784,78.21346884,7.95,0.11615,7.8,10.79,2.33,241397.0574
T006,T006,Sample,N701,TAAGGCGA,S508,CTAAGCCT,leaf_1,leaf,1,2,3,A,-25.295,3.172,0.763,34.75043784,78.21346884,7.95,0.11615,7.8,10.79,2.33,2834046.025
T007,T007,Sample,N701,TAAGGCGA,S510,CGTCTAAT,leaf_2,leaf,2,1,1,A,-26.025,4.41,0.671,92.19381952,281.826078,11.3465,0.20615,10.5,11.1,5.43,1946869.086
T012,T012,Sample,N702,CGTACTAG,S507,AAGGAGTA,leaf_2,leaf,2,2,3,A,-26.025,4.41,0.671,92.19381952,281.826078,11.3465,0.20615,10.5,11.1,5.43,984573.1464
T013,T013,Sample,N702,CGTACTAG,S508,CTAAGCCT,leaf_3,leaf,3,1,1,A,NA,2.893,0.727,52.61356266,155.1982943,10.8815,0.12125,14.1,10.05,6.65,1610161.942
T016,T016,Sample,N703,AGGCAGAA,S503,TATCCTCT,leaf_3,leaf,3,2,1,A,NA,2.893,0.727,52.61356266,155.1982943,10.8815,0.12125,14.1,10.05,6.65,2619176.677
T018,T018,Sample,N703,AGGCAGAA,S506,ACTGCATA,leaf_3,leaf,3,2,3,A,NA,2.893,0.727,52.61356266,155.1982943,10.8815,0.12125,14.1,10.05,6.65,3648768.523
T019,T019,Sample,N703,AGGCAGAA,S507,AAGGAGTA,leaf_4,leaf,4,1,1,A,-24.785,2.829,0.8,54.63525529,152.162908,25.4175,0.13755,12.8,9.91,13.73,850787.1295
T023,T023,Sample,N704,TCCTGAGC,S503,TATCCTCT,leaf_4,leaf,4,2,2,A,-24.785,2.829,0.8,54.63525529,152.162908,25.4175,0.13755,12.8,9.91,13.73,2379559.613
T024,T024,Sample,N704,TCCTGAGC,S504,AGAGTAGA,leaf_4,leaf,4,2,3,A,-24.785,2.829,0.8,54.63525529,152.162908,25.4175,0.13755,12.8,9.91,13.73,1845572.493
T025,T025,Sample,N704,TCCTGAGC,S506,ACTGCATA,tile_l_1,tile_l,1,1,1,A,-25.295,3.172,0.763,34.75043784,78.21346884,7.95,0.11615,7.8,10.79,2.33,154657.1742
T027,T027,Sample,N704,TCCTGAGC,S508,CTAAGCCT,tile_l_1,tile_l,1,1,3,A,-25.295,3.172,0.763,34.75043784,78.21346884,7.95,0.11615,7.8,10.79,2.33,25693.90988
T028,T028,Sample,N704,TCCTGAGC,S510,CGTCTAAT,tile_l_1,tile_l,1,2,1,A,-25.295,3.172,0.763,34.75043784,78.21346884,7.95,0.11615,7.8,10.79,2.33,11745.83187
T029,T029,Sample,N705,GGACTCCT,S502,CTCTCTAT,tile_l_1,tile_l,1,2,2,A,-25.295,3.172,0.763,34.75043784,78.21346884,7.95,0.11615,7.8,10.79,2.33,29087.47764
T030,T030,Sample,N705,GGACTCCT,S503,TATCCTCT,tile_l_1,tile_l,1,2,3,A,-25.295,3.172,0.763,34.75043784,78.21346884,7.95,0.11615,7.8,10.79,2.33,453833.5132
T031,T031,Sample,N705,GGACTCCT,S504,AGAGTAGA,tile_l_2,tile_l,2,1,1,A,-26.025,4.41,0.671,92.19381952,281.826078,11.3465,0.20615,10.5,11.1,5.43,17367.10225
T032,T032,Sample,N705,GGACTCCT,S505,GTAAGGAG,tile_l_2,tile_l,2,1,2,A,-26.025,4.41,0.671,92.19381952,281.826078,11.3465,0.20615,10.5,11.1,5.43,27792.4921
T033,T033,Sample,N705,GGACTCCT,S507,AAGGAGTA,tile_l_2,tile_l,2,1,3,A,-26.025,4.41,0.671,92.19381952,281.826078,11.3465,0.20615,10.5,11.1,5.43,50263.15749
T034,T034,Sample,N705,GGACTCCT,S508,CTAAGCCT,tile_l_2,tile_l,2,2,1,A,-26.025,4.41,0.671,92.19381952,281.826078,11.3465,0.20615,10.5,11.1,5.43,41653.46573
T035,T035,Sample,N705,GGACTCCT,S510,CGTCTAAT,tile_l_2,tile_l,2,2,2,A,-26.025,4.41,0.671,92.19381952,281.826078,11.3465,0.20615,10.5,11.1,5.43,48299.85667
T037,T037,Sample,N706,TAGGCATG,S503,TATCCTCT,tile_l_3,tile_l,3,1,1,A,NA,2.893,0.727,52.61356266,155.1982943,10.8815,0.12125,14.1,10.05,6.65,1435807.797
T038,T038,Sample,N706,TAGGCATG,S504,AGAGTAGA,tile_l_3,tile_l,3,1,2,A,NA,2.893,0.727,52.61356266,155.1982943,10.8815,0.12125,14.1,10.05,6.65,469864.1692
T039,T039,Sample,N706,TAGGCATG,S505,GTAAGGAG,tile_l_3,tile_l,3,1,3,A,NA,2.893,0.727,52.61356266,155.1982943,10.8815,0.12125,14.1,10.05,6.65,87469.48607
T040,T040,Sample,N706,TAGGCATG,S506,ACTGCATA,tile_l_3,tile_l,3,2,1,A,NA,2.893,0.727,52.61356266,155.1982943,10.8815,0.12125,14.1,10.05,6.65,3270676.438
T041,T041,Sample,N706,TAGGCATG,S508,CTAAGCCT,tile_l_3,tile_l,3,2,2,A,NA,2.893,0.727,52.61356266,155.1982943,10.8815,0.12125,14.1,10.05,6.65,6371751.719
T042,T042,Sample,N706,TAGGCATG,S510,CGTCTAAT,tile_l_3,tile_l,3,2,3,A,NA,2.893,0.727,52.61356266,155.1982943,10.8815,0.12125,14.1,10.05,6.65,2883221.269
T043,T043,Sample,N707,GTAGAGAG,S502,CTCTCTAT,tile_l_4,tile_l,4,1,1,A,-24.785,2.829,0.8,54.63525529,152.162908,25.4175,0.13755,12.8,9.91,13.73,11518.64898
T044,T044,Sample,N707,GTAGAGAG,S503,TATCCTCT,tile_l_4,tile_l,4,1,2,A,-24.785,2.829,0.8,54.63525529,152.162908,25.4175,0.13755,12.8,9.91,13.73,1065348.752
T045,T045,Sample,N707,GTAGAGAG,S504,AGAGTAGA,tile_l_4,tile_l,4,1,3,A,-24.785,2.829,0.8,54.63525529,152.162908,25.4175,0.13755,12.8,9.91,13.73,4289364.949
T046,T046,Sample,N707,GTAGAGAG,S505,GTAAGGAG,tile_l_4,tile_l,4,2,1,A,-24.785,2.829,0.8,54.63525529,152.162908,25.4175,0.13755,12.8,9.91,13.73,3341.447616
T047,T047,Sample,N707,GTAGAGAG,S506,ACTGCATA,tile_l_4,tile_l,4,2,2,A,-24.785,2.829,0.8,54.63525529,152.162908,25.4175,0.13755,12.8,9.91,13.73,3012365.761
T048,T048,Sample,N707,GTAGAGAG,S507,AAGGAGTA,tile_l_4,tile_l,4,2,3,A,-24.785,2.829,0.8,54.63525529,152.162908,25.4175,0.13755,12.8,9.91,13.73,8443192.886
T049,T049,Sample,N707,GTAGAGAG,S510,CGTCTAAT,tile_d_1,tile_d,1,1,1,A,-25.295,3.172,0.763,34.75043784,78.21346884,7.95,0.11615,7.8,10.79,2.33,30132.42114
T050,T050,Sample,N710,CAGCCTCG,S502,CTCTCTAT,tile_d_1,tile_d,1,1,2,A,-25.295,3.172,0.763,34.75043784,78.21346884,7.95,0.11615,7.8,10.79,2.33,8080.399915
T051,T051,Sample,N710,CAGCCTCG,S503,TATCCTCT,tile_d_1,tile_d,1,1,3,A,-25.295,3.172,0.763,34.75043784,78.21346884,7.95,0.11615,7.8,10.79,2.33,1983.415122
T053,T053,Sample,N710,CAGCCTCG,S505,GTAAGGAG,tile_d_1,tile_d,1,2,2,A,-25.295,3.172,0.763,34.75043784,78.21346884,7.95,0.11615,7.8,10.79,2.33,7496.614951
T054,T054,Sample,N710,CAGCCTCG,S506,ACTGCATA,tile_d_1,tile_d,1,2,3,A,-25.295,3.172,0.763,34.75043784,78.21346884,7.95,0.11615,7.8,10.79,2.33,16193.11698
T055,T055,Sample,N710,CAGCCTCG,S507,AAGGAGTA,tile_d_2,tile_d,2,1,1,A,-26.025,4.41,0.671,92.19381952,281.826078,11.3465,0.20615,10.5,11.1,5.43,7363.697292
T056,T056,Sample,N710,CAGCCTCG,S508,CTAAGCCT,tile_d_2,tile_d,2,1,2,A,-26.025,4.41,0.671,92.19381952,281.826078,11.3465,0.20615,10.5,11.1,5.43,4314.438002
T057,T057,Sample,N711,TGCCTCTT,S503,TATCCTCT,tile_d_2,tile_d,2,1,3,A,-26.025,4.41,0.671,92.19381952,281.826078,11.3465,0.20615,10.5,11.1,5.43,255675.809
T058,T058,Sample,N711,TGCCTCTT,S504,AGAGTAGA,tile_d_2,tile_d,2,2,1,A,-26.025,4.41,0.671,92.19381952,281.826078,11.3465,0.20615,10.5,11.1,5.43,39967.52032
T059,T059,Sample,N711,TGCCTCTT,S505,GTAAGGAG,tile_d_2,tile_d,2,2,2,A,-26.025,4.41,0.671,92.19381952,281.826078,11.3465,0.20615,10.5,11.1,5.43,7849.492775
T060,T060,Sample,N711,TGCCTCTT,S506,ACTGCATA,tile_d_2,tile_d,2,2,3,A,-26.025,4.41,0.671,92.19381952,281.826078,11.3465,0.20615,10.5,11.1,5.43,6104.363534
T061,T061,Sample,N711,TGCCTCTT,S507,AAGGAGTA,tile_d_3,tile_d,3,1,1,A,NA,2.893,0.727,52.61356266,155.1982943,10.8815,0.12125,14.1,10.05,6.65,29018.15288
T062,T062,Sample,N711,TGCCTCTT,S508,CTAAGCCT,tile_d_3,tile_d,3,1,2,A,NA,2.893,0.727,52.61356266,155.1982943,10.8815,0.12125,14.1,10.05,6.65,42298.27513
T063,T063,Sample,N711,TGCCTCTT,S510,CGTCTAAT,tile_d_3,tile_d,3,1,3,A,NA,2.893,0.727,52.61356266,155.1982943,10.8815,0.12125,14.1,10.05,6.65,14686.14078
T064,T064,Sample,N712,TCCTCTAC,S502,CTCTCTAT,tile_d_3,tile_d,3,2,1,A,NA,2.893,0.727,52.61356266,155.1982943,10.8815,0.12125,14.1,10.05,6.65,21284.33646
T065,T065,Sample,N712,TCCTCTAC,S504,AGAGTAGA,tile_d_3,tile_d,3,2,2,A,NA,2.893,0.727,52.61356266,155.1982943,10.8815,0.12125,14.1,10.05,6.65,26039.81537
T066,T066,Sample,N712,TCCTCTAC,S505,GTAAGGAG,tile_d_3,tile_d,3,2,3,A,NA,2.893,0.727,52.61356266,155.1982943,10.8815,0.12125,14.1,10.05,6.65,56144.98827
T067,T067,Sample,N712,TCCTCTAC,S506,ACTGCATA,tile_d_4,tile_d,4,1,1,A,-24.785,2.829,0.8,54.63525529,152.162908,25.4175,0.13755,12.8,9.91,13.73,11716.83394
T069,T069,Sample,N712,TCCTCTAC,S508,CTAAGCCT,tile_d_4,tile_d,4,1,3,A,-24.785,2.829,0.8,54.63525529,152.162908,25.4175,0.13755,12.8,9.91,13.73,115347.9624
T070,T070,Sample,N712,TCCTCTAC,S510,CGTCTAAT,tile_d_4,tile_d,4,2,1,A,-24.785,2.829,0.8,54.63525529,152.162908,25.4175,0.13755,12.8,9.91,13.73,6154.741556
T071,T071,Sample,N714,TCATGAGC,S502,CTCTCTAT,tile_d_4,tile_d,4,2,2,A,-24.785,2.829,0.8,54.63525529,152.162908,25.4175,0.13755,12.8,9.91,13.73,7732.771702
T072,T072,Sample,N714,TCATGAGC,S503,TATCCTCT,tile_d_4,tile_d,4,2,3,A,-24.785,2.829,0.8,54.63525529,152.162908,25.4175,0.13755,12.8,9.91,13.73,120373.0314
T073,T073,Sample,N714,TCATGAGC,S505,GTAAGGAG,sediment_5_1,sediment_5,1,1,1,B,NA,NA,NA,NA,NA,NA,NA,7.8,10.79,2.33,13943.4599
T074,T074,Sample,N714,TCATGAGC,S506,ACTGCATA,sediment_5_1,sediment_5,1,1,2,B,NA,NA,NA,NA,NA,NA,NA,7.8,10.79,2.33,11642.27211
T075,T075,Sample,N714,TCATGAGC,S507,AAGGAGTA,sediment_5_1,sediment_5,1,1,3,B,NA,NA,NA,NA,NA,NA,NA,7.8,10.79,2.33,33978.10843
T076,T076,Sample,N714,TCATGAGC,S508,CTAAGCCT,sediment_5_1,sediment_5,1,2,1,B,NA,NA,NA,NA,NA,NA,NA,7.8,10.79,2.33,1545331.517
T077,T077,Sample,N714,TCATGAGC,S510,CGTCTAAT,sediment_5_1,sediment_5,1,2,2,B,NA,NA,NA,NA,NA,NA,NA,7.8,10.79,2.33,312708.4017
T078,T078,Sample,N715,CCTGAGAT,S502,CTCTCTAT,sediment_5_3,sediment_5,3,1,1,B,-25.1,2.8,0.76,67.4389509,192.6538257,14.7225,0.13875,14.1,10.05,6.65,881401.6862
T080,T080,Sample,N715,CCTGAGAT,S504,AGAGTAGA,sediment_5_3,sediment_5,3,1,3,B,-25.1,2.8,0.76,67.4389509,192.6538257,14.7225,0.13875,14.1,10.05,6.65,47525.24182
T081,T081,Sample,N715,CCTGAGAT,S506,ACTGCATA,sediment_5_3,sediment_5,3,2,1,B,-25.1,2.8,0.76,67.4389509,192.6538257,14.7225,0.13875,14.1,10.05,6.65,21057.88051
T082,T082,Sample,N715,CCTGAGAT,S507,AAGGAGTA,sediment_5_3,sediment_5,3,2,2,B,-25.1,2.8,0.76,67.4389509,192.6538257,14.7225,0.13875,14.1,10.05,6.65,596647.2792
T084,T084,Sample,N715,CCTGAGAT,S510,CGTCTAAT,sediment_5_4,sediment_5,4,1,1,B,-25.515,2.525,0.77,80.75967229,1007.906077,35.0125,0.23125,12.8,9.91,13.73,55520.59164
T085,T085,Sample,N701,TAAGGCGA,S517,GCGTAAGA,sediment_5_4,sediment_5,4,1,2,B,-25.515,2.525,0.77,80.75967229,1007.906077,35.0125,0.23125,12.8,9.91,13.73,25135.53526
T086,T086,Sample,N701,TAAGGCGA,S513,TCGACTAG,sediment_5_4,sediment_5,4,1,3,B,-25.515,2.525,0.77,80.75967229,1007.906077,35.0125,0.23125,12.8,9.91,13.73,315325.3094
T087,T087,Sample,N701,TAAGGCGA,S515,TTCTAGCT,sediment_5_4,sediment_5,4,2,1,B,-25.515,2.525,0.77,80.75967229,1007.906077,35.0125,0.23125,12.8,9.91,13.73,127356.0901
T089,T089,Sample,N707,GTAGAGAG,S517,GCGTAAGA,sediment_5_4,sediment_5,4,2,3,B,-25.515,2.525,0.77,80.75967229,1007.906077,35.0125,0.23125,12.8,9.91,13.73,5093.787769
T090,T090,Sample,N707,GTAGAGAG,S513,TCGACTAG,sediment_20_1,sediment_20,1,1,1,C,-24.9,3.215,0.78,48.07160836,146.2835414,13.6025,0.1225,7.8,10.79,2.33,5033.622094
T094,T094,Sample,N702,CGTACTAG,S515,TTCTAGCT,sediment_20_1,sediment_20,1,2,2,C,-24.9,3.215,0.78,48.07160836,146.2835414,13.6025,0.1225,7.8,10.79,2.33,1077.283945
T096,T096,Sample,N710,CAGCCTCG,S517,GCGTAAGA,sediment_20_3,sediment_20,3,1,1,C,-26.405,2.71,0.82,61.03862187,209.265503,12.7425,0.12375,14.1,10.05,6.65,5078.510347
T102,T102,Sample,N711,TGCCTCTT,S511,TCTCTCCG,sediment_20_4,sediment_20,4,1,1,C,-25.415,2.55,0.795,79.32942345,3840.019223,33.3925,0.19175,12.8,9.91,13.73,31567.26642
T103,T103,Sample,N711,TGCCTCTT,S517,GCGTAAGA,sediment_20_4,sediment_20,4,1,2,C,-25.415,2.55,0.795,79.32942345,3840.019223,33.3925,0.19175,12.8,9.91,13.73,133011.3147
T105,T105,Sample,N711,TGCCTCTT,S515,TTCTAGCT,sediment_20_4,sediment_20,4,2,1,C,-25.415,2.55,0.795,79.32942345,3840.019223,33.3925,0.19175,12.8,9.91,13.73,164117.2226